CustomerID,Age,Gender,Annual_Income,Num_Website_Visits,Time_Spent_Minutes,Pages_Viewed,Items_Viewed,Cart_Additions,Previous_Purchases,Days_Since_Last_Visit,Discount_Sensitive,Device_Type,Browser,Season,Is_Weekend,Customer_Satisfaction,Purchase,Purchase_Amount
1,56,Male,82461,15,56,39,23,9,5,212,0,Mobile,Edge,Spring,0,3,1,351
2,46,Male,22665,15,51,35,28,13,1,349,1,Tablet,Chrome,Summer,1,1,0,0
3,32,Female,47025,11,101,41,8,14,0,48,1,Tablet,Safari,Summer,1,2,1,253
4,60,Female,43533,2,63,48,23,2,4,289,0,Tablet,Firefox,Summer,1,1,1,69
5,25,Female,65897,3,51,14,11,7,0,185,0,Mobile,Edge,Spring,0,3,1,178
6,38,Female,140486,19,60,32,20,11,3,103,0,Desktop,Firefox,Fall,0,2,0,0
7,56,Male,97661,15,117,7,13,13,7,224,0,Desktop,Edge,Fall,1,1,1,442
8,36,Female,140473,16,17,44,12,13,1,281,0,Desktop,Edge,Spring,0,4,0,0
9,40,Male,145766,1,48,33,7,4,5,300,1,Tablet,Safari,Fall,0,1,0,0
10,28,Male,40998,15,39,48,21,1,9,91,0,Tablet,Chrome,Summer,0,4,1,440
11,28,Female,138980,12,119,35,12,9,4,111,0,Desktop,Chrome,Fall,0,5,0,0
12,41,Male,81248,7,33,27,10,13,0,322,0,Mobile,Edge,Fall,0,3,0,0
13,53,Male,124493,7,60,1,7,2,7,128,0,Tablet,Firefox,Fall,0,4,0,0
14,57,Male,43057,11,9,6,19,6,4,251,1,Mobile,Firefox,Spring,0,3,0,0
15,41,Male,99244,11,71,2,26,9,8,196,0,Mobile,Safari,Summer,0,5,1,102
16,20,Female,103608,17,57,7,27,8,1,153,0,Tablet,Chrome,Spring,1,1,1,254
17,39,Female,90631,3,105,8,7,0,5,279,1,Desktop,Firefox,Summer,0,1,1,174
18,19,Male,117031,16,64,45,23,11,6,356,0,Mobile,Chrome,Winter,0,4,0,0
19,41,Female,132713,5,109,29,18,5,0,343,1,Desktop,Safari,Fall,0,5,0,0
20,61,Male,125887,2,10,16,24,10,9,120,1,Tablet,Edge,Spring,0,1,0,0
21,47,Female,142512,7,52,29,23,13,3,284,0,Mobile,Firefox,Fall,0,2,0,0
22,55,Female,87173,10,110,31,25,8,1,264,0,Tablet,Safari,Winter,0,5,1,221
23,19,Female,100206,5,84,22,12,6,6,225,1,Tablet,Chrome,Summer,0,2,0,0
24,38,Female,58734,15,39,10,4,2,2,254,0,Mobile,Chrome,Winter,0,2,0,0
25,50,Female,82072,12,22,4,25,6,8,157,0,Mobile,Edge,Spring,1,5,0,0
26,29,Male,84175,10,15,25,1,11,7,184,1,Desktop,Edge,Fall,0,1,0,0
27,39,Female,122974,17,55,13,5,1,9,15,0,Mobile,Firefox,Winter,1,5,1,355
28,61,Male,83783,11,27,17,10,9,6,293,0,Tablet,Firefox,Summer,0,1,0,0
29,42,Male,114194,8,51,40,7,1,7,363,1,Desktop,Safari,Winter,0,3,1,389
30,44,Female,90739,15,79,8,20,0,0,120,1,Tablet,Firefox,Fall,0,2,0,0
31,59,Male,107054,2,63,23,29,14,9,341,1,Desktop,Edge,Summer,1,4,1,485
32,45,Female,71042,17,61,7,7,2,5,248,0,Tablet,Chrome,Summer,0,5,0,0
33,33,Male,72357,6,97,32,28,0,6,118,1,Desktop,Edge,Fall,1,4,0,0
34,32,Male,28669,13,60,24,25,7,6,92,0,Mobile,Firefox,Winter,0,3,1,263
35,64,Female,133272,8,110,1,13,12,8,36,0,Tablet,Chrome,Summer,1,3,0,0
36,61,Female,87902,11,31,47,14,10,6,336,0,Tablet,Edge,Fall,0,2,1,42
37,20,Female,142247,15,77,47,5,7,6,12,0,Desktop,Firefox,Summer,0,4,1,100
38,54,Female,38910,13,39,36,21,3,5,28,1,Mobile,Edge,Spring,1,3,0,0
39,24,Male,76959,18,59,27,2,14,2,289,0,Mobile,Edge,Summer,0,2,0,0
40,38,Female,116623,18,13,6,14,0,5,75,0,Desktop,Edge,Winter,1,5,0,0
41,26,Male,20366,17,22,42,21,1,8,79,0,Mobile,Edge,Summer,0,5,0,0
42,56,Male,68415,13,48,31,8,1,9,211,0,Mobile,Edge,Spring,0,4,0,0
43,35,Male,144716,3,25,12,20,1,2,183,1,Desktop,Edge,Summer,0,2,0,0
44,21,Male,141209,7,60,26,2,8,2,79,1,Tablet,Edge,Summer,1,2,1,48
45,42,Male,29907,12,52,25,8,6,6,201,1,Desktop,Edge,Fall,0,2,0,0
46,31,Male,124910,4,104,4,20,8,6,205,1,Desktop,Safari,Fall,0,1,1,356
47,26,Female,115825,11,5,6,29,9,4,306,0,Desktop,Edge,Summer,0,3,0,0
48,43,Male,52780,14,31,46,5,9,7,29,1,Mobile,Edge,Fall,1,2,1,402
49,19,Male,77879,18,49,13,12,1,7,314,0,Tablet,Safari,Fall,0,1,0,0
50,37,Male,105159,7,67,25,7,4,1,282,1,Mobile,Chrome,Fall,0,1,1,487
51,45,Female,55085,5,62,31,27,0,5,23,1,Mobile,Safari,Summer,1,5,1,232
52,64,Female,85499,16,44,22,21,1,4,17,0,Mobile,Firefox,Spring,1,3,0,0
53,24,Male,40426,11,67,35,13,3,3,133,0,Tablet,Chrome,Summer,0,5,1,365
54,61,Female,68197,3,42,21,15,9,6,59,0,Desktop,Firefox,Summer,0,3,0,0
55,25,Male,27485,16,33,15,10,14,3,144,1,Desktop,Chrome,Fall,0,5,0,0
56,64,Female,69527,11,44,3,4,0,4,103,0,Tablet,Edge,Summer,1,1,0,0
57,52,Male,84600,10,23,37,16,11,7,94,1,Desktop,Chrome,Winter,0,2,0,0
58,31,Female,144604,2,92,45,7,7,4,261,0,Tablet,Edge,Summer,0,2,1,274
59,34,Female,118560,16,60,26,13,14,8,282,1,Mobile,Chrome,Fall,0,3,1,143
60,53,Female,145144,17,48,47,4,5,9,171,0,Desktop,Edge,Spring,1,2,1,297
61,57,Male,135137,10,69,17,26,13,1,126,1,Tablet,Safari,Summer,0,5,1,168
62,21,Male,111005,18,104,38,12,13,1,86,0,Tablet,Safari,Spring,0,5,1,252
63,19,Male,101439,12,91,35,20,14,8,186,0,Tablet,Safari,Winter,0,4,0,0
64,23,Female,88748,8,17,41,2,0,1,109,0,Tablet,Chrome,Spring,1,4,0,0
65,59,Female,78528,3,34,8,5,8,2,2,0,Desktop,Edge,Summer,1,2,0,0
66,21,Male,124479,3,53,11,8,14,5,44,1,Mobile,Edge,Spring,1,3,0,0
67,46,Female,140631,6,119,24,4,0,3,204,1,Desktop,Edge,Fall,0,1,1,488
68,35,Male,47799,2,119,43,27,10,7,106,0,Desktop,Safari,Fall,0,5,1,219
69,43,Male,142714,3,105,8,29,14,7,219,0,Tablet,Safari,Winter,0,4,0,0
70,61,Male,66339,17,79,30,2,3,1,109,1,Mobile,Chrome,Fall,1,3,0,0
71,51,Male,36087,9,67,1,25,4,1,44,1,Tablet,Safari,Summer,0,1,1,58
72,27,Female,27446,4,75,34,6,12,2,217,0,Desktop,Chrome,Winter,0,1,0,0
73,53,Female,70460,2,39,20,3,10,1,305,1,Mobile,Safari,Summer,0,3,0,0
74,31,Female,114817,9,15,36,29,8,4,91,0,Desktop,Chrome,Winter,0,1,1,374
75,48,Male,78260,14,53,34,14,12,0,81,0,Mobile,Chrome,Fall,0,4,0,0
76,32,Female,34877,11,111,34,10,11,6,185,0,Mobile,Chrome,Fall,0,2,1,95
77,25,Male,148601,2,115,13,11,14,7,134,1,Tablet,Safari,Summer,0,5,1,167
78,31,Male,44723,2,119,6,5,1,3,338,1,Tablet,Chrome,Winter,0,4,1,115
79,40,Male,32943,5,44,36,22,14,6,299,1,Tablet,Chrome,Fall,1,4,1,218
80,57,Male,30306,7,116,25,16,11,8,44,0,Desktop,Firefox,Fall,0,5,1,137
81,38,Male,56784,4,25,27,9,8,6,66,0,Mobile,Firefox,Winter,0,2,1,25
82,33,Male,138628,14,51,47,21,11,1,301,0,Tablet,Chrome,Spring,0,2,0,0
83,62,Female,141401,2,7,31,16,13,1,19,1,Tablet,Chrome,Spring,0,1,0,0
84,35,Female,40455,12,34,3,9,0,9,243,0,Tablet,Safari,Fall,0,1,0,0
85,64,Female,110027,10,92,28,17,3,9,248,0,Tablet,Edge,Summer,0,1,1,448
86,41,Female,91448,1,106,4,12,10,9,4,1,Mobile,Safari,Summer,0,4,1,70
87,43,Male,49974,19,71,17,15,6,5,97,1,Mobile,Chrome,Winter,0,1,0,0
88,42,Male,47371,16,66,38,10,3,7,354,0,Desktop,Safari,Spring,0,2,0,0
89,62,Female,118746,15,41,34,4,7,9,96,0,Tablet,Safari,Summer,0,3,0,0
90,58,Female,121248,14,101,20,17,6,9,210,0,Mobile,Chrome,Spring,0,4,1,76
91,46,Female,23936,9,26,13,18,5,2,236,0,Mobile,Safari,Fall,0,4,0,0
92,32,Female,53166,15,35,47,18,4,0,137,0,Desktop,Edge,Summer,1,3,0,0
93,62,Female,45727,7,50,5,10,9,0,357,0,Tablet,Firefox,Spring,0,4,0,0
94,18,Female,134000,4,80,24,11,2,1,48,1,Desktop,Edge,Summer,0,3,0,0
95,42,Female,83969,18,49,38,21,7,9,164,0,Tablet,Safari,Spring,0,4,1,36
96,24,Female,48368,8,18,17,1,3,5,195,0,Mobile,Safari,Winter,0,3,0,0
97,26,Male,88531,12,16,31,10,7,1,274,0,Mobile,Edge,Summer,0,3,1,459
98,41,Male,59097,15,67,28,3,0,5,296,0,Tablet,Chrome,Spring,0,2,0,0
99,18,Male,54984,15,95,1,27,10,0,321,0,Tablet,Safari,Winter,0,3,0,0
100,61,Male,70859,17,81,2,6,12,8,181,0,Mobile,Edge,Summer,0,3,0,0
101,25,Female,64291,2,92,33,17,1,6,114,0,Mobile,Firefox,Spring,0,5,1,108
102,41,Male,85228,12,42,40,12,13,0,309,1,Mobile,Chrome,Summer,0,4,1,294
103,28,Female,112099,3,51,29,11,1,8,62,0,Desktop,Firefox,Summer,0,4,0,0
104,34,Male,42150,7,58,4,17,11,8,126,0,Desktop,Safari,Winter,0,1,1,464
105,25,Female,42061,6,59,18,3,5,9,163,0,Desktop,Edge,Summer,0,3,1,349
106,52,Female,49178,14,52,24,9,4,5,185,0,Desktop,Chrome,Spring,0,3,0,0
107,52,Male,120872,5,77,32,18,12,1,317,0,Tablet,Chrome,Summer,0,4,0,0
108,50,Male,76790,4,76,9,28,9,1,140,1,Tablet,Chrome,Summer,0,1,1,395
109,22,Female,85696,15,105,47,6,9,7,243,0,Mobile,Firefox,Winter,0,2,1,391
110,59,Female,35648,7,19,16,3,12,8,49,0,Tablet,Chrome,Winter,1,3,1,443
111,56,Female,81779,3,75,21,6,6,3,150,0,Tablet,Edge,Spring,0,5,0,0
112,58,Male,126371,13,92,30,11,1,1,90,0,Tablet,Safari,Fall,1,4,1,26
113,45,Male,56672,10,117,3,11,8,4,324,0,Desktop,Edge,Winter,0,1,1,489
114,24,Female,89109,2,20,33,7,1,6,327,0,Tablet,Chrome,Winter,0,3,0,0
115,26,Male,80521,12,92,31,13,0,3,351,0,Tablet,Chrome,Spring,0,1,0,0
116,25,Female,54593,12,47,45,13,13,8,278,0,Mobile,Edge,Fall,0,5,1,497
117,29,Male,33786,19,11,14,7,1,3,359,0,Desktop,Safari,Summer,0,1,0,0
118,51,Male,114036,19,47,6,14,10,7,296,1,Mobile,Edge,Summer,1,4,1,114
119,50,Male,29815,3,32,5,2,2,2,147,1,Mobile,Chrome,Summer,1,2,0,0
120,40,Male,41966,6,70,29,3,14,5,53,1,Desktop,Chrome,Spring,0,2,1,193
121,41,Male,33794,2,102,37,4,14,5,286,1,Desktop,Firefox,Spring,0,2,1,392
122,54,Female,51423,13,64,36,8,13,2,154,1,Desktop,Safari,Spring,1,1,1,156
123,52,Female,119480,9,106,21,21,5,1,150,0,Mobile,Safari,Winter,0,3,0,0
124,61,Male,41302,13,7,12,1,6,5,61,0,Mobile,Chrome,Spring,0,3,0,0
125,57,Female,81064,14,5,46,9,10,6,73,0,Desktop,Firefox,Fall,1,3,0,0
126,39,Female,106800,19,35,23,17,5,6,302,1,Mobile,Firefox,Winter,1,5,1,147
127,44,Male,105140,11,60,14,18,0,9,58,0,Tablet,Firefox,Summer,0,3,1,189
128,52,Female,47835,14,91,43,7,14,0,29,1,Mobile,Firefox,Winter,0,4,1,296
129,18,Male,93356,16,88,42,27,8,5,224,1,Desktop,Edge,Winter,0,1,1,80
130,52,Female,69282,10,84,10,3,11,8,53,0,Mobile,Firefox,Winter,0,4,1,251
131,54,Female,148451,16,50,27,22,7,8,159,0,Mobile,Safari,Spring,1,2,0,0
132,64,Female,141347,2,36,41,16,11,1,288,0,Desktop,Edge,Fall,0,4,0,0
133,31,Female,72714,16,85,2,8,1,3,9,0,Tablet,Chrome,Spring,0,4,1,432
134,20,Female,87035,14,22,14,5,0,5,37,1,Desktop,Safari,Summer,0,4,0,0
135,18,Female,43814,18,72,7,17,6,3,264,0,Mobile,Edge,Winter,0,5,0,0
136,22,Female,44089,6,39,17,26,2,8,68,1,Tablet,Safari,Winter,0,1,1,118
137,43,Male,93162,7,108,20,28,2,1,308,1,Tablet,Edge,Winter,0,3,1,445
138,31,Male,75831,13,104,8,19,14,9,302,0,Mobile,Safari,Fall,0,4,1,197
139,56,Male,52746,2,27,20,27,10,5,273,1,Desktop,Firefox,Winter,0,2,1,307
140,44,Male,101673,15,83,36,18,9,0,21,0,Tablet,Firefox,Spring,0,1,0,0
141,26,Female,71940,17,17,5,22,8,8,48,1,Desktop,Safari,Fall,0,1,1,125
142,32,Female,106796,13,82,13,5,13,0,265,1,Mobile,Safari,Fall,0,4,1,372
143,32,Female,56476,7,18,39,7,1,7,252,1,Desktop,Chrome,Winter,1,1,0,0
144,43,Male,46283,1,41,38,18,13,8,5,0,Desktop,Firefox,Fall,1,1,1,292
145,59,Male,21769,3,9,17,13,12,0,6,1,Desktop,Chrome,Spring,0,1,0,0
146,30,Male,62278,18,26,6,22,4,0,230,1,Tablet,Chrome,Summer,1,1,1,178
147,49,Female,66994,7,32,19,11,3,9,46,1,Mobile,Firefox,Summer,0,2,1,486
148,56,Male,82898,17,113,25,5,13,6,97,0,Tablet,Chrome,Fall,0,2,0,0
149,49,Female,35634,12,8,3,22,0,9,112,1,Tablet,Firefox,Spring,0,2,0,0
150,21,Male,125035,16,54,41,15,5,4,207,1,Mobile,Chrome,Fall,0,3,1,249
151,47,Female,146259,10,106,28,21,5,2,357,1,Tablet,Edge,Spring,1,2,0,0
152,54,Male,30965,16,33,26,7,10,8,131,0,Tablet,Chrome,Winter,0,3,1,45
153,40,Female,47566,18,41,47,5,0,1,159,0,Desktop,Edge,Winter,1,4,0,0
154,56,Male,72196,15,39,8,29,6,5,103,1,Tablet,Firefox,Winter,0,1,0,0
155,62,Male,118679,11,24,15,7,5,3,135,0,Mobile,Safari,Winter,0,2,0,0
156,32,Female,68285,18,39,1,17,13,4,16,1,Mobile,Edge,Summer,0,4,1,229
157,60,Female,75499,6,103,40,9,13,1,92,0,Tablet,Safari,Winter,0,1,1,161
158,46,Male,39420,1,88,23,6,3,0,227,1,Tablet,Safari,Winter,1,4,0,0
159,53,Female,45236,7,6,36,9,6,8,143,1,Desktop,Safari,Spring,0,5,0,0
160,30,Male,26218,12,62,42,17,2,2,263,0,Tablet,Firefox,Fall,0,1,1,75
161,49,Female,144283,4,22,16,2,9,5,355,1,Desktop,Edge,Summer,0,1,1,298
162,24,Male,69892,10,98,4,23,10,8,112,1,Desktop,Chrome,Spring,0,3,1,157
163,39,Female,94031,2,110,8,20,5,0,240,1,Tablet,Firefox,Fall,0,1,0,0
164,45,Male,119389,9,60,36,13,5,4,184,0,Tablet,Firefox,Winter,1,4,0,0
165,19,Male,84057,10,68,10,26,14,3,98,1,Mobile,Firefox,Fall,1,5,1,494
166,59,Male,98609,11,97,30,17,12,2,147,0,Tablet,Chrome,Summer,0,5,1,79
167,62,Female,96907,14,107,36,21,9,1,206,0,Mobile,Edge,Winter,0,2,1,204
168,23,Male,103130,3,56,16,20,5,2,19,1,Desktop,Safari,Winter,0,2,0,0
169,45,Female,31226,1,26,30,6,14,0,87,0,Desktop,Firefox,Fall,0,4,0,0
170,45,Female,143108,7,97,44,29,2,0,260,0,Tablet,Edge,Summer,0,2,0,0
171,61,Female,72271,4,64,10,23,14,7,192,1,Mobile,Edge,Spring,1,5,1,415
172,61,Male,30046,7,114,11,27,9,4,130,0,Mobile,Firefox,Fall,1,5,1,193
173,37,Female,134955,16,14,34,19,4,1,204,1,Mobile,Chrome,Fall,0,3,1,291
174,47,Female,137462,10,88,16,6,12,2,23,0,Desktop,Chrome,Spring,0,1,1,206
175,28,Female,129345,15,84,19,2,0,1,184,1,Mobile,Firefox,Winter,0,1,0,0
176,45,Male,57117,16,10,44,28,5,9,107,0,Desktop,Edge,Fall,1,2,0,0
177,42,Female,149980,6,85,4,26,6,1,82,0,Desktop,Chrome,Spring,1,4,0,0
178,56,Female,24965,4,10,49,13,4,3,337,0,Tablet,Firefox,Fall,0,1,0,0
179,50,Female,79478,4,90,44,20,4,3,159,0,Tablet,Firefox,Summer,0,1,1,24
180,18,Female,131796,4,86,31,10,12,6,314,1,Desktop,Firefox,Fall,0,5,1,400
181,44,Male,98872,17,100,48,29,5,1,268,1,Tablet,Chrome,Spring,0,2,0,0
182,30,Male,77277,13,32,35,9,6,8,121,0,Tablet,Safari,Fall,0,4,0,0
183,58,Female,105379,2,46,34,13,3,6,163,0,Desktop,Firefox,Fall,0,3,1,16
184,20,Female,79613,6,78,26,7,6,3,4,0,Desktop,Edge,Fall,1,4,0,0
185,56,Female,37373,1,45,39,18,14,6,284,0,Mobile,Firefox,Summer,0,2,0,0
186,23,Female,65452,8,67,6,22,14,9,230,0,Mobile,Firefox,Summer,0,4,0,0
187,25,Male,70089,18,26,33,14,4,0,289,0,Tablet,Firefox,Summer,1,1,0,0
188,44,Male,26654,4,96,47,4,6,6,330,1,Tablet,Edge,Winter,0,4,1,14
189,26,Male,51280,5,83,27,8,0,5,206,1,Desktop,Firefox,Summer,1,2,1,402
190,54,Male,76141,5,111,12,12,9,8,5,0,Mobile,Edge,Fall,0,4,1,434
191,50,Female,143319,15,33,45,8,11,7,266,0,Mobile,Safari,Fall,0,2,0,0
192,59,Female,125646,10,75,8,16,1,1,153,1,Desktop,Firefox,Summer,0,1,0,0
193,61,Male,107943,8,118,9,1,1,2,17,1,Desktop,Chrome,Spring,1,5,0,0
194,41,Male,87894,7,38,1,24,14,2,243,0,Desktop,Safari,Winter,0,4,0,0
195,32,Female,46583,12,100,5,10,6,5,189,1,Mobile,Edge,Fall,0,1,1,33
196,49,Female,138033,11,6,7,7,8,1,212,0,Desktop,Edge,Spring,0,5,0,0
197,49,Female,114242,13,30,18,14,6,1,316,1,Tablet,Edge,Summer,0,1,0,0
198,41,Female,26360,15,113,40,17,11,3,289,0,Mobile,Firefox,Fall,0,5,1,175
199,58,Female,73968,17,79,24,19,5,0,137,1,Desktop,Safari,Winter,1,5,1,366
200,29,Male,23743,18,93,26,5,2,0,178,0,Tablet,Edge,Spring,0,3,0,0
201,56,Male,27159,8,23,10,19,4,0,159,1,Mobile,Firefox,Spring,1,5,0,0
202,19,Female,52151,6,24,40,3,9,4,174,0,Desktop,Edge,Winter,0,5,0,0
203,20,Female,20518,11,37,44,1,1,8,243,0,Tablet,Safari,Winter,0,1,1,458
204,54,Male,36652,9,85,48,8,8,3,111,1,Desktop,Firefox,Summer,0,2,1,194
205,34,Female,98461,5,98,12,9,5,7,132,1,Tablet,Chrome,Spring,0,5,0,0
206,19,Male,133114,7,86,22,5,8,6,31,1,Mobile,Firefox,Spring,0,5,0,0
207,19,Male,134543,15,100,27,1,8,5,4,1,Mobile,Safari,Fall,1,2,1,465
208,45,Male,140132,4,108,3,17,11,8,18,1,Mobile,Chrome,Spring,0,5,0,0
209,40,Male,91011,19,113,18,25,6,9,338,1,Desktop,Edge,Winter,0,4,1,100
210,54,Female,122489,13,8,5,14,13,0,232,0,Mobile,Safari,Summer,0,4,1,299
211,49,Female,123465,1,36,14,17,14,6,290,0,Tablet,Edge,Summer,0,1,1,225
212,50,Male,62348,1,23,25,9,14,8,48,0,Desktop,Safari,Spring,0,3,1,164
213,18,Female,95422,14,7,31,3,4,9,63,0,Tablet,Edge,Spring,0,4,0,0
214,36,Female,97001,9,106,21,3,3,1,270,1,Tablet,Firefox,Summer,0,4,1,62
215,19,Female,144269,12,96,48,13,0,3,90,0,Tablet,Chrome,Winter,1,5,1,480
216,61,Female,138553,18,65,38,20,14,4,87,0,Desktop,Firefox,Fall,1,5,1,419
217,43,Male,96757,9,42,48,5,8,4,289,1,Tablet,Safari,Summer,1,4,0,0
218,49,Female,44395,8,10,20,6,5,6,81,1,Tablet,Chrome,Winter,0,4,0,0
219,23,Male,22335,14,60,14,14,13,9,170,1,Mobile,Firefox,Fall,0,5,1,173
220,49,Male,121978,9,44,20,6,14,7,160,1,Desktop,Safari,Winter,1,2,1,112
221,21,Female,90112,2,85,37,26,1,8,112,0,Mobile,Chrome,Winter,1,4,0,0
222,28,Male,133276,1,110,46,29,11,4,99,0,Tablet,Firefox,Spring,0,3,1,124
223,34,Female,20500,13,73,30,29,6,1,171,0,Tablet,Edge,Fall,0,2,0,0
224,55,Female,144541,10,87,43,25,11,1,185,0,Desktop,Chrome,Fall,1,3,0,0
225,41,Male,112211,8,111,41,17,5,4,143,0,Tablet,Edge,Fall,0,3,0,0
226,22,Female,28083,7,46,20,9,12,4,306,1,Desktop,Chrome,Summer,0,1,0,0
227,51,Male,126598,12,103,7,4,3,4,243,0,Tablet,Firefox,Winter,0,5,1,372
228,23,Male,101256,17,90,5,23,5,5,71,0,Tablet,Safari,Summer,0,3,0,0
229,39,Female,25543,12,92,31,15,12,7,63,0,Mobile,Firefox,Winter,0,4,0,0
230,28,Female,137434,16,78,29,22,10,4,70,1,Tablet,Firefox,Spring,0,4,0,0
231,33,Female,88812,10,6,15,25,5,2,141,1,Mobile,Chrome,Summer,0,2,0,0
232,50,Male,72237,12,32,25,18,4,8,104,0,Mobile,Edge,Winter,0,4,0,0
233,26,Female,116171,11,109,13,15,0,3,146,0,Tablet,Firefox,Winter,0,4,0,0
234,23,Male,140423,14,105,44,27,2,7,163,1,Mobile,Edge,Winter,0,1,0,0
235,33,Male,109716,13,21,24,18,6,8,1,1,Desktop,Chrome,Winter,0,3,1,171
236,46,Female,26613,2,74,15,7,1,6,216,0,Mobile,Safari,Winter,1,5,1,52
237,20,Female,130033,7,111,24,15,9,2,125,0,Desktop,Chrome,Spring,0,2,0,0
238,37,Female,86863,1,73,26,28,9,9,36,1,Mobile,Edge,Summer,0,1,0,0
239,53,Male,60540,3,43,19,25,0,5,242,1,Mobile,Edge,Spring,0,3,1,138
240,36,Female,96202,12,11,24,5,7,6,208,1,Mobile,Edge,Fall,1,3,0,0
241,43,Male,46255,5,36,19,23,6,6,255,0,Tablet,Firefox,Spring,0,4,1,222
242,20,Female,149133,12,8,42,11,5,7,302,1,Tablet,Edge,Summer,0,4,1,55
243,36,Female,105666,3,25,17,24,9,9,253,0,Tablet,Edge,Spring,0,2,0,0
244,37,Male,42068,5,110,48,14,4,4,165,1,Tablet,Firefox,Fall,0,5,1,80
245,49,Male,69057,1,36,5,8,5,4,122,0,Desktop,Edge,Winter,1,4,0,0
246,24,Female,38946,16,86,4,4,0,1,82,1,Mobile,Firefox,Summer,0,5,0,0
247,58,Female,40547,9,101,22,10,11,1,300,1,Tablet,Safari,Summer,0,4,0,0
248,50,Female,105237,10,18,10,7,8,3,349,0,Mobile,Firefox,Spring,0,5,1,52
249,57,Female,137124,10,74,21,1,14,6,324,0,Tablet,Firefox,Summer,0,4,0,0
250,56,Female,25769,13,79,25,20,0,7,76,0,Desktop,Edge,Fall,1,4,1,195
251,35,Male,44883,16,50,6,12,3,2,333,1,Mobile,Chrome,Fall,0,4,0,0
252,57,Male,81340,4,24,30,13,14,0,334,0,Desktop,Firefox,Fall,0,4,1,448
253,18,Male,99199,14,97,29,16,12,3,179,0,Tablet,Chrome,Summer,0,5,1,442
254,28,Male,124222,17,62,11,14,2,5,202,0,Mobile,Safari,Fall,0,1,0,0
255,45,Female,135777,5,103,11,13,3,5,86,1,Tablet,Firefox,Spring,1,2,1,184
256,42,Male,122859,13,84,48,5,0,8,265,0,Tablet,Edge,Summer,0,1,0,0
257,40,Male,55162,3,52,46,14,9,6,337,0,Desktop,Safari,Winter,0,5,0,0
258,48,Male,108388,5,11,27,26,3,8,344,0,Desktop,Firefox,Spring,0,2,0,0
259,47,Female,105924,16,44,19,13,3,9,69,1,Mobile,Firefox,Winter,1,4,0,0
260,59,Male,53434,19,63,22,14,2,4,106,1,Tablet,Edge,Fall,0,1,0,0
261,52,Female,42102,19,40,28,12,7,4,65,0,Mobile,Edge,Spring,1,2,1,282
262,24,Male,41536,17,48,4,23,6,4,27,0,Mobile,Edge,Summer,1,1,0,0
263,33,Female,97891,18,112,37,28,8,4,6,0,Tablet,Firefox,Winter,0,5,0,0
264,43,Male,87770,18,35,19,22,1,3,309,1,Desktop,Chrome,Winter,0,2,1,254
265,19,Female,124639,8,46,17,20,9,5,117,0,Mobile,Edge,Fall,1,4,1,49
266,18,Male,70388,18,48,40,15,2,0,146,0,Mobile,Chrome,Spring,0,3,0,0
267,29,Female,70775,9,47,36,19,5,1,164,0,Mobile,Edge,Spring,0,4,1,132
268,22,Female,51147,19,47,23,11,1,8,97,1,Tablet,Chrome,Winter,1,3,0,0
269,54,Male,70526,10,51,28,22,12,5,310,1,Mobile,Firefox,Winter,1,4,1,45
270,49,Female,43659,2,10,11,26,11,5,162,1,Desktop,Firefox,Winter,0,5,0,0
271,26,Female,129807,17,97,14,15,11,9,288,1,Desktop,Firefox,Summer,0,2,0,0
272,58,Male,124663,13,95,13,29,1,3,51,1,Tablet,Chrome,Winter,0,1,1,416
273,52,Male,102096,11,111,24,28,9,4,131,1,Tablet,Chrome,Fall,0,4,1,413
274,36,Female,132180,16,70,16,21,1,8,321,0,Tablet,Safari,Summer,0,3,0,0
275,33,Male,144233,7,90,28,12,11,1,254,0,Tablet,Edge,Fall,0,2,1,117
276,20,Male,43088,3,13,30,19,1,2,341,1,Desktop,Chrome,Spring,0,1,0,0
277,37,Male,88464,16,15,44,16,12,9,13,0,Tablet,Edge,Spring,1,3,1,280
278,41,Female,143505,19,84,41,4,4,7,8,0,Mobile,Safari,Fall,0,3,1,277
279,50,Female,125921,16,113,39,18,11,8,264,0,Desktop,Safari,Winter,1,2,1,264
280,41,Female,79998,2,81,42,9,13,4,314,1,Tablet,Chrome,Winter,0,5,1,102
281,28,Female,60382,14,22,27,16,0,2,347,1,Tablet,Firefox,Winter,0,5,1,440
282,25,Female,48184,10,29,17,7,6,0,359,1,Mobile,Chrome,Winter,0,5,1,381
283,53,Female,40099,19,101,26,28,0,1,343,1,Desktop,Safari,Spring,0,2,0,0
284,55,Female,89810,11,78,7,26,0,3,136,0,Desktop,Firefox,Summer,0,3,0,0
285,57,Male,110506,18,62,35,19,4,3,317,0,Mobile,Chrome,Spring,1,2,1,275
286,37,Female,111280,11,34,15,24,6,4,248,0,Mobile,Firefox,Fall,1,5,0,0
287,52,Female,57739,9,119,16,24,2,8,199,0,Tablet,Safari,Winter,0,4,1,146
288,42,Male,147937,19,117,21,11,6,1,76,1,Mobile,Chrome,Spring,0,2,0,0
289,52,Male,28389,10,5,17,17,8,1,358,0,Mobile,Firefox,Spring,0,4,1,25
290,42,Male,37352,3,67,45,21,10,4,363,0,Mobile,Safari,Fall,0,5,1,467
291,46,Female,146788,3,101,26,5,3,1,94,0,Desktop,Chrome,Winter,1,2,1,237
292,35,Male,137843,8,117,35,12,14,9,330,0,Desktop,Chrome,Winter,1,2,1,281
293,63,Female,41148,6,83,20,19,4,4,18,0,Mobile,Firefox,Summer,0,4,0,0
294,35,Female,51828,1,33,20,2,13,4,172,0,Mobile,Firefox,Winter,0,1,0,0
295,19,Female,88040,6,70,23,1,7,6,148,0,Desktop,Firefox,Fall,1,4,1,225
296,52,Male,76795,2,79,5,29,8,3,2,0,Mobile,Chrome,Fall,0,5,0,0
297,33,Male,78620,19,57,9,4,4,1,30,0,Mobile,Firefox,Spring,0,4,0,0
298,58,Female,124310,7,102,23,28,11,7,172,0,Desktop,Firefox,Summer,1,1,1,235
299,53,Female,114279,11,109,18,11,4,0,250,0,Mobile,Edge,Summer,0,5,0,0
300,50,Female,114430,11,23,29,26,1,9,47,0,Mobile,Firefox,Winter,0,2,0,0
301,21,Male,116531,4,70,11,18,8,0,299,0,Desktop,Chrome,Winter,0,2,1,421
302,50,Female,77114,16,116,43,21,12,6,11,1,Tablet,Chrome,Summer,0,1,0,0
303,31,Male,60711,5,88,48,28,5,3,275,0,Mobile,Edge,Fall,0,5,1,381
304,38,Female,135957,7,109,8,27,4,2,4,1,Mobile,Safari,Winter,0,5,0,0
305,37,Male,37748,16,56,27,16,4,0,166,0,Mobile,Chrome,Fall,0,2,0,0
306,25,Female,108636,15,35,2,10,3,7,201,0,Tablet,Edge,Winter,0,4,0,0
307,24,Male,53691,5,64,23,12,0,7,162,0,Desktop,Chrome,Winter,1,4,1,338
308,20,Male,135158,1,72,21,2,5,3,307,0,Desktop,Firefox,Summer,1,5,1,441
309,34,Male,108517,9,97,10,1,0,1,239,0,Desktop,Firefox,Winter,0,1,1,410
310,50,Male,85282,5,34,38,10,9,3,104,0,Desktop,Chrome,Winter,0,1,1,119
311,29,Male,118244,6,17,4,10,1,6,339,1,Mobile,Edge,Winter,0,2,0,0
312,39,Male,80360,3,19,21,28,6,3,37,1,Tablet,Chrome,Fall,0,3,1,459
313,39,Female,30246,6,24,37,26,12,2,224,0,Tablet,Firefox,Summer,1,1,0,0
314,63,Female,130779,8,38,43,10,0,9,59,0,Desktop,Firefox,Spring,0,3,0,0
315,47,Female,79395,6,96,12,25,7,0,364,1,Desktop,Edge,Summer,0,4,1,340
316,55,Female,52486,16,24,48,2,7,8,220,0,Mobile,Edge,Fall,0,2,0,0
317,55,Male,50340,16,54,46,26,6,4,361,0,Desktop,Firefox,Summer,1,4,1,484
318,62,Female,104874,3,93,14,20,6,1,274,0,Desktop,Safari,Winter,0,1,1,372
319,25,Male,70300,17,31,20,3,0,5,25,0,Desktop,Firefox,Summer,1,4,1,355
320,44,Male,23086,6,34,47,1,12,1,207,0,Desktop,Safari,Fall,1,5,1,230
321,44,Male,111071,6,60,8,24,2,5,25,0,Tablet,Edge,Winter,0,4,0,0
322,51,Female,34860,19,109,27,18,8,8,84,0,Desktop,Chrome,Winter,0,3,1,212
323,38,Male,37013,15,88,37,11,4,1,248,0,Desktop,Firefox,Spring,0,3,0,0
324,47,Female,27407,19,69,41,24,4,0,248,0,Mobile,Safari,Winter,0,4,0,0
325,50,Female,53542,2,103,21,12,6,6,51,0,Desktop,Firefox,Summer,0,1,1,295
326,45,Female,44935,8,59,48,1,10,7,10,0,Desktop,Firefox,Winter,0,3,0,0
327,64,Female,127013,7,117,35,6,9,1,177,0,Mobile,Chrome,Summer,0,2,1,175
328,50,Female,69079,8,111,44,16,7,3,125,0,Mobile,Safari,Fall,0,5,1,13
329,22,Male,54111,13,28,39,20,5,7,166,0,Desktop,Edge,Fall,0,1,0,0
330,36,Male,76550,15,29,49,3,4,3,348,0,Mobile,Safari,Summer,0,2,0,0
331,21,Female,95697,12,108,15,17,0,8,126,0,Mobile,Firefox,Summer,0,1,1,354
332,52,Male,109117,15,57,47,26,9,0,302,0,Desktop,Chrome,Winter,1,3,1,333
333,34,Female,117813,14,80,12,16,9,9,247,0,Tablet,Edge,Spring,0,1,1,282
334,61,Male,106936,7,15,34,11,9,6,70,0,Mobile,Chrome,Spring,1,2,0,0
335,45,Male,96955,17,98,8,16,12,2,11,0,Desktop,Chrome,Summer,0,1,1,26
336,47,Male,60565,5,64,37,12,8,9,83,1,Mobile,Firefox,Fall,0,3,1,56
337,46,Male,39283,10,81,30,1,5,2,160,1,Tablet,Edge,Winter,0,4,1,13
338,63,Male,86470,19,51,3,11,2,6,58,0,Tablet,Chrome,Fall,0,2,1,335
339,23,Male,120290,18,29,30,23,11,5,341,0,Desktop,Edge,Winter,0,4,0,0
340,52,Male,106916,10,29,29,6,11,2,79,0,Tablet,Edge,Fall,1,3,0,0
341,58,Male,99552,2,21,1,19,9,1,185,0,Desktop,Edge,Summer,1,2,0,0
342,54,Male,141230,6,16,16,12,14,5,77,0,Desktop,Chrome,Fall,0,4,0,0
343,41,Male,58233,3,119,42,28,11,9,71,0,Mobile,Chrome,Fall,0,2,1,125
344,46,Male,148194,19,56,31,2,6,6,116,0,Desktop,Safari,Spring,0,5,0,0
345,63,Male,42695,5,15,10,10,3,8,185,1,Mobile,Edge,Summer,0,4,0,0
346,48,Male,110488,7,14,30,19,12,8,323,1,Mobile,Chrome,Fall,0,4,1,378
347,52,Female,146440,7,85,43,28,2,8,15,1,Mobile,Chrome,Winter,0,5,1,184
348,50,Male,62734,10,64,26,15,11,9,340,1,Mobile,Firefox,Fall,0,3,0,0
349,38,Male,101257,1,58,12,8,6,0,3,0,Desktop,Safari,Winter,0,5,0,0
350,49,Male,21505,11,113,40,11,5,3,58,1,Tablet,Edge,Fall,0,2,1,458
351,40,Male,25363,7,84,5,23,13,3,283,0,Desktop,Chrome,Winter,0,2,0,0
352,50,Male,68708,6,67,9,16,10,9,188,1,Tablet,Chrome,Summer,0,2,1,221
353,20,Male,63614,6,24,11,13,3,7,259,1,Desktop,Safari,Winter,0,3,0,0
354,35,Female,21010,13,117,47,28,13,2,175,0,Mobile,Safari,Fall,1,5,1,197
355,42,Female,133228,16,9,23,13,9,0,65,1,Mobile,Edge,Spring,1,1,1,482
356,59,Female,131786,13,45,17,23,7,2,11,0,Desktop,Chrome,Fall,0,4,0,0
357,48,Male,39861,2,67,43,5,1,5,281,0,Tablet,Safari,Winter,1,5,1,451
358,20,Male,44125,19,60,13,12,5,6,191,1,Desktop,Chrome,Fall,0,2,0,0
359,57,Male,144110,19,36,17,10,2,8,4,0,Desktop,Safari,Fall,1,5,1,385
360,63,Female,29369,19,31,23,19,14,4,339,1,Tablet,Chrome,Fall,0,5,1,70
361,41,Male,89393,18,72,39,17,7,4,54,0,Mobile,Safari,Summer,0,3,1,318
362,49,Male,46671,6,109,9,1,10,2,60,0,Mobile,Chrome,Summer,0,4,0,0
363,64,Female,95400,2,52,18,22,7,2,156,1,Mobile,Safari,Summer,0,3,0,0
364,39,Female,84512,19,11,18,15,10,8,138,1,Tablet,Safari,Fall,0,3,1,31
365,40,Male,118026,6,50,30,16,10,2,164,0,Mobile,Edge,Spring,0,2,1,255
366,19,Male,95656,15,82,42,20,0,2,80,0,Mobile,Chrome,Spring,0,3,1,276
367,44,Male,105759,6,107,44,23,1,8,315,0,Mobile,Firefox,Summer,0,4,1,300
368,59,Male,117686,3,92,26,10,3,3,173,1,Tablet,Safari,Fall,0,2,0,0
369,19,Female,64138,11,116,18,10,0,5,179,0,Tablet,Chrome,Winter,0,3,0,0
370,43,Male,73420,8,22,21,26,2,0,46,1,Mobile,Firefox,Summer,1,2,0,0
371,34,Male,88089,18,42,41,17,3,1,256,1,Desktop,Edge,Fall,1,5,1,326
372,57,Female,35489,17,107,41,29,9,2,349,0,Desktop,Edge,Spring,0,4,1,220
373,50,Male,79789,19,119,42,22,2,1,132,0,Mobile,Firefox,Summer,0,1,0,0
374,26,Male,89925,19,108,33,23,4,9,170,0,Tablet,Edge,Spring,1,1,1,229
375,60,Female,69703,17,69,43,17,10,2,136,0,Mobile,Edge,Summer,0,1,1,89
376,56,Female,107486,4,21,14,2,11,4,105,1,Mobile,Chrome,Summer,0,5,0,0
377,46,Male,96625,7,94,10,9,9,0,302,0,Desktop,Safari,Spring,0,3,0,0
378,59,Female,127535,5,119,28,25,6,0,26,0,Desktop,Chrome,Winter,1,5,1,242
379,43,Female,140446,16,90,14,22,7,6,1,1,Mobile,Safari,Spring,0,1,1,169
380,52,Male,78228,6,107,19,27,7,8,254,0,Mobile,Firefox,Fall,1,3,1,392
381,42,Female,148348,14,86,26,4,10,8,211,0,Tablet,Safari,Fall,0,5,1,432
382,41,Male,23051,2,42,10,7,1,6,210,0,Desktop,Chrome,Winter,0,3,0,0
383,30,Male,58090,18,96,17,5,0,1,90,1,Mobile,Chrome,Summer,1,1,0,0
384,24,Male,48805,18,89,34,19,12,6,39,1,Desktop,Edge,Spring,0,4,1,200
385,53,Male,114978,13,67,14,4,13,8,27,1,Desktop,Firefox,Fall,0,1,1,301
386,62,Female,64557,18,106,26,18,5,6,198,0,Mobile,Chrome,Summer,0,1,1,325
387,37,Male,22555,17,101,34,22,0,1,230,0,Desktop,Safari,Summer,1,2,0,0
388,18,Male,70241,13,98,19,3,5,6,16,0,Mobile,Chrome,Spring,0,3,1,253
389,25,Male,98303,12,46,24,23,12,3,323,1,Mobile,Chrome,Fall,0,2,1,309
390,63,Male,147838,3,12,31,4,6,7,22,0,Tablet,Chrome,Fall,0,5,0,0
391,33,Female,85994,7,34,40,14,8,2,73,0,Desktop,Edge,Summer,1,5,0,0
392,31,Female,134005,1,107,6,24,9,4,184,0,Tablet,Edge,Fall,0,1,0,0
393,29,Female,36066,5,68,20,27,14,2,135,1,Desktop,Safari,Summer,0,2,1,161
394,40,Male,24721,1,13,39,14,9,6,332,1,Tablet,Edge,Winter,0,2,1,44
395,32,Female,97982,4,101,45,17,0,2,1,0,Mobile,Safari,Winter,0,4,1,174
396,45,Female,26304,1,61,34,9,6,9,208,1,Desktop,Edge,Summer,0,4,0,0
397,51,Male,131869,13,111,22,19,3,4,14,1,Tablet,Edge,Winter,0,1,1,179
398,19,Female,62967,14,63,7,3,8,0,222,1,Mobile,Firefox,Fall,0,5,0,0
399,49,Male,120224,15,97,33,15,10,3,244,1,Mobile,Safari,Winter,0,4,1,213
400,40,Female,98763,17,99,6,21,3,5,147,0,Desktop,Edge,Summer,0,2,0,0
401,39,Female,60462,12,71,16,26,1,1,275,1,Desktop,Chrome,Spring,0,2,0,0
402,42,Female,140356,7,118,8,1,0,5,77,0,Tablet,Chrome,Spring,1,1,0,0
403,39,Female,91834,19,106,45,19,6,9,108,0,Mobile,Edge,Summer,1,3,1,160
404,39,Male,124933,3,79,23,4,11,6,330,1,Mobile,Safari,Spring,1,3,0,0
405,59,Male,131023,18,9,18,14,6,7,111,0,Desktop,Edge,Summer,1,5,0,0
406,23,Female,123450,4,99,14,18,2,2,125,1,Mobile,Safari,Winter,1,1,0,0
407,32,Male,70155,3,88,36,12,4,9,93,0,Tablet,Edge,Fall,1,4,1,92
408,60,Female,137771,12,8,15,6,9,2,237,0,Mobile,Firefox,Spring,1,5,0,0
409,54,Female,95842,12,12,5,10,11,4,248,1,Mobile,Safari,Winter,0,4,0,0
410,50,Female,22589,17,46,46,4,13,2,143,0,Mobile,Edge,Fall,0,1,1,334
411,25,Female,145023,6,39,48,16,11,8,209,0,Tablet,Firefox,Fall,0,5,0,0
412,61,Female,57078,15,17,15,1,6,6,319,0,Desktop,Firefox,Winter,1,5,0,0
413,61,Female,120545,2,117,11,3,7,4,23,1,Desktop,Safari,Summer,0,4,0,0
414,22,Male,74918,8,9,2,7,13,4,10,0,Mobile,Edge,Spring,0,3,0,0
415,56,Male,33601,14,44,23,3,11,0,256,0,Mobile,Firefox,Summer,1,3,0,0
416,21,Female,27711,5,23,24,29,8,8,177,0,Tablet,Firefox,Fall,1,4,1,104
417,23,Male,106900,3,86,18,22,9,1,254,1,Tablet,Chrome,Summer,0,2,1,390
418,62,Female,79430,10,101,4,27,9,6,352,0,Tablet,Chrome,Spring,0,2,1,144
419,49,Male,83327,7,8,15,15,0,6,290,0,Mobile,Chrome,Fall,1,5,0,0
420,47,Male,119242,11,63,12,6,8,1,95,1,Desktop,Safari,Winter,1,4,1,462
421,64,Male,115146,15,22,3,16,5,7,295,1,Desktop,Chrome,Summer,0,3,0,0
422,52,Female,122605,2,114,32,17,5,7,80,0,Mobile,Edge,Winter,1,1,1,386
423,57,Male,23970,5,28,36,2,13,8,218,1,Mobile,Firefox,Winter,0,2,1,486
424,33,Female,147917,11,111,21,10,6,1,209,0,Tablet,Chrome,Summer,0,1,1,221
425,30,Female,89535,8,97,48,11,8,0,100,0,Desktop,Edge,Summer,0,3,0,0
426,59,Female,106570,13,35,6,28,6,8,23,0,Desktop,Edge,Fall,0,4,0,0
427,47,Male,141315,11,62,2,27,6,2,281,0,Mobile,Chrome,Fall,1,2,1,201
428,36,Male,56176,17,32,9,6,10,9,197,0,Mobile,Safari,Spring,0,5,0,0
429,34,Male,132111,15,13,12,18,11,1,247,0,Mobile,Edge,Winter,0,1,0,0
430,36,Female,61730,1,49,44,15,2,9,90,0,Tablet,Safari,Fall,0,2,0,0
431,45,Female,102168,19,94,24,16,9,1,253,1,Desktop,Safari,Winter,0,3,0,0
432,43,Male,33385,16,53,14,13,8,1,6,1,Desktop,Safari,Summer,0,2,1,85
433,54,Female,143252,19,115,49,16,3,7,19,0,Mobile,Edge,Fall,0,2,1,499
434,43,Male,25950,13,6,41,2,5,2,275,0,Tablet,Chrome,Winter,1,4,1,445
435,40,Male,121230,4,10,12,20,12,0,110,0,Desktop,Edge,Spring,0,4,0,0
436,26,Male,93511,11,33,27,12,6,7,95,1,Mobile,Firefox,Fall,0,5,1,394
437,29,Male,73009,18,30,10,29,11,1,87,1,Mobile,Firefox,Winter,0,4,0,0
438,18,Female,106850,18,32,43,14,12,5,13,1,Mobile,Chrome,Winter,0,3,1,272
439,18,Male,43398,10,11,2,8,11,7,342,0,Desktop,Edge,Fall,0,5,0,0
440,64,Male,45277,17,38,31,6,8,9,195,0,Tablet,Edge,Spring,0,1,1,394
441,51,Male,46761,13,60,28,14,12,8,76,0,Tablet,Firefox,Winter,1,5,1,50
442,49,Male,84435,14,113,16,24,12,0,229,0,Mobile,Firefox,Winter,1,4,1,423
443,42,Male,83944,7,14,1,15,9,8,159,1,Tablet,Edge,Spring,0,5,0,0
444,57,Male,51533,10,116,22,20,11,7,333,1,Tablet,Edge,Summer,0,5,1,182
445,62,Male,92502,3,109,1,27,2,5,23,1,Mobile,Chrome,Summer,0,2,1,140
446,18,Female,127437,2,108,31,3,13,4,205,1,Desktop,Edge,Summer,0,2,0,0
447,33,Female,146794,19,61,22,7,10,5,326,0,Tablet,Safari,Summer,1,2,0,0
448,56,Female,92123,7,51,34,16,1,1,240,1,Desktop,Chrome,Fall,0,5,1,210
449,22,Female,42880,5,90,12,23,1,2,314,1,Tablet,Safari,Summer,1,4,1,435
450,39,Male,90627,3,31,23,2,1,8,195,0,Mobile,Firefox,Winter,1,3,0,0
451,46,Female,61753,2,43,28,17,8,2,199,1,Desktop,Safari,Fall,0,3,1,461
452,20,Female,116666,6,26,12,11,7,9,138,0,Desktop,Safari,Winter,0,1,0,0
453,29,Female,102597,14,23,27,24,8,6,223,0,Tablet,Firefox,Spring,0,3,1,460
454,43,Male,107829,7,104,23,3,8,3,324,0,Desktop,Safari,Winter,0,4,1,480
455,33,Female,21561,2,13,1,22,0,8,326,0,Tablet,Edge,Fall,0,3,0,0
456,54,Female,73205,11,23,43,23,9,3,338,0,Desktop,Firefox,Fall,0,5,0,0
457,39,Male,126948,3,6,2,8,9,9,215,0,Tablet,Firefox,Winter,0,5,0,0
458,46,Female,79810,9,96,44,22,14,9,8,1,Tablet,Edge,Spring,0,2,0,0
459,31,Male,133089,8,65,31,23,8,5,216,0,Mobile,Chrome,Spring,0,1,0,0
460,45,Female,84482,11,63,2,21,0,1,284,0,Mobile,Chrome,Winter,0,3,0,0
461,22,Male,89192,18,107,49,19,4,6,255,0,Tablet,Chrome,Spring,0,5,1,387
462,64,Female,107154,1,90,25,18,3,2,323,1,Tablet,Firefox,Summer,0,3,1,234
463,47,Female,106066,15,119,38,7,7,0,205,0,Tablet,Safari,Spring,0,2,0,0
464,63,Female,107408,4,74,48,16,4,6,161,0,Mobile,Edge,Winter,1,1,1,350
465,22,Male,142769,4,115,19,24,11,4,114,1,Mobile,Safari,Summer,0,2,0,0
466,29,Female,48330,10,75,28,14,8,6,245,0,Desktop,Edge,Summer,0,3,0,0
467,33,Male,36139,11,74,6,8,0,0,336,1,Tablet,Chrome,Fall,1,3,0,0
468,43,Male,148514,18,37,39,13,7,4,203,0,Desktop,Chrome,Winter,1,2,1,469
469,43,Male,52977,15,82,19,3,5,1,217,0,Mobile,Chrome,Summer,0,4,1,296
470,38,Male,24983,3,69,17,2,0,0,145,1,Tablet,Edge,Fall,0,2,0,0
471,56,Female,59909,7,29,6,13,12,5,134,1,Desktop,Firefox,Spring,1,5,0,0
472,53,Female,128422,7,74,15,25,1,4,174,1,Desktop,Edge,Fall,0,4,0,0
473,50,Female,84480,17,32,22,22,3,3,270,0,Tablet,Firefox,Spring,1,4,1,374
474,47,Male,69029,16,22,41,26,14,0,165,0,Desktop,Chrome,Winter,0,3,0,0
475,54,Female,41329,16,67,34,3,13,4,107,0,Desktop,Firefox,Summer,0,2,1,140
476,40,Male,142668,8,95,5,21,4,6,248,1,Mobile,Chrome,Winter,0,2,0,0
477,27,Male,56734,3,53,23,1,13,0,332,0,Mobile,Safari,Spring,1,5,1,125
478,22,Male,62837,15,70,5,2,0,3,339,1,Desktop,Edge,Fall,1,3,0,0
479,53,Female,94354,1,44,44,25,9,5,341,0,Desktop,Firefox,Fall,0,5,1,210
480,51,Female,96454,10,89,10,10,6,7,29,0,Tablet,Firefox,Winter,0,4,0,0
481,48,Male,127954,2,91,4,11,12,6,220,0,Mobile,Firefox,Winter,1,3,1,312
482,27,Female,137512,7,70,12,26,3,6,209,1,Tablet,Firefox,Summer,0,3,1,416
483,36,Female,86786,14,84,47,3,13,7,49,0,Tablet,Safari,Fall,0,3,1,242
484,49,Male,24758,16,8,10,24,13,6,2,0,Mobile,Safari,Winter,0,2,0,0
485,18,Male,122667,15,38,30,26,13,3,198,1,Desktop,Firefox,Spring,1,3,1,176
486,22,Female,87699,7,9,24,8,0,5,89,0,Desktop,Safari,Spring,0,5,0,0
487,62,Male,128119,13,117,5,15,11,1,211,0,Tablet,Chrome,Summer,0,5,0,0
488,21,Male,120157,10,102,13,5,5,7,70,0,Tablet,Safari,Summer,0,5,1,434
489,33,Female,102673,9,26,36,8,8,2,193,1,Desktop,Edge,Summer,0,4,1,343
490,41,Female,117639,9,114,9,18,8,3,46,1,Tablet,Edge,Fall,0,4,1,228
491,33,Male,41832,6,24,18,18,10,1,63,0,Desktop,Chrome,Fall,1,4,0,0
492,19,Female,21868,12,107,35,12,3,8,119,0,Mobile,Firefox,Fall,1,2,1,490
493,45,Male,148039,14,51,31,4,6,1,226,1,Mobile,Chrome,Winter,0,3,0,0
494,49,Male,134869,7,118,24,8,9,5,341,1,Desktop,Chrome,Spring,0,2,1,384
495,44,Female,70665,8,81,43,2,0,2,27,0,Tablet,Safari,Summer,0,4,1,456
496,37,Male,133872,8,112,4,20,9,5,191,0,Mobile,Firefox,Winter,1,2,0,0
497,41,Male,61862,8,38,41,24,12,3,279,1,Desktop,Safari,Fall,0,3,0,0
498,29,Male,39728,2,48,26,3,8,7,228,1,Desktop,Safari,Fall,1,5,1,221
499,52,Female,123542,14,10,44,8,13,2,356,1,Tablet,Firefox,Spring,0,5,1,71
500,50,Female,113565,10,60,42,12,0,7,224,0,Tablet,Firefox,Spring,1,4,0,0
501,50,Female,59857,18,33,10,2,13,2,295,1,Tablet,Safari,Summer,0,2,0,0
502,60,Male,48183,18,101,41,17,8,4,58,0,Mobile,Safari,Spring,1,5,0,0
503,54,Male,108321,18,57,42,14,5,1,301,0,Mobile,Edge,Winter,0,2,1,93
504,29,Female,148482,16,5,9,14,9,5,209,0,Mobile,Chrome,Summer,0,5,0,0
505,20,Female,38940,5,115,1,6,10,6,142,1,Desktop,Chrome,Winter,0,2,0,0
506,18,Female,145019,5,63,16,8,6,7,150,0,Desktop,Safari,Spring,0,5,0,0
507,50,Male,140786,10,52,46,25,3,3,17,1,Desktop,Safari,Winter,1,2,1,435
508,57,Female,25280,17,11,13,10,8,8,240,1,Mobile,Safari,Summer,0,1,0,0
509,27,Male,122548,13,90,38,24,11,1,38,0,Desktop,Edge,Spring,0,3,0,0
510,60,Female,22164,17,36,14,18,5,7,346,0,Desktop,Safari,Winter,0,2,0,0
511,61,Male,141289,18,82,40,1,11,5,287,0,Mobile,Edge,Spring,1,2,0,0
512,46,Male,112724,13,65,23,7,5,3,98,1,Desktop,Safari,Fall,1,4,0,0
513,30,Female,133453,17,61,18,7,11,1,58,0,Mobile,Firefox,Fall,1,2,1,266
514,29,Male,149068,15,55,28,13,13,3,347,0,Desktop,Edge,Fall,0,2,0,0
515,48,Female,99624,12,92,20,16,9,2,17,0,Tablet,Safari,Spring,1,4,0,0
516,63,Male,38405,10,23,1,12,5,3,120,0,Mobile,Safari,Summer,0,1,0,0
517,19,Male,22821,13,31,12,29,3,3,23,0,Desktop,Chrome,Winter,1,2,0,0
518,52,Female,75090,11,67,27,19,12,6,210,0,Desktop,Firefox,Winter,0,4,1,24
519,40,Male,42516,3,64,43,6,6,0,213,1,Tablet,Chrome,Fall,1,3,0,0
520,34,Female,30473,10,65,13,7,13,8,148,1,Tablet,Safari,Spring,0,5,1,42
521,43,Female,66454,11,65,4,25,1,4,96,0,Desktop,Safari,Spring,0,3,0,0
522,25,Female,62530,6,91,25,17,1,2,260,0,Tablet,Safari,Summer,0,1,1,32
523,46,Male,124273,1,49,6,29,12,6,73,0,Tablet,Edge,Summer,0,3,0,0
524,43,Male,144852,6,25,45,19,10,6,331,1,Tablet,Safari,Winter,0,5,1,239
525,27,Male,97714,5,48,22,5,10,7,49,0,Tablet,Edge,Spring,1,1,0,0
526,43,Female,145124,7,97,45,3,5,9,222,0,Desktop,Safari,Spring,0,3,0,0
527,51,Female,124472,12,5,38,24,8,3,282,0,Tablet,Firefox,Winter,0,3,0,0
528,58,Male,112554,12,99,36,26,2,8,32,1,Tablet,Firefox,Summer,0,2,0,0
529,24,Male,102633,7,95,3,22,6,1,28,0,Mobile,Edge,Winter,0,1,1,390
530,21,Female,99632,2,48,15,18,8,5,307,1,Tablet,Firefox,Summer,1,3,1,307
531,62,Male,125507,1,104,11,17,14,2,168,0,Desktop,Firefox,Fall,0,5,1,314
532,28,Female,89081,18,66,34,26,11,7,37,1,Mobile,Firefox,Spring,0,3,0,0
533,46,Male,44798,12,65,27,21,8,7,234,1,Tablet,Chrome,Fall,0,2,1,495
534,53,Female,20863,7,95,23,11,2,5,179,1,Mobile,Chrome,Summer,0,5,1,333
535,42,Male,36148,19,83,17,25,0,3,57,0,Mobile,Firefox,Fall,0,4,0,0
536,38,Male,106545,3,93,23,26,1,7,233,0,Desktop,Safari,Summer,0,2,1,328
537,53,Female,74459,10,116,34,9,14,5,336,1,Desktop,Safari,Winter,1,3,1,152
538,27,Female,103345,11,83,21,17,10,8,72,1,Tablet,Safari,Spring,1,2,1,154
539,54,Female,104224,5,108,33,19,7,6,195,0,Mobile,Firefox,Spring,1,2,0,0
540,26,Male,86189,2,87,5,13,6,8,3,0,Mobile,Firefox,Fall,0,5,1,341
541,41,Female,144039,8,115,17,6,0,7,202,0,Mobile,Safari,Winter,1,1,0,0
542,52,Female,28129,14,54,1,21,2,3,191,0,Desktop,Chrome,Spring,0,4,0,0
543,52,Male,111954,8,79,7,4,7,5,207,0,Desktop,Chrome,Winter,0,4,1,16
544,53,Female,43118,6,45,3,29,6,6,111,0,Desktop,Chrome,Fall,0,1,1,211
545,35,Female,20443,1,37,26,18,4,3,347,0,Desktop,Chrome,Winter,1,2,0,0
546,56,Female,47041,1,109,16,12,2,3,51,0,Tablet,Edge,Winter,0,4,0,0
547,49,Male,109379,8,91,16,28,6,9,238,1,Tablet,Edge,Winter,0,5,1,302
548,41,Male,41053,11,16,44,28,4,2,134,0,Mobile,Safari,Spring,0,3,1,204
549,40,Male,116384,18,6,41,4,0,9,281,0,Tablet,Edge,Spring,0,5,0,0
550,49,Female,123410,10,111,14,5,4,5,226,1,Mobile,Edge,Winter,1,5,1,184
551,54,Male,57204,12,25,44,12,2,1,26,1,Mobile,Chrome,Spring,1,3,1,486
552,29,Female,137545,16,18,26,18,1,3,216,0,Desktop,Edge,Fall,1,3,0,0
553,30,Female,62240,5,38,27,26,12,7,80,0,Desktop,Firefox,Fall,0,5,0,0
554,40,Female,121343,16,83,48,17,2,2,292,0,Tablet,Firefox,Spring,0,4,0,0
555,42,Male,146675,12,89,17,23,9,7,21,1,Tablet,Firefox,Winter,0,4,0,0
556,52,Male,113749,6,68,44,23,3,6,222,1,Tablet,Chrome,Fall,0,5,1,140
557,58,Female,81102,5,27,4,24,13,6,49,0,Mobile,Firefox,Summer,0,3,1,274
558,47,Female,28291,1,89,17,10,12,8,340,0,Mobile,Firefox,Fall,0,5,1,163
559,34,Male,128582,19,54,33,6,12,3,60,0,Desktop,Firefox,Summer,0,2,0,0
560,37,Male,36285,10,18,30,17,0,7,362,0,Tablet,Firefox,Summer,0,2,0,0
561,42,Male,112422,14,89,21,8,3,1,242,0,Desktop,Safari,Fall,0,2,1,59
562,39,Female,81589,3,80,17,2,8,2,19,1,Tablet,Chrome,Winter,0,2,1,208
563,30,Male,33944,6,110,11,12,0,3,78,1,Tablet,Chrome,Fall,0,3,1,342
564,36,Male,121041,5,50,30,3,10,8,356,0,Desktop,Edge,Spring,1,2,0,0
565,53,Male,108876,17,115,18,24,6,0,131,0,Mobile,Chrome,Winter,1,2,0,0
566,29,Female,115561,18,9,20,20,7,6,214,0,Tablet,Safari,Summer,0,3,0,0
567,58,Male,74391,12,70,34,21,8,1,128,0,Desktop,Chrome,Spring,1,1,1,294
568,36,Female,21607,5,26,41,25,6,4,107,1,Tablet,Safari,Summer,0,4,0,0
569,29,Female,149242,9,74,28,27,12,0,181,0,Mobile,Firefox,Summer,0,4,0,0
570,26,Female,22953,12,112,9,23,8,5,194,0,Desktop,Safari,Winter,1,2,0,0
571,24,Male,64941,9,6,44,26,9,2,318,0,Mobile,Chrome,Fall,0,2,1,315
572,45,Male,91469,3,33,31,28,12,5,45,1,Tablet,Safari,Winter,0,2,0,0
573,31,Male,96922,1,65,45,7,13,7,57,1,Mobile,Safari,Winter,1,1,1,462
574,48,Female,81683,15,104,16,1,2,7,357,1,Tablet,Firefox,Spring,0,5,1,472
575,36,Male,133525,10,75,31,17,0,3,183,0,Tablet,Safari,Spring,1,1,0,0
576,64,Female,90218,14,20,29,8,1,6,275,1,Tablet,Safari,Summer,1,3,1,177
577,33,Male,133157,7,68,13,10,13,5,317,1,Desktop,Edge,Winter,1,4,1,176
578,22,Male,129588,4,101,23,17,14,1,5,0,Mobile,Edge,Spring,0,2,1,499
579,52,Male,141021,5,101,14,16,9,5,154,1,Mobile,Safari,Winter,1,4,0,0
580,29,Male,142080,16,18,39,10,12,1,19,1,Desktop,Safari,Spring,1,1,0,0
581,42,Female,31154,3,47,2,15,0,3,31,0,Desktop,Chrome,Summer,0,2,0,0
582,38,Female,145542,17,80,12,16,1,4,147,0,Mobile,Firefox,Summer,1,4,0,0
583,53,Female,29047,13,47,28,18,8,8,362,1,Tablet,Safari,Fall,0,5,1,374
584,40,Female,108529,6,74,32,4,4,2,337,0,Mobile,Firefox,Summer,1,3,1,133
585,33,Male,95874,5,59,49,25,3,4,346,1,Tablet,Edge,Summer,0,2,1,122
586,56,Female,34323,16,80,24,7,1,1,125,0,Tablet,Firefox,Fall,0,2,0,0
587,62,Female,57693,11,35,37,29,2,2,328,0,Mobile,Chrome,Summer,0,5,0,0
588,59,Female,78730,17,80,29,29,14,4,360,1,Desktop,Safari,Fall,0,2,0,0
589,56,Male,109170,5,78,42,12,8,6,25,0,Desktop,Edge,Summer,1,4,1,184
590,31,Female,46292,6,44,18,23,13,5,153,0,Tablet,Safari,Winter,0,2,1,491
591,48,Female,124087,10,31,3,12,12,1,237,0,Mobile,Chrome,Winter,0,2,0,0
592,22,Male,65111,1,56,13,26,12,8,214,1,Mobile,Edge,Spring,0,5,1,443
593,52,Male,95453,10,119,13,23,13,7,141,0,Desktop,Edge,Winter,1,2,0,0
594,40,Female,95681,17,11,42,21,2,8,298,0,Mobile,Edge,Summer,0,2,0,0
595,46,Female,115253,3,50,29,1,7,8,143,1,Desktop,Chrome,Summer,1,2,1,103
596,60,Male,59491,2,104,2,21,11,4,23,0,Tablet,Edge,Fall,0,5,0,0
597,28,Female,69336,17,37,28,24,0,6,284,1,Mobile,Chrome,Winter,0,5,0,0
598,35,Male,36905,4,95,48,28,11,6,112,0,Mobile,Firefox,Summer,0,4,1,155
599,64,Female,50273,2,12,4,12,14,9,269,0,Desktop,Safari,Spring,1,5,0,0
600,29,Female,145191,5,9,5,23,4,8,96,1,Tablet,Safari,Winter,0,5,0,0
601,26,Female,135936,10,65,39,7,1,8,331,0,Tablet,Edge,Winter,1,2,1,366
602,27,Female,46234,1,76,41,15,3,5,172,0,Desktop,Safari,Spring,1,4,1,432
603,61,Female,98885,1,108,5,2,1,2,291,1,Tablet,Edge,Winter,0,2,0,0
604,34,Male,86538,4,64,8,1,2,7,303,0,Mobile,Chrome,Winter,0,4,1,398
605,55,Male,124570,7,89,34,4,4,0,235,1,Mobile,Firefox,Winter,0,3,1,35
606,24,Female,52573,14,28,25,8,1,9,306,0,Desktop,Firefox,Spring,1,2,0,0
607,63,Female,113339,14,11,27,17,8,3,87,1,Tablet,Chrome,Fall,0,4,0,0
608,30,Female,141132,18,65,7,29,7,9,296,0,Tablet,Edge,Winter,1,3,1,447
609,57,Male,84320,2,87,36,18,4,1,333,1,Mobile,Safari,Fall,0,3,0,0
610,59,Male,148993,1,99,32,23,10,4,198,0,Desktop,Safari,Summer,0,1,0,0
611,26,Male,31330,16,40,21,5,0,6,221,1,Desktop,Edge,Spring,0,1,0,0
612,44,Male,112040,18,31,47,6,4,0,298,0,Mobile,Edge,Spring,0,1,0,0
613,19,Male,100516,16,33,18,12,3,3,143,0,Mobile,Edge,Fall,0,3,0,0
614,22,Male,92553,6,91,2,24,14,2,60,1,Tablet,Firefox,Summer,1,4,1,450
615,46,Male,61353,10,24,46,28,13,3,314,1,Desktop,Firefox,Fall,1,4,1,81
616,54,Male,36011,2,74,42,16,12,5,289,0,Mobile,Safari,Fall,0,5,0,0
617,55,Female,103537,7,80,5,9,8,9,2,1,Desktop,Edge,Fall,0,2,1,496
618,36,Male,80985,17,118,44,15,1,5,153,0,Desktop,Chrome,Summer,0,3,1,265
619,25,Male,37044,3,80,42,8,6,0,254,0,Tablet,Edge,Summer,1,5,0,0
620,62,Male,58292,12,118,38,12,1,2,59,1,Mobile,Chrome,Summer,1,3,0,0
621,18,Male,142304,2,7,28,14,12,0,251,1,Tablet,Edge,Winter,1,1,0,0
622,39,Female,25250,7,110,31,17,12,0,25,0,Mobile,Edge,Spring,1,3,0,0
623,34,Male,147044,17,43,44,14,10,0,133,0,Mobile,Firefox,Summer,0,1,0,0
624,24,Female,125816,19,103,24,27,11,2,243,0,Desktop,Chrome,Winter,1,1,0,0
625,42,Female,43289,12,87,33,20,2,1,62,0,Mobile,Edge,Winter,0,4,0,0
626,62,Female,53087,9,49,39,5,13,3,104,0,Desktop,Edge,Winter,1,1,1,134
627,21,Male,95952,14,72,12,13,2,6,78,0,Mobile,Chrome,Spring,0,5,1,107
628,53,Male,110695,2,35,39,25,9,1,209,0,Mobile,Safari,Winter,1,2,0,0
629,23,Male,56368,4,110,9,6,7,1,105,0,Desktop,Safari,Summer,0,4,0,0
630,48,Female,140648,19,42,15,14,1,6,91,1,Tablet,Chrome,Summer,1,4,1,14
631,36,Female,90815,16,101,23,6,0,8,164,0,Desktop,Edge,Summer,0,4,1,42
632,61,Female,110693,17,10,44,3,5,2,354,0,Mobile,Edge,Fall,0,2,0,0
633,56,Female,81040,2,12,45,16,5,9,115,1,Tablet,Firefox,Summer,1,3,1,255
634,44,Male,136455,17,32,22,12,10,7,150,1,Mobile,Edge,Winter,0,4,0,0
635,27,Male,78900,19,19,36,14,14,5,233,0,Tablet,Safari,Spring,0,1,0,0
636,43,Male,35494,8,99,10,2,0,5,86,1,Tablet,Safari,Fall,0,3,0,0
637,36,Female,136486,6,12,28,18,4,2,28,1,Mobile,Edge,Summer,0,4,1,42
638,56,Female,65166,12,58,35,7,8,9,48,0,Mobile,Safari,Spring,0,4,0,0
639,20,Male,111110,18,10,29,5,9,8,188,1,Tablet,Edge,Fall,1,5,1,226
640,62,Male,45333,2,33,5,12,10,8,84,0,Tablet,Firefox,Summer,0,5,0,0
641,30,Female,53050,19,119,4,26,9,3,63,1,Mobile,Edge,Spring,1,5,1,399
642,45,Male,117799,10,114,15,17,4,9,2,0,Mobile,Safari,Summer,0,4,1,487
643,37,Male,118075,3,38,30,12,11,5,279,1,Desktop,Safari,Summer,0,4,1,76
644,45,Female,99566,12,11,26,21,6,4,51,0,Mobile,Chrome,Fall,0,5,0,0
645,25,Female,108257,16,44,23,11,5,3,226,1,Desktop,Firefox,Summer,1,1,1,28
646,58,Female,68070,12,78,39,1,10,1,80,0,Mobile,Chrome,Fall,0,5,0,0
647,56,Male,25166,8,17,29,9,9,3,246,1,Desktop,Edge,Winter,0,4,0,0
648,18,Female,27121,5,66,22,8,3,6,206,1,Mobile,Edge,Spring,0,4,0,0
649,20,Male,34677,11,90,35,14,12,2,116,0,Tablet,Chrome,Fall,1,2,1,439
650,30,Male,76561,10,89,48,4,11,2,257,0,Desktop,Chrome,Fall,1,1,0,0
651,45,Female,116777,3,69,47,11,1,2,15,1,Mobile,Chrome,Fall,1,3,1,307
652,42,Male,101909,9,45,18,17,9,8,217,0,Desktop,Chrome,Fall,1,1,0,0
653,50,Female,107409,12,46,35,27,12,0,43,1,Desktop,Chrome,Fall,0,5,1,282
654,55,Female,57664,6,70,46,8,4,4,103,0,Desktop,Safari,Summer,0,5,0,0
655,23,Male,149926,19,97,33,21,11,8,294,0,Desktop,Firefox,Fall,0,1,1,498
656,61,Male,134818,16,15,7,1,11,6,63,0,Mobile,Chrome,Fall,1,2,1,418
657,62,Female,21293,14,105,34,18,13,0,231,0,Desktop,Firefox,Summer,0,2,1,439
658,49,Female,42443,4,54,10,5,13,3,238,0,Mobile,Firefox,Spring,0,3,0,0
659,62,Female,125261,18,75,24,29,9,5,307,1,Desktop,Edge,Fall,0,5,1,437
660,64,Female,69212,10,39,25,25,12,4,250,0,Tablet,Safari,Fall,1,4,0,0
661,38,Female,104131,18,98,48,26,8,1,78,0,Mobile,Firefox,Winter,0,3,0,0
662,33,Female,95276,12,84,44,8,12,0,83,0,Mobile,Firefox,Fall,0,1,1,85
663,38,Male,32559,19,83,27,27,2,3,154,1,Mobile,Firefox,Winter,0,2,0,0
664,28,Male,85231,8,108,6,26,2,9,230,1,Mobile,Firefox,Winter,0,3,1,211
665,54,Male,128277,1,24,49,8,12,4,97,0,Desktop,Safari,Spring,1,4,0,0
666,53,Male,59044,14,32,8,29,11,3,174,1,Tablet,Safari,Winter,1,2,1,396
667,52,Female,41747,6,41,21,9,10,2,140,1,Tablet,Edge,Summer,0,4,1,102
668,36,Male,126456,14,7,41,18,6,9,93,1,Tablet,Chrome,Spring,1,4,0,0
669,37,Male,93509,2,97,19,7,13,7,140,0,Tablet,Edge,Fall,0,2,0,0
670,35,Female,100869,9,63,34,10,9,5,29,0,Mobile,Firefox,Spring,0,4,1,77
671,64,Male,50129,12,105,39,21,1,2,361,1,Tablet,Edge,Summer,0,3,0,0
672,58,Female,20037,5,77,43,16,7,5,61,0,Tablet,Firefox,Spring,0,2,1,376
673,31,Female,124294,2,31,23,3,14,9,41,0,Tablet,Edge,Spring,1,2,1,396
674,32,Female,117847,19,36,13,10,6,7,148,0,Mobile,Edge,Spring,0,2,1,438
675,48,Female,123742,7,52,42,8,7,6,302,0,Mobile,Edge,Spring,0,5,1,187
676,18,Female,142365,7,50,47,18,9,0,247,0,Desktop,Safari,Summer,0,5,0,0
677,20,Male,68503,10,118,39,4,5,5,158,0,Desktop,Edge,Summer,0,2,0,0
678,33,Male,48207,17,107,28,29,4,0,295,1,Tablet,Safari,Fall,0,3,0,0
679,40,Male,129160,14,99,6,12,10,3,246,0,Mobile,Safari,Summer,0,4,1,131
680,28,Female,53241,11,51,12,21,3,9,296,0,Mobile,Edge,Spring,0,3,0,0
681,29,Male,20058,6,94,3,5,13,2,179,1,Desktop,Firefox,Fall,0,5,1,377
682,27,Male,88172,8,44,48,4,7,6,258,0,Tablet,Safari,Summer,0,4,0,0
683,49,Male,116171,19,7,20,19,13,1,218,1,Mobile,Edge,Winter,0,5,0,0
684,33,Male,34834,19,79,41,19,1,3,156,0,Desktop,Edge,Summer,0,4,1,462
685,25,Female,101113,17,33,42,5,14,4,307,1,Desktop,Firefox,Winter,0,2,1,94
686,55,Male,148894,18,95,45,15,5,1,120,0,Tablet,Safari,Fall,0,2,0,0
687,29,Female,137302,12,62,8,12,13,8,264,0,Tablet,Firefox,Fall,1,2,0,0
688,41,Female,47190,9,54,26,26,11,1,287,1,Mobile,Chrome,Summer,1,4,1,257
689,45,Male,92832,16,115,38,13,13,5,39,1,Mobile,Safari,Spring,1,1,1,483
690,25,Female,41383,18,14,28,6,9,7,188,1,Desktop,Chrome,Spring,0,2,1,223
691,45,Female,130974,16,65,35,29,5,6,242,1,Mobile,Edge,Fall,1,3,0,0
692,53,Female,144291,16,103,44,17,4,5,83,0,Tablet,Safari,Summer,0,2,0,0
693,43,Female,44660,4,115,41,27,1,7,205,1,Mobile,Safari,Summer,1,5,0,0
694,25,Female,128029,7,65,41,20,4,4,144,0,Mobile,Firefox,Spring,0,2,1,246
695,45,Female,138485,1,27,43,10,14,9,279,0,Mobile,Chrome,Winter,0,2,1,469
696,45,Female,22674,1,10,38,14,2,8,182,0,Tablet,Firefox,Fall,0,1,0,0
697,54,Male,134100,8,79,2,15,6,1,325,0,Mobile,Edge,Summer,0,1,0,0
698,58,Male,129369,8,64,7,10,6,5,12,1,Mobile,Firefox,Fall,0,5,1,384
699,53,Female,42820,10,111,41,6,7,9,292,0,Tablet,Firefox,Fall,1,3,1,86
700,44,Female,105040,1,119,25,29,10,6,57,0,Tablet,Firefox,Summer,0,3,1,240
701,34,Male,45666,14,31,32,16,11,8,154,0,Mobile,Safari,Fall,0,4,1,413
702,26,Male,63794,14,59,12,2,13,4,92,1,Mobile,Edge,Summer,0,1,0,0
703,50,Male,147104,10,35,11,10,9,5,90,0,Tablet,Edge,Winter,0,5,0,0
704,37,Male,22076,19,34,10,5,10,8,4,0,Desktop,Firefox,Spring,0,2,1,140
705,30,Female,84854,16,71,35,27,13,9,221,0,Desktop,Safari,Summer,0,3,1,126
706,45,Female,148544,9,17,44,9,8,5,144,0,Tablet,Safari,Winter,0,4,1,157
707,46,Male,72342,16,63,4,19,0,0,22,0,Desktop,Firefox,Spring,1,4,1,88
708,30,Male,57555,8,58,42,19,3,3,192,0,Desktop,Edge,Winter,1,2,0,0
709,63,Male,75208,7,108,2,9,5,3,107,0,Tablet,Safari,Fall,0,4,1,14
710,52,Male,52406,11,25,44,16,6,2,326,0,Desktop,Chrome,Winter,0,1,1,129
711,23,Female,81572,6,47,28,29,10,7,220,1,Tablet,Chrome,Fall,1,5,1,60
712,35,Male,60262,15,15,43,19,4,5,239,0,Desktop,Edge,Summer,0,1,1,231
713,22,Male,111320,19,113,46,20,5,6,341,1,Mobile,Edge,Spring,0,5,0,0
714,64,Male,138265,14,71,47,28,0,8,218,0,Mobile,Edge,Spring,0,2,0,0
715,42,Female,106661,15,42,14,25,13,7,39,0,Tablet,Chrome,Fall,1,1,0,0
716,19,Female,43216,6,99,44,4,10,2,245,0,Tablet,Chrome,Winter,0,2,1,375
717,27,Female,88117,10,28,29,5,4,3,150,0,Desktop,Safari,Summer,1,3,0,0
718,47,Male,101136,14,110,2,18,1,0,30,1,Tablet,Edge,Winter,0,4,0,0
719,62,Male,50284,16,55,34,8,14,3,161,0,Desktop,Safari,Summer,0,5,1,357
720,22,Male,40171,13,80,33,13,13,8,104,0,Tablet,Chrome,Summer,1,4,0,0
721,50,Female,110627,11,65,20,9,10,4,158,0,Tablet,Chrome,Summer,1,2,1,252
722,18,Female,34333,3,50,47,10,1,2,309,0,Tablet,Chrome,Winter,0,4,0,0
723,35,Male,50535,8,47,30,4,0,1,134,1,Mobile,Chrome,Winter,0,5,0,0
724,49,Male,109023,3,31,42,19,9,5,54,1,Mobile,Safari,Summer,1,2,1,239
725,64,Female,95940,2,89,26,4,8,3,335,0,Desktop,Chrome,Spring,0,5,0,0
726,28,Male,129470,14,93,20,29,3,5,36,1,Tablet,Chrome,Summer,1,3,1,179
727,38,Male,53700,15,34,1,13,3,2,319,0,Tablet,Edge,Fall,0,5,1,253
728,43,Male,103583,3,98,1,23,8,2,131,1,Mobile,Firefox,Fall,0,4,1,356
729,42,Female,61516,1,67,25,17,4,0,313,1,Mobile,Firefox,Fall,0,1,0,0
730,39,Male,35577,15,14,33,27,3,8,80,0,Mobile,Safari,Winter,0,2,1,213
731,44,Male,109834,2,7,23,11,6,6,272,1,Desktop,Chrome,Winter,0,3,0,0
732,30,Male,144551,18,81,11,2,12,8,120,1,Tablet,Chrome,Spring,0,1,1,157
733,50,Male,35015,1,64,44,26,12,0,134,0,Desktop,Firefox,Spring,1,1,0,0
734,51,Female,111104,9,31,15,5,4,7,205,1,Mobile,Chrome,Winter,0,1,1,222
735,58,Female,134412,3,86,14,25,7,1,265,0,Mobile,Edge,Winter,1,2,1,183
736,52,Female,111740,2,49,1,13,2,2,233,0,Desktop,Chrome,Spring,0,2,0,0
737,18,Male,117284,4,66,33,22,13,0,28,0,Mobile,Chrome,Fall,1,1,1,214
738,38,Female,111803,16,28,6,3,7,6,301,0,Tablet,Firefox,Winter,0,5,0,0
739,23,Male,41236,1,50,23,19,14,4,58,0,Tablet,Firefox,Summer,0,5,1,313
740,45,Female,118151,9,82,26,29,10,2,29,0,Tablet,Chrome,Spring,0,1,0,0
741,34,Male,86640,8,107,3,23,5,3,351,0,Mobile,Chrome,Winter,0,5,0,0
742,22,Female,103190,6,48,46,19,13,9,313,1,Mobile,Chrome,Fall,0,1,0,0
743,48,Female,145782,18,67,6,16,12,5,33,0,Desktop,Chrome,Fall,1,2,1,475
744,22,Female,149516,16,8,40,16,8,5,108,0,Mobile,Safari,Spring,0,5,1,12
745,55,Male,65704,8,20,25,26,5,1,272,0,Mobile,Firefox,Winter,0,3,1,323
746,20,Male,62369,4,55,47,3,3,6,345,0,Tablet,Edge,Winter,1,2,0,0
747,40,Male,23646,3,78,17,26,1,1,191,1,Mobile,Safari,Spring,0,1,0,0
748,54,Female,107007,15,116,28,28,10,8,81,0,Mobile,Safari,Winter,0,3,0,0
749,54,Male,45906,6,105,32,23,2,1,82,0,Tablet,Safari,Summer,0,3,0,0
750,27,Male,106643,1,95,29,25,6,4,96,0,Desktop,Safari,Fall,0,2,1,109
751,27,Male,67728,18,52,23,9,9,7,146,0,Tablet,Chrome,Fall,0,3,1,26
752,36,Male,34878,11,69,41,19,4,7,57,1,Mobile,Chrome,Fall,0,5,0,0
753,34,Male,136742,3,73,16,24,6,3,218,0,Mobile,Edge,Summer,0,3,1,483
754,38,Male,148925,13,81,32,1,6,6,242,0,Desktop,Edge,Fall,0,3,1,376
755,31,Female,29145,17,49,26,14,5,7,284,0,Desktop,Chrome,Summer,0,4,0,0
756,26,Female,108578,18,7,33,28,14,7,168,1,Tablet,Chrome,Winter,1,3,0,0
757,63,Male,38226,14,21,48,24,1,4,136,1,Tablet,Firefox,Summer,0,3,0,0
758,18,Female,22802,7,87,19,11,4,9,141,1,Desktop,Edge,Fall,0,5,0,0
759,62,Female,44119,7,41,41,18,14,1,172,1,Tablet,Firefox,Fall,0,3,1,375
760,30,Male,83560,14,9,17,20,10,1,47,1,Tablet,Edge,Fall,1,3,0,0
761,21,Male,77353,15,51,38,7,14,4,10,0,Mobile,Chrome,Fall,0,2,0,0
762,18,Female,148572,12,110,14,6,9,3,297,0,Desktop,Edge,Summer,0,4,0,0
763,57,Male,134669,12,48,18,12,5,3,195,1,Tablet,Chrome,Summer,0,3,1,273
764,49,Female,112721,8,92,21,25,7,2,330,0,Desktop,Chrome,Spring,0,1,1,491
765,51,Female,143001,16,111,46,24,0,8,15,0,Desktop,Chrome,Spring,0,4,0,0
766,45,Female,82126,9,37,39,2,11,7,216,0,Mobile,Chrome,Summer,0,5,1,497
767,48,Male,91641,2,25,42,13,11,3,189,1,Desktop,Firefox,Winter,0,3,1,447
768,25,Female,71712,14,71,48,20,11,6,253,0,Desktop,Firefox,Fall,1,2,0,0
769,56,Male,72189,16,72,39,1,9,7,330,1,Desktop,Chrome,Summer,0,2,1,285
770,43,Male,77784,5,119,28,23,6,5,52,1,Desktop,Firefox,Spring,1,5,1,494
771,51,Male,88285,5,36,20,15,14,1,59,0,Desktop,Firefox,Winter,0,5,0,0
772,20,Male,135278,18,28,6,20,13,7,176,0,Mobile,Edge,Summer,0,1,1,436
773,29,Male,136056,18,39,26,8,4,2,295,0,Desktop,Safari,Fall,1,5,1,68
774,18,Female,62949,5,22,6,18,13,3,126,0,Mobile,Chrome,Fall,0,5,0,0
775,61,Male,54129,11,71,39,15,13,3,42,0,Mobile,Chrome,Fall,0,4,1,121
776,22,Male,44512,13,107,26,8,6,6,307,0,Desktop,Edge,Fall,1,3,0,0
777,47,Male,122077,3,58,17,2,14,7,306,1,Mobile,Firefox,Summer,1,1,1,294
778,47,Male,99031,17,30,40,11,2,8,348,0,Tablet,Edge,Winter,1,1,0,0
779,34,Male,83554,18,64,2,8,3,0,361,1,Mobile,Firefox,Spring,1,1,1,197
780,64,Female,22064,14,92,21,29,1,0,254,0,Desktop,Edge,Spring,0,3,0,0
781,40,Male,115614,12,69,7,13,11,6,66,1,Tablet,Firefox,Summer,0,5,1,336
782,32,Male,71567,14,55,44,1,5,3,58,0,Mobile,Firefox,Fall,0,5,1,15
783,54,Female,137639,18,118,20,29,4,9,127,0,Desktop,Edge,Spring,0,4,1,186
784,38,Male,50011,2,102,3,18,14,7,4,0,Tablet,Chrome,Summer,0,4,1,33
785,31,Female,91152,7,64,36,5,0,4,235,0,Desktop,Edge,Summer,0,1,1,123
786,19,Female,93511,15,63,43,1,14,0,32,0,Desktop,Firefox,Summer,0,3,0,0
787,28,Female,30960,10,80,44,12,0,1,175,0,Desktop,Firefox,Summer,0,5,0,0
788,56,Female,113528,15,21,19,5,7,9,62,0,Tablet,Chrome,Fall,0,3,0,0
789,55,Male,141789,17,89,30,21,14,2,226,1,Tablet,Firefox,Winter,0,5,1,375
790,51,Male,78920,11,25,11,16,7,1,144,1,Tablet,Edge,Summer,1,3,0,0
791,55,Female,41387,2,71,13,23,5,8,18,0,Desktop,Safari,Winter,1,3,0,0
792,51,Female,35324,18,112,33,18,10,6,220,0,Tablet,Chrome,Fall,0,1,1,370
793,35,Male,83960,4,32,38,2,8,1,234,1,Mobile,Edge,Summer,0,4,0,0
794,47,Female,142994,9,93,48,15,0,6,235,0,Mobile,Firefox,Fall,0,2,0,0
795,32,Female,91779,17,48,2,28,14,9,362,1,Desktop,Firefox,Winter,0,3,0,0
796,44,Female,52628,17,74,46,22,9,0,321,0,Tablet,Chrome,Winter,0,2,1,119
797,51,Male,141269,17,66,23,11,14,4,80,0,Desktop,Edge,Summer,0,1,1,109
798,55,Female,95096,16,46,49,29,7,4,293,0,Desktop,Firefox,Fall,0,3,0,0
799,50,Male,67452,8,98,20,10,1,8,73,0,Tablet,Edge,Winter,0,1,1,354
800,41,Male,61098,15,100,30,3,7,3,337,1,Desktop,Edge,Winter,0,2,0,0
801,32,Male,90459,1,26,15,13,2,3,100,0,Tablet,Safari,Fall,0,5,0,0
802,47,Female,59235,19,42,2,13,5,5,256,0,Desktop,Edge,Spring,0,3,0,0
803,59,Female,106861,15,18,30,24,6,1,315,0,Tablet,Safari,Fall,0,1,0,0
804,34,Male,47949,9,102,25,3,2,9,351,1,Desktop,Chrome,Summer,0,2,0,0
805,22,Male,42821,5,111,4,10,13,5,162,0,Mobile,Safari,Spring,1,3,0,0
806,46,Male,91612,16,115,1,4,1,6,293,1,Mobile,Edge,Summer,1,2,1,114
807,21,Female,42032,13,30,8,14,14,3,162,1,Desktop,Chrome,Winter,0,5,1,453
808,27,Female,93537,16,44,14,29,0,9,357,1,Desktop,Safari,Summer,1,3,1,248
809,34,Male,35303,11,58,11,23,13,8,129,0,Mobile,Chrome,Fall,0,1,1,497
810,27,Male,136003,13,17,24,17,4,4,309,0,Mobile,Firefox,Winter,0,1,0,0
811,34,Female,101993,6,98,24,1,0,2,253,0,Mobile,Edge,Summer,1,1,1,89
812,37,Male,146726,17,23,32,25,0,8,62,0,Desktop,Firefox,Fall,0,1,0,0
813,41,Female,126979,5,46,25,15,4,0,143,1,Mobile,Chrome,Fall,0,3,0,0
814,22,Female,32303,17,45,46,28,2,7,223,1,Desktop,Safari,Fall,0,5,0,0
815,51,Male,70701,1,54,28,22,9,0,307,0,Tablet,Chrome,Spring,1,5,0,0
816,23,Male,70511,5,107,16,21,2,9,14,1,Desktop,Firefox,Spring,1,1,1,52
817,19,Female,100664,5,7,42,2,10,7,364,0,Desktop,Edge,Summer,0,1,1,109
818,30,Female,38280,7,35,39,18,6,4,98,0,Desktop,Chrome,Fall,0,1,0,0
819,60,Female,59427,16,80,16,7,14,6,59,0,Mobile,Firefox,Summer,0,1,0,0
820,60,Female,117180,18,19,36,22,2,7,180,0,Desktop,Chrome,Winter,1,3,1,388
821,28,Female,123550,6,58,12,28,1,0,1,1,Tablet,Chrome,Spring,1,5,0,0
822,64,Male,26967,2,57,12,13,2,0,227,0,Desktop,Edge,Spring,1,4,0,0
823,40,Female,26661,13,49,34,24,14,6,145,1,Tablet,Safari,Fall,1,4,0,0
824,33,Female,97952,10,42,38,3,10,0,312,0,Desktop,Firefox,Fall,0,5,0,0
825,48,Female,86046,11,108,20,3,3,3,133,1,Tablet,Chrome,Fall,0,1,1,257
826,28,Male,126918,2,82,47,13,8,5,145,1,Tablet,Edge,Winter,1,4,1,126
827,33,Male,55200,8,103,15,21,14,1,274,1,Mobile,Chrome,Fall,0,3,1,267
828,25,Female,87442,19,84,22,26,11,9,345,0,Tablet,Safari,Spring,0,1,0,0
829,21,Female,81671,17,54,16,4,1,4,311,0,Desktop,Edge,Winter,0,5,0,0
830,57,Male,111070,16,28,24,16,13,9,47,0,Tablet,Edge,Spring,0,5,0,0
831,21,Male,78168,10,21,3,28,5,9,208,0,Tablet,Chrome,Winter,0,2,1,439
832,42,Male,68322,5,22,1,8,4,9,239,0,Tablet,Edge,Spring,1,3,0,0
833,20,Male,101984,14,46,44,22,5,5,242,1,Mobile,Chrome,Summer,0,3,1,338
834,49,Female,57696,19,21,47,8,4,4,104,0,Desktop,Edge,Summer,0,2,1,305
835,20,Male,90246,4,20,38,16,5,9,277,0,Tablet,Chrome,Summer,0,2,0,0
836,44,Female,129844,16,89,17,23,11,7,157,1,Desktop,Edge,Summer,1,2,0,0
837,46,Female,58892,15,92,41,2,3,3,188,0,Desktop,Safari,Summer,0,3,1,263
838,49,Male,126141,9,102,21,9,7,7,174,1,Tablet,Safari,Spring,1,2,1,180
839,36,Male,35583,3,56,45,27,11,2,100,0,Mobile,Safari,Fall,0,3,1,36
840,38,Male,102720,9,40,47,13,8,6,10,0,Mobile,Chrome,Summer,0,2,0,0
841,22,Male,75215,18,111,48,22,9,4,84,0,Desktop,Chrome,Spring,0,4,1,118
842,35,Female,44853,4,95,13,27,6,4,53,0,Mobile,Chrome,Spring,0,5,1,190
843,45,Female,26109,19,43,2,27,13,5,127,0,Mobile,Safari,Summer,0,3,0,0
844,59,Female,128213,4,85,2,22,13,4,135,0,Tablet,Edge,Summer,0,1,0,0
845,39,Male,79757,9,29,43,12,13,0,286,1,Mobile,Chrome,Winter,0,1,0,0
846,38,Female,26659,1,119,25,2,10,8,349,1,Tablet,Chrome,Winter,0,2,1,201
847,23,Male,21238,1,106,28,9,11,3,55,0,Mobile,Chrome,Fall,0,2,1,473
848,18,Female,141270,19,46,48,1,0,4,244,1,Tablet,Edge,Summer,0,3,1,69
849,22,Male,139211,3,25,49,6,4,0,65,1,Desktop,Chrome,Fall,0,4,1,91
850,58,Female,35064,10,72,26,24,6,2,21,0,Desktop,Firefox,Winter,0,1,0,0
851,29,Female,51115,12,93,35,2,14,2,263,1,Tablet,Edge,Fall,0,3,0,0
852,43,Male,51952,18,63,28,3,4,7,300,1,Mobile,Safari,Spring,0,1,1,91
853,63,Female,25620,14,34,33,26,4,7,324,1,Tablet,Edge,Summer,0,5,0,0
854,51,Female,119790,10,61,18,15,11,8,359,0,Mobile,Chrome,Summer,0,2,1,466
855,31,Male,122985,10,37,14,26,4,9,248,1,Mobile,Chrome,Fall,0,3,1,86
856,43,Male,64258,18,107,41,7,4,6,143,0,Desktop,Safari,Winter,1,2,1,437
857,62,Male,24470,1,94,9,13,12,5,98,1,Desktop,Chrome,Fall,0,3,0,0
858,44,Male,42003,15,93,44,16,10,7,2,0,Mobile,Chrome,Spring,1,2,1,213
859,26,Male,47571,8,57,30,13,4,2,357,1,Tablet,Chrome,Fall,1,2,0,0
860,43,Female,44668,3,20,3,27,0,9,131,0,Tablet,Firefox,Spring,1,3,0,0
861,64,Male,97259,18,53,34,12,11,9,176,0,Mobile,Firefox,Spring,0,5,1,193
862,39,Female,132192,9,92,33,17,5,9,47,1,Tablet,Safari,Winter,1,1,0,0
863,64,Female,116576,16,9,27,21,10,7,241,1,Desktop,Safari,Fall,1,3,0,0
864,47,Male,125481,15,110,9,11,10,2,356,0,Mobile,Edge,Fall,0,5,0,0
865,60,Female,131505,5,107,13,22,11,1,27,1,Tablet,Chrome,Fall,1,4,1,149
866,34,Female,52046,13,81,30,26,12,8,36,1,Mobile,Edge,Spring,1,2,0,0
867,43,Male,90977,7,98,16,7,5,0,339,1,Mobile,Chrome,Spring,0,2,0,0
868,53,Female,136528,16,64,42,13,7,9,354,0,Desktop,Edge,Fall,0,1,0,0
869,18,Male,97255,7,75,26,10,13,9,336,1,Tablet,Chrome,Spring,0,1,1,331
870,25,Male,25397,16,115,5,10,4,1,180,1,Mobile,Edge,Fall,0,2,0,0
871,52,Male,119925,13,85,46,13,1,6,51,1,Mobile,Chrome,Fall,0,2,1,173
872,32,Female,103481,17,59,27,23,12,0,342,0,Tablet,Firefox,Fall,0,3,0,0
873,64,Female,42233,9,95,15,19,6,4,160,0,Tablet,Chrome,Spring,0,1,0,0
874,39,Female,103336,12,39,28,23,13,8,258,1,Tablet,Safari,Summer,0,3,1,399
875,31,Female,80308,13,73,3,17,0,8,17,0,Tablet,Safari,Fall,0,3,1,434
876,43,Male,89726,9,46,41,27,4,3,279,1,Mobile,Edge,Fall,1,2,0,0
877,45,Female,83219,5,73,1,20,11,9,172,1,Tablet,Edge,Winter,0,1,0,0
878,40,Male,123358,7,28,1,7,4,1,302,1,Mobile,Firefox,Spring,0,5,1,419
879,31,Female,21130,1,75,6,23,11,8,54,0,Mobile,Edge,Summer,0,1,1,362
880,41,Female,144293,4,75,11,4,2,3,13,0,Tablet,Safari,Summer,1,3,1,459
881,19,Female,34071,4,59,46,17,1,2,202,0,Desktop,Edge,Summer,0,3,1,279
882,62,Female,105517,16,18,16,24,10,2,327,1,Desktop,Safari,Spring,1,2,0,0
883,43,Female,130240,5,59,33,4,3,6,246,0,Desktop,Safari,Spring,0,4,1,24
884,31,Male,22118,4,19,24,18,6,1,271,0,Mobile,Firefox,Fall,0,1,1,346
885,24,Female,20663,6,9,32,20,9,4,228,0,Mobile,Firefox,Fall,0,5,0,0
886,20,Female,82408,3,105,10,8,2,1,62,1,Desktop,Chrome,Fall,0,1,0,0
887,64,Female,71786,8,8,25,8,12,6,201,0,Tablet,Safari,Summer,0,1,0,0
888,40,Female,101271,17,34,10,21,13,6,152,0,Mobile,Edge,Summer,0,3,0,0
889,63,Male,39158,18,88,13,16,14,2,70,0,Tablet,Safari,Fall,0,2,1,242
890,60,Female,51087,18,57,1,15,5,2,189,0,Mobile,Safari,Fall,0,5,1,477
891,64,Male,108114,12,94,35,18,6,7,327,0,Desktop,Chrome,Summer,1,5,1,229
892,62,Female,73121,1,77,14,23,12,6,208,0,Desktop,Firefox,Fall,1,1,0,0
893,35,Male,148142,12,34,21,19,14,3,131,0,Tablet,Chrome,Summer,0,1,0,0
894,55,Male,39874,11,112,48,6,1,1,157,0,Tablet,Chrome,Spring,1,5,1,262
895,52,Male,128067,13,116,38,9,2,2,277,1,Mobile,Safari,Summer,0,5,1,269
896,32,Male,103443,3,90,1,29,8,2,54,0,Mobile,Chrome,Summer,0,4,0,0
897,42,Male,60821,8,108,20,16,0,4,244,1,Mobile,Safari,Fall,0,4,0,0
898,54,Female,135675,3,109,5,21,7,6,215,1,Mobile,Firefox,Spring,0,5,1,436
899,45,Male,80582,17,112,40,9,0,3,11,1,Tablet,Chrome,Fall,0,2,1,16
900,27,Female,142603,13,98,44,20,2,0,219,0,Desktop,Safari,Winter,0,4,1,386
901,56,Male,42787,10,88,32,25,5,2,205,1,Tablet,Edge,Winter,0,3,1,406
902,34,Male,84703,17,96,1,17,10,2,201,1,Tablet,Chrome,Spring,0,3,1,469
903,56,Female,41705,3,65,45,4,7,0,72,0,Desktop,Safari,Fall,0,3,0,0
904,39,Male,89381,13,75,41,15,6,7,109,0,Tablet,Edge,Fall,1,1,0,0
905,43,Male,131800,6,72,40,11,2,3,27,0,Tablet,Chrome,Summer,0,4,1,88
906,61,Male,124605,14,96,45,14,11,4,349,0,Mobile,Safari,Spring,1,1,1,432
907,42,Male,64653,10,59,2,17,5,2,289,0,Tablet,Safari,Spring,0,2,0,0
908,34,Female,102018,16,103,31,28,0,3,5,1,Tablet,Safari,Spring,1,5,0,0
909,30,Male,120592,18,101,47,13,7,0,265,1,Tablet,Safari,Fall,1,5,0,0
910,37,Male,111626,13,75,46,9,8,3,141,0,Tablet,Firefox,Summer,1,2,1,478
911,42,Female,106217,10,77,26,24,8,1,225,0,Tablet,Edge,Spring,1,4,0,0
912,21,Female,143513,6,102,9,16,13,9,350,1,Mobile,Edge,Spring,1,2,1,199
913,27,Male,52252,10,107,30,8,3,5,89,0,Mobile,Firefox,Summer,0,5,1,192
914,20,Male,93332,5,46,46,14,3,1,134,1,Desktop,Firefox,Summer,1,5,0,0
915,58,Female,92799,6,102,8,15,6,8,103,0,Tablet,Edge,Winter,0,2,0,0
916,62,Male,82185,7,81,5,7,6,1,330,0,Tablet,Edge,Fall,1,1,0,0
917,35,Female,98313,11,33,39,25,10,3,125,1,Mobile,Edge,Winter,1,2,1,51
918,64,Male,61538,16,39,4,27,5,3,304,0,Desktop,Firefox,Summer,1,1,0,0
919,53,Female,40343,12,49,40,11,6,0,83,0,Tablet,Safari,Spring,1,4,1,36
920,64,Female,125689,12,78,36,29,13,6,267,1,Mobile,Firefox,Winter,0,5,1,16
921,39,Female,100398,5,98,21,3,0,0,263,0,Mobile,Edge,Summer,1,3,0,0
922,51,Male,61232,16,112,33,7,8,7,361,1,Tablet,Firefox,Winter,0,3,1,458
923,64,Male,140026,6,94,26,22,13,2,57,1,Tablet,Edge,Winter,0,5,0,0
924,25,Male,123185,9,103,40,5,12,7,287,0,Desktop,Chrome,Fall,0,2,1,409
925,57,Male,73106,5,96,39,9,5,7,187,0,Mobile,Safari,Summer,0,5,1,164
926,61,Female,134322,16,33,11,20,7,9,174,1,Mobile,Edge,Spring,1,2,1,80
927,36,Female,101227,18,74,21,19,14,9,337,0,Tablet,Chrome,Winter,0,2,1,58
928,59,Female,73079,19,7,48,13,12,4,335,1,Tablet,Edge,Winter,0,5,1,283
929,58,Male,45028,12,97,22,27,4,2,135,0,Mobile,Firefox,Summer,1,3,1,330
930,54,Male,62135,2,61,49,19,11,8,94,1,Desktop,Firefox,Summer,0,5,1,450
931,23,Male,51066,10,70,37,16,6,0,351,0,Mobile,Firefox,Spring,0,2,0,0
932,43,Female,139599,12,26,7,2,2,0,9,1,Desktop,Edge,Winter,0,4,1,202
933,51,Male,118717,14,114,42,1,9,1,9,1,Desktop,Edge,Spring,0,3,1,469
934,62,Male,103470,18,115,13,3,0,9,113,0,Desktop,Firefox,Summer,0,2,0,0
935,23,Female,40910,19,118,20,24,6,5,122,1,Mobile,Safari,Summer,1,3,1,20
936,54,Female,133018,6,31,15,12,4,1,108,0,Tablet,Safari,Spring,0,1,0,0
937,50,Male,27141,5,119,38,6,0,3,342,0,Tablet,Firefox,Fall,0,5,1,160
938,39,Female,65950,16,26,34,2,8,5,272,0,Mobile,Edge,Summer,0,5,0,0
939,38,Male,75723,14,78,36,24,8,1,258,1,Desktop,Safari,Summer,0,3,1,449
940,23,Female,36225,13,117,46,16,5,3,198,1,Mobile,Firefox,Winter,0,1,1,272
941,23,Female,120250,2,53,25,29,10,6,118,1,Tablet,Firefox,Fall,0,4,1,436
942,21,Female,107123,2,87,29,5,8,0,156,0,Desktop,Chrome,Winter,1,4,0,0
943,47,Male,52959,12,28,47,12,6,8,128,1,Mobile,Firefox,Summer,0,4,1,173
944,28,Male,69192,1,31,28,4,7,9,43,0,Mobile,Edge,Winter,1,3,0,0
945,47,Male,99711,19,40,14,14,10,9,63,0,Mobile,Chrome,Fall,0,2,1,185
946,48,Female,30051,16,111,4,17,1,6,145,0,Desktop,Chrome,Spring,0,5,0,0
947,41,Female,91428,7,21,38,12,1,8,275,1,Desktop,Safari,Spring,0,1,0,0
948,26,Female,144212,7,60,7,13,3,6,23,0,Mobile,Chrome,Spring,0,1,0,0
949,20,Female,23449,16,14,13,17,0,0,364,0,Tablet,Edge,Summer,0,4,0,0
950,48,Male,61095,6,58,17,20,7,6,275,0,Tablet,Safari,Fall,0,4,0,0
951,57,Male,124213,18,85,29,28,4,8,129,1,Desktop,Safari,Winter,1,1,1,394
952,54,Male,97929,1,112,17,15,11,7,299,0,Tablet,Firefox,Fall,0,5,0,0
953,53,Female,49190,1,78,36,29,13,3,281,1,Mobile,Edge,Fall,0,1,0,0
954,41,Female,120245,14,78,19,9,6,4,182,0,Desktop,Edge,Winter,1,4,0,0
955,48,Male,117069,6,42,26,26,14,2,262,0,Mobile,Chrome,Fall,0,4,1,456
956,23,Female,46141,6,85,45,10,11,9,228,1,Mobile,Edge,Fall,0,3,1,104
957,19,Male,122525,4,94,9,6,1,9,251,0,Desktop,Safari,Spring,0,4,0,0
958,37,Female,43908,12,94,2,17,4,1,81,1,Mobile,Safari,Winter,1,3,0,0
959,45,Female,124847,18,119,20,12,8,2,76,1,Tablet,Edge,Winter,0,5,0,0
960,28,Male,140910,10,102,23,24,8,6,281,1,Mobile,Chrome,Spring,1,4,0,0
961,21,Male,143268,3,8,18,28,1,7,202,1,Mobile,Firefox,Fall,0,4,1,493
962,32,Female,52322,3,54,26,9,13,1,119,1,Tablet,Edge,Fall,0,1,0,0
963,23,Male,70710,8,95,25,2,10,8,252,1,Desktop,Chrome,Winter,0,4,1,426
964,47,Male,34012,1,65,17,16,1,3,122,1,Desktop,Chrome,Spring,0,5,1,434
965,55,Female,54889,18,25,39,16,4,1,174,0,Tablet,Chrome,Spring,0,2,0,0
966,19,Female,37412,15,40,49,22,2,6,359,1,Mobile,Firefox,Summer,1,1,0,0
967,32,Female,116150,17,106,10,23,12,1,59,0,Tablet,Firefox,Spring,1,5,1,341
968,28,Male,130030,11,50,25,27,0,6,55,0,Desktop,Firefox,Fall,0,3,0,0
969,25,Female,44657,13,99,46,29,10,7,152,1,Desktop,Chrome,Winter,0,1,1,306
970,43,Female,25656,10,75,28,1,12,8,331,0,Mobile,Firefox,Winter,0,4,0,0
971,62,Female,28967,13,48,26,27,14,0,152,0,Tablet,Chrome,Spring,1,1,1,91
972,61,Female,104958,17,68,12,21,0,1,168,0,Mobile,Edge,Fall,0,3,0,0
973,22,Female,35764,1,102,44,27,4,1,148,0,Desktop,Chrome,Fall,0,2,0,0
974,23,Male,35873,16,22,49,11,2,6,343,0,Desktop,Edge,Summer,1,4,1,421
975,43,Female,114485,16,92,19,21,8,5,197,0,Mobile,Edge,Spring,0,5,0,0
976,21,Female,129383,3,17,23,3,12,8,124,0,Mobile,Firefox,Fall,0,2,0,0
977,36,Male,71030,2,17,14,2,11,2,228,1,Desktop,Firefox,Spring,1,3,0,0
978,37,Female,87807,6,29,17,14,2,7,333,1,Tablet,Chrome,Fall,0,2,0,0
979,50,Female,21607,11,9,15,1,2,4,194,0,Desktop,Edge,Summer,0,5,0,0
980,37,Male,39523,3,43,21,6,2,4,349,1,Mobile,Edge,Summer,0,5,0,0
981,29,Female,68447,1,33,38,7,13,9,79,0,Tablet,Safari,Spring,0,1,1,24
982,64,Male,69757,11,112,30,2,0,4,8,0,Mobile,Edge,Fall,0,2,1,189
983,18,Female,149042,13,61,19,2,2,7,354,1,Mobile,Firefox,Summer,0,1,0,0
984,43,Male,139423,5,50,32,15,4,6,55,0,Tablet,Firefox,Winter,0,4,1,495
985,31,Male,113526,18,37,29,21,7,6,37,1,Desktop,Edge,Spring,1,3,1,123
986,55,Female,89201,15,92,22,5,6,3,346,0,Mobile,Edge,Winter,1,4,0,0
987,54,Male,148765,18,14,20,13,11,5,249,1,Mobile,Chrome,Fall,1,5,1,468
988,28,Male,101844,15,62,38,19,12,0,200,0,Desktop,Safari,Summer,0,5,1,233
989,53,Female,91388,7,29,38,19,12,5,270,1,Desktop,Safari,Winter,0,5,1,144
990,30,Female,25462,17,109,36,15,10,4,89,0,Tablet,Chrome,Fall,0,5,0,0
991,60,Male,136832,8,78,1,1,3,0,226,0,Desktop,Chrome,Summer,0,2,1,210
992,20,Female,51795,13,43,19,3,3,0,323,0,Desktop,Safari,Spring,0,2,1,368
993,50,Male,89806,16,20,43,25,14,2,160,0,Mobile,Safari,Summer,1,5,1,295
994,23,Male,68465,10,64,26,18,11,3,335,0,Mobile,Chrome,Spring,0,4,0,0
995,27,Female,81109,14,32,7,17,3,0,122,1,Desktop,Edge,Summer,0,3,0,0
996,22,Female,110027,6,80,34,25,7,9,274,1,Tablet,Edge,Summer,0,3,0,0
997,40,Male,70528,7,48,36,21,7,6,237,1,Tablet,Firefox,Winter,0,4,0,0
998,27,Female,56230,6,62,6,8,1,1,267,1,Mobile,Safari,Winter,1,4,1,308
999,61,Female,68242,17,36,37,11,14,3,330,1,Tablet,Safari,Spring,0,4,1,55
1000,19,Male,85883,8,67,22,20,6,8,132,1,Tablet,Safari,Spring,0,3,1,120
1001,30,Male,134688,12,119,9,8,11,7,182,1,Mobile,Safari,Winter,1,3,1,230
1002,57,Male,118366,4,97,43,28,10,1,193,1,Desktop,Chrome,Spring,0,5,1,269
1003,19,Male,21783,10,49,29,21,13,8,110,0,Desktop,Edge,Spring,1,5,0,0
1004,37,Male,48390,6,57,17,6,11,0,214,0,Mobile,Edge,Fall,0,4,1,97
1005,18,Male,28417,7,65,13,6,4,5,240,1,Mobile,Firefox,Winter,0,2,0,0
1006,54,Female,92102,8,54,17,6,1,2,141,0,Mobile,Safari,Summer,0,2,0,0
1007,26,Male,37426,3,31,10,2,12,0,73,0,Desktop,Firefox,Spring,0,1,1,411
1008,34,Female,50750,8,30,25,10,2,7,3,1,Tablet,Edge,Spring,0,3,1,438
1009,26,Female,78188,15,7,18,10,10,5,2,1,Desktop,Chrome,Summer,0,2,1,366
1010,28,Male,30872,1,94,49,9,6,3,344,1,Desktop,Edge,Spring,0,1,1,324
1011,32,Female,114231,13,43,44,23,5,2,210,1,Mobile,Edge,Fall,0,3,1,176
1012,41,Male,149860,18,69,15,3,5,9,312,1,Tablet,Chrome,Winter,0,4,1,154
1013,55,Female,68086,15,39,27,2,11,1,58,0,Desktop,Chrome,Winter,0,4,1,304
1014,52,Male,86770,7,57,19,4,6,4,217,0,Tablet,Edge,Fall,0,5,0,0
1015,47,Male,120288,15,95,15,8,5,7,257,0,Tablet,Edge,Fall,1,1,0,0
1016,48,Male,114368,3,50,45,9,10,7,113,0,Mobile,Firefox,Fall,0,1,0,0
1017,22,Male,144158,14,72,7,26,1,2,71,0,Tablet,Safari,Fall,0,1,1,467
1018,61,Female,103514,4,87,43,2,7,8,102,0,Desktop,Chrome,Spring,0,1,0,0
1019,31,Female,108177,4,26,40,16,6,9,45,1,Tablet,Safari,Spring,1,5,0,0
1020,28,Female,112663,3,64,16,6,5,4,144,1,Mobile,Firefox,Winter,1,5,0,0
1021,26,Female,54720,5,10,24,8,4,6,123,1,Desktop,Chrome,Summer,0,4,0,0
1022,51,Female,38079,11,56,23,3,10,8,273,1,Tablet,Chrome,Winter,0,4,0,0
1023,29,Male,37338,8,77,11,11,5,6,230,0,Desktop,Safari,Summer,1,2,0,0
1024,52,Male,23291,2,79,24,25,13,9,30,0,Desktop,Chrome,Summer,0,1,0,0
1025,52,Male,94084,16,90,5,20,2,2,293,0,Mobile,Edge,Summer,0,1,0,0
1026,18,Male,132808,10,115,39,5,1,1,274,1,Desktop,Firefox,Summer,0,1,0,0
1027,57,Male,130091,18,77,48,12,8,6,204,0,Mobile,Firefox,Summer,1,5,1,419
1028,39,Female,119272,7,33,30,23,0,9,240,0,Mobile,Chrome,Fall,0,1,0,0
1029,46,Male,69393,5,47,16,27,1,7,267,0,Tablet,Chrome,Summer,0,1,1,122
1030,25,Male,113558,7,78,20,11,10,3,60,1,Mobile,Safari,Spring,0,4,1,200
1031,28,Female,89770,6,38,29,5,9,0,235,0,Tablet,Firefox,Fall,0,2,0,0
1032,58,Female,46720,1,35,17,20,9,5,247,1,Desktop,Edge,Fall,0,5,1,322
1033,54,Male,126642,11,90,19,20,0,8,154,0,Desktop,Edge,Winter,1,5,1,183
1034,31,Male,125653,13,50,26,21,7,3,80,0,Mobile,Safari,Fall,0,3,1,93
1035,47,Female,33368,12,8,15,3,3,2,38,0,Tablet,Firefox,Winter,0,1,0,0
1036,52,Male,74313,1,6,25,9,5,5,137,0,Desktop,Firefox,Spring,0,1,0,0
1037,38,Male,67969,15,9,15,28,10,5,225,0,Tablet,Edge,Spring,0,1,0,0
1038,54,Male,68838,1,50,20,18,4,3,242,0,Desktop,Firefox,Fall,1,2,1,13
1039,22,Female,28734,3,83,30,12,7,6,211,0,Tablet,Firefox,Summer,0,1,0,0
1040,36,Male,127187,15,23,21,23,9,1,46,0,Mobile,Firefox,Fall,1,5,0,0
1041,31,Male,119329,9,42,47,4,6,0,172,0,Desktop,Edge,Fall,0,4,0,0
1042,43,Female,146930,14,63,35,24,0,5,42,0,Mobile,Chrome,Winter,0,4,0,0
1043,21,Female,32197,8,83,44,7,7,2,23,0,Mobile,Firefox,Summer,0,3,1,124
1044,42,Female,88895,4,114,6,24,3,2,362,0,Tablet,Chrome,Spring,0,2,0,0
1045,62,Male,123561,6,76,37,20,6,0,290,0,Mobile,Chrome,Summer,0,2,1,238
1046,59,Female,140424,1,24,11,11,2,1,230,1,Mobile,Safari,Fall,1,1,1,259
1047,42,Male,76831,18,80,23,2,14,2,197,1,Mobile,Chrome,Summer,0,3,1,42
1048,35,Female,121255,6,72,44,23,1,0,193,0,Mobile,Safari,Winter,0,4,0,0
1049,57,Male,78073,14,57,39,12,0,7,154,0,Tablet,Firefox,Winter,0,1,0,0
1050,25,Female,92925,11,106,9,9,9,5,55,1,Tablet,Edge,Winter,0,2,1,75
1051,56,Male,132970,17,111,18,6,4,8,255,0,Mobile,Chrome,Summer,0,1,0,0
1052,57,Male,100488,9,59,46,7,14,0,15,1,Desktop,Chrome,Summer,0,4,0,0
1053,31,Female,114611,7,43,36,6,10,3,181,0,Mobile,Edge,Spring,0,3,1,245
1054,49,Female,104475,14,40,40,18,13,3,79,1,Mobile,Safari,Spring,0,5,1,169
1055,55,Male,132531,17,62,48,13,2,4,11,1,Desktop,Safari,Fall,0,1,1,195
1056,50,Female,70302,8,19,36,9,10,1,58,0,Desktop,Safari,Spring,1,2,0,0
1057,40,Male,35624,16,5,28,21,2,0,239,0,Mobile,Chrome,Spring,0,3,0,0
1058,32,Female,87271,12,99,19,28,7,8,298,1,Tablet,Firefox,Spring,0,1,1,88
1059,50,Female,44315,12,13,30,19,0,4,337,1,Tablet,Safari,Spring,1,2,1,111
1060,42,Male,37422,5,27,38,4,12,7,197,0,Desktop,Safari,Fall,0,2,0,0
1061,34,Female,59137,5,56,15,4,1,2,161,0,Mobile,Edge,Spring,0,3,0,0
1062,50,Female,92663,14,30,44,13,0,3,172,0,Mobile,Firefox,Fall,0,2,1,442
1063,64,Male,121216,6,108,12,28,6,3,345,1,Mobile,Firefox,Winter,1,2,1,363
1064,19,Male,68232,7,112,2,25,3,5,135,0,Mobile,Firefox,Spring,1,4,1,188
1065,31,Female,139528,17,107,9,11,2,3,226,1,Mobile,Firefox,Summer,1,5,1,343
1066,57,Male,145420,9,64,35,21,2,4,308,0,Desktop,Firefox,Fall,0,3,0,0
1067,57,Female,98142,13,22,1,2,9,4,269,1,Tablet,Safari,Summer,0,4,1,428
1068,56,Female,52743,9,101,46,6,10,7,32,0,Desktop,Edge,Summer,0,5,1,51
1069,23,Male,119546,16,109,31,12,2,8,295,1,Desktop,Safari,Winter,0,1,0,0
1070,23,Male,35636,4,107,28,23,1,7,78,0,Mobile,Firefox,Fall,0,4,1,146
1071,20,Male,110884,2,82,45,8,4,4,319,0,Desktop,Edge,Summer,0,5,1,495
1072,24,Male,30108,13,62,37,5,0,5,20,1,Mobile,Chrome,Fall,0,2,0,0
1073,25,Male,93634,13,69,7,24,4,3,16,0,Desktop,Chrome,Summer,0,3,1,40
1074,59,Male,56180,19,81,46,24,9,1,158,0,Mobile,Firefox,Fall,0,4,0,0
1075,32,Female,38883,12,83,16,20,13,4,105,0,Tablet,Safari,Winter,0,1,0,0
1076,64,Female,64400,4,105,14,23,7,0,214,1,Mobile,Edge,Summer,0,4,1,242
1077,46,Male,65999,10,73,33,28,6,0,357,0,Mobile,Edge,Winter,1,2,0,0
1078,50,Female,67951,16,18,6,29,14,0,74,0,Tablet,Safari,Summer,0,3,1,107
1079,47,Female,27160,19,82,21,9,13,3,72,0,Mobile,Firefox,Fall,1,4,1,352
1080,56,Female,75262,8,50,10,26,13,4,221,0,Mobile,Chrome,Summer,0,4,1,126
1081,44,Female,39929,6,73,32,4,10,3,334,0,Tablet,Chrome,Fall,0,2,0,0
1082,53,Male,103133,4,79,6,9,14,5,203,0,Mobile,Firefox,Spring,0,3,0,0
1083,46,Female,31123,7,36,2,12,2,1,225,0,Desktop,Edge,Summer,0,2,0,0
1084,55,Female,135106,14,55,39,4,12,4,362,0,Mobile,Safari,Spring,1,2,1,135
1085,50,Male,48357,13,73,49,17,11,5,49,0,Desktop,Firefox,Spring,0,5,0,0
1086,54,Male,90496,5,104,27,20,8,4,101,0,Tablet,Edge,Summer,0,5,1,286
1087,44,Male,53556,9,19,14,2,10,5,229,0,Desktop,Safari,Summer,0,5,1,28
1088,50,Male,103791,3,57,23,22,9,7,133,1,Tablet,Edge,Winter,0,5,0,0
1089,21,Female,81934,10,75,39,13,12,1,361,0,Mobile,Edge,Spring,1,4,1,144
1090,39,Male,98886,15,73,21,15,6,6,299,0,Mobile,Chrome,Fall,0,4,0,0
1091,19,Female,50881,17,98,41,8,0,5,47,0,Tablet,Firefox,Summer,0,2,1,141
1092,27,Female,38409,6,19,30,6,5,9,187,1,Desktop,Edge,Spring,1,3,1,91
1093,22,Male,75416,3,34,25,9,3,7,197,1,Desktop,Chrome,Spring,0,5,0,0
1094,27,Male,118171,18,82,24,22,5,8,255,0,Desktop,Firefox,Fall,1,2,1,26
1095,50,Male,87982,5,28,11,11,13,7,19,0,Desktop,Firefox,Summer,0,3,1,294
1096,55,Male,142117,13,92,35,23,14,4,312,0,Mobile,Safari,Summer,0,2,1,37
1097,30,Male,50657,1,39,4,12,2,3,154,0,Desktop,Firefox,Spring,0,5,0,0
1098,48,Male,106743,17,73,37,21,4,2,194,0,Tablet,Chrome,Summer,0,5,0,0
1099,64,Female,68951,3,16,36,24,2,9,92,1,Desktop,Chrome,Spring,0,4,1,370
1100,53,Female,28752,19,88,13,2,6,8,131,0,Tablet,Firefox,Fall,1,1,1,141
1101,62,Female,137339,12,50,9,2,14,6,335,0,Tablet,Chrome,Winter,0,1,1,469
1102,41,Female,33440,8,73,28,11,4,0,50,0,Mobile,Edge,Winter,0,5,0,0
1103,32,Male,64864,8,40,46,8,3,2,226,0,Tablet,Edge,Fall,0,2,0,0
1104,46,Male,69691,15,89,16,6,14,2,266,1,Desktop,Safari,Summer,1,4,0,0
1105,25,Female,92035,11,52,6,18,9,5,184,0,Desktop,Edge,Fall,0,3,0,0
1106,22,Female,106675,1,107,27,22,6,1,354,0,Mobile,Firefox,Spring,1,2,0,0
1107,46,Female,100303,16,71,10,29,6,3,16,0,Desktop,Edge,Winter,1,2,0,0
1108,64,Male,42343,14,97,23,11,9,1,293,1,Tablet,Safari,Spring,0,1,0,0
1109,21,Male,113248,7,58,21,24,8,4,100,0,Desktop,Chrome,Summer,0,4,1,202
1110,29,Male,39673,6,93,26,6,14,3,278,0,Tablet,Firefox,Winter,1,5,0,0
1111,62,Female,79954,4,95,45,9,2,3,288,0,Desktop,Safari,Fall,0,5,1,484
1112,19,Female,74698,8,40,3,22,10,3,81,0,Desktop,Edge,Winter,0,5,0,0
1113,44,Male,115024,19,56,43,14,10,3,329,0,Desktop,Firefox,Fall,1,2,0,0
1114,48,Male,46520,3,26,35,19,9,4,252,0,Tablet,Firefox,Fall,0,3,0,0
1115,53,Female,129641,4,42,7,25,7,1,180,0,Tablet,Chrome,Spring,0,2,1,407
1116,53,Female,134123,13,103,27,26,6,5,33,1,Mobile,Edge,Winter,0,5,1,96
1117,43,Male,35784,2,66,42,21,8,0,120,1,Tablet,Edge,Fall,1,3,1,99
1118,60,Female,137446,11,69,33,6,1,9,97,1,Tablet,Edge,Spring,0,1,1,88
1119,44,Male,58079,16,7,4,20,5,1,14,0,Desktop,Edge,Spring,0,1,0,0
1120,22,Male,64220,10,92,26,19,4,2,101,0,Desktop,Safari,Summer,1,3,1,12
1121,37,Female,40491,15,12,8,10,2,1,317,0,Mobile,Chrome,Summer,0,4,0,0
1122,28,Female,132878,10,116,20,14,6,2,225,1,Mobile,Firefox,Fall,0,1,1,117
1123,27,Female,136583,2,43,17,5,14,7,321,0,Mobile,Edge,Winter,1,2,1,353
1124,57,Male,68720,6,22,5,12,4,2,239,0,Desktop,Chrome,Summer,0,5,0,0
1125,55,Female,120804,14,109,49,19,5,9,86,0,Mobile,Firefox,Fall,0,1,0,0
1126,23,Female,34718,2,7,9,29,3,0,30,1,Desktop,Edge,Winter,1,3,0,0
1127,25,Male,55597,10,22,8,2,6,7,283,1,Desktop,Firefox,Summer,0,1,1,200
1128,40,Male,81217,17,84,7,15,12,7,64,0,Mobile,Edge,Summer,1,3,1,68
1129,64,Female,118351,8,100,37,6,12,6,289,1,Tablet,Edge,Fall,0,3,1,292
1130,43,Male,120668,16,5,36,8,6,3,309,0,Mobile,Firefox,Fall,0,4,0,0
1131,63,Male,46832,14,30,3,14,4,4,80,0,Mobile,Edge,Winter,1,1,1,496
1132,60,Male,74818,10,56,8,3,14,9,155,0,Desktop,Safari,Summer,0,5,0,0
1133,29,Female,117398,13,116,5,6,6,5,165,0,Desktop,Safari,Fall,0,1,0,0
1134,43,Female,32864,1,16,5,11,6,5,350,1,Tablet,Firefox,Spring,1,3,0,0
1135,30,Male,108378,10,42,17,9,9,6,299,0,Desktop,Edge,Summer,0,1,1,264
1136,57,Male,143633,12,89,47,17,12,3,211,0,Tablet,Firefox,Fall,0,5,0,0
1137,35,Male,28177,17,45,27,19,7,7,99,0,Tablet,Chrome,Spring,0,4,0,0
1138,42,Female,66115,14,57,40,29,13,1,267,0,Tablet,Chrome,Winter,0,4,0,0
1139,50,Male,142318,5,17,39,2,10,8,52,1,Tablet,Chrome,Winter,0,4,0,0
1140,64,Male,126235,19,80,49,28,0,5,126,1,Mobile,Edge,Summer,0,3,0,0
1141,57,Female,76210,5,17,12,8,3,0,122,1,Mobile,Firefox,Summer,0,2,1,31
1142,60,Male,71954,15,22,28,25,10,0,32,0,Mobile,Chrome,Summer,0,3,0,0
1143,29,Female,131145,13,23,4,10,0,7,336,0,Mobile,Edge,Summer,0,5,0,0
1144,61,Female,31844,17,23,28,22,2,9,285,1,Desktop,Edge,Spring,1,4,1,433
1145,53,Female,94130,1,119,25,3,7,9,292,0,Tablet,Chrome,Summer,0,3,1,56
1146,21,Male,33418,14,74,36,10,12,6,88,0,Desktop,Safari,Winter,0,3,1,220
1147,22,Male,54854,4,52,42,24,11,2,171,0,Mobile,Safari,Summer,1,4,1,431
1148,54,Female,108644,9,75,3,26,6,7,308,1,Tablet,Safari,Fall,1,1,1,293
1149,25,Male,95955,17,75,31,23,2,7,309,1,Tablet,Safari,Summer,1,5,0,0
1150,59,Female,108075,3,32,37,2,3,6,68,0,Desktop,Firefox,Spring,1,2,0,0
1151,45,Male,129906,13,96,12,27,1,4,133,1,Mobile,Firefox,Summer,1,2,1,480
1152,48,Female,63950,12,23,37,7,1,7,83,1,Desktop,Chrome,Summer,1,5,1,230
1153,26,Female,85227,16,84,37,1,4,4,176,0,Tablet,Edge,Spring,0,3,1,21
1154,46,Male,32835,4,85,4,24,12,0,112,1,Mobile,Safari,Spring,0,4,1,417
1155,31,Male,37533,18,90,30,12,1,7,257,0,Mobile,Edge,Fall,0,4,0,0
1156,57,Male,134750,3,87,38,5,10,6,355,1,Desktop,Edge,Spring,0,5,0,0
1157,58,Male,115051,17,52,42,9,6,6,258,0,Desktop,Firefox,Winter,0,5,1,390
1158,39,Female,121457,1,33,38,12,0,1,191,0,Desktop,Edge,Spring,1,4,1,374
1159,28,Female,127504,19,52,27,11,8,2,59,1,Mobile,Edge,Winter,0,4,0,0
1160,40,Male,107858,4,23,22,12,14,2,262,0,Tablet,Safari,Winter,1,5,1,375
1161,18,Male,30223,17,115,1,3,9,9,104,1,Mobile,Chrome,Spring,0,3,0,0
1162,63,Female,144202,7,103,48,12,0,5,230,0,Mobile,Firefox,Fall,0,2,1,428
1163,54,Male,30273,2,51,43,23,10,5,212,0,Mobile,Safari,Fall,0,2,0,0
1164,38,Male,53519,12,93,38,24,0,2,339,0,Mobile,Chrome,Summer,0,1,1,485
1165,43,Male,44160,5,64,20,1,13,4,176,1,Desktop,Safari,Summer,1,5,1,194
1166,63,Male,147024,16,52,18,6,8,8,48,0,Desktop,Chrome,Winter,1,1,1,138
1167,53,Female,94385,8,24,6,11,6,6,120,1,Tablet,Safari,Summer,0,1,1,442
1168,40,Female,144540,8,105,49,2,13,8,344,0,Mobile,Safari,Fall,0,2,0,0
1169,18,Male,135388,13,23,12,8,14,1,329,0,Mobile,Chrome,Fall,0,4,1,195
1170,57,Female,111192,14,46,17,22,9,9,32,0,Tablet,Safari,Spring,0,4,1,433
1171,32,Male,68988,11,81,22,11,11,9,360,1,Mobile,Chrome,Fall,1,4,1,239
1172,38,Male,30348,6,115,18,27,3,0,253,1,Mobile,Edge,Spring,1,5,1,485
1173,64,Male,103460,16,80,10,12,2,1,261,0,Tablet,Edge,Fall,0,2,0,0
1174,26,Female,137720,15,53,24,19,11,5,85,1,Tablet,Chrome,Summer,0,5,1,327
1175,26,Female,124471,16,19,20,20,4,9,17,1,Tablet,Safari,Fall,0,5,0,0
1176,27,Female,124668,13,64,12,23,1,6,24,0,Tablet,Edge,Summer,1,3,0,0
1177,43,Female,87519,12,72,4,9,5,7,347,0,Mobile,Chrome,Winter,1,4,0,0
1178,58,Female,110426,18,83,42,11,5,5,112,0,Tablet,Firefox,Fall,1,3,1,400
1179,52,Male,34629,18,85,5,26,11,5,82,0,Tablet,Edge,Summer,0,3,0,0
1180,42,Male,69056,14,31,26,18,0,2,342,0,Desktop,Chrome,Winter,0,2,1,253
1181,43,Female,31273,2,79,36,9,11,8,6,1,Desktop,Chrome,Summer,1,4,0,0
1182,28,Female,140484,2,59,16,15,9,1,284,0,Tablet,Edge,Fall,1,1,0,0
1183,55,Female,117275,3,91,5,22,8,4,106,1,Tablet,Safari,Fall,1,3,0,0
1184,19,Male,60416,8,19,26,18,0,2,148,1,Desktop,Firefox,Summer,0,3,0,0
1185,24,Female,27894,11,56,19,8,5,0,208,1,Tablet,Chrome,Summer,0,1,0,0
1186,35,Male,66073,12,35,6,4,6,1,147,0,Desktop,Safari,Summer,0,1,0,0
1187,44,Male,65693,4,94,24,27,7,5,8,0,Desktop,Safari,Spring,0,2,0,0
1188,51,Female,71466,9,11,31,13,1,9,274,1,Desktop,Chrome,Summer,0,3,1,317
1189,44,Male,44343,17,17,31,15,10,0,293,0,Mobile,Firefox,Winter,0,3,1,223
1190,34,Male,63095,16,58,7,8,7,1,189,1,Desktop,Edge,Fall,1,2,1,151
1191,60,Female,51174,17,17,10,16,10,9,173,0,Tablet,Firefox,Spring,1,1,0,0
1192,61,Male,70801,15,24,39,11,9,4,223,0,Tablet,Safari,Fall,0,3,0,0
1193,41,Female,142388,7,102,22,23,13,0,38,1,Desktop,Chrome,Winter,0,1,1,157
1194,42,Male,129715,10,14,14,23,14,9,2,0,Mobile,Chrome,Fall,1,5,0,0
1195,24,Female,92436,4,118,28,27,1,3,224,1,Tablet,Firefox,Spring,0,3,0,0
1196,23,Female,134441,14,56,42,13,1,4,59,1,Desktop,Firefox,Summer,0,5,1,367
1197,41,Male,89336,14,41,22,7,8,4,75,1,Tablet,Firefox,Winter,0,3,0,0
1198,50,Female,120782,14,56,32,18,6,4,133,0,Desktop,Chrome,Fall,0,1,1,293
1199,46,Male,146947,14,119,11,8,7,9,362,0,Tablet,Chrome,Summer,0,5,0,0
1200,60,Male,128271,18,31,14,2,0,8,221,1,Mobile,Safari,Spring,0,2,1,390
1201,39,Female,62926,15,38,31,3,9,8,212,1,Mobile,Firefox,Summer,0,4,0,0
1202,43,Male,92590,19,104,44,10,5,4,148,0,Mobile,Safari,Winter,0,2,0,0
1203,45,Female,58827,13,66,4,7,0,5,82,0,Mobile,Safari,Fall,0,2,0,0
1204,38,Male,128263,12,20,45,23,4,7,185,1,Tablet,Firefox,Spring,0,5,1,268
1205,24,Male,64775,19,63,22,28,1,6,337,1,Tablet,Edge,Spring,0,5,1,388
1206,34,Female,61201,19,25,29,7,14,5,68,1,Mobile,Chrome,Summer,1,2,0,0
1207,37,Male,49373,2,20,35,4,8,3,275,0,Tablet,Edge,Summer,0,5,1,412
1208,58,Male,47525,3,85,13,21,2,2,249,1,Desktop,Chrome,Spring,0,2,1,138
1209,37,Male,147716,10,83,20,23,9,3,253,1,Mobile,Chrome,Winter,0,3,1,106
1210,39,Male,124513,5,17,19,8,6,2,87,0,Tablet,Chrome,Winter,0,4,1,497
1211,45,Male,92651,12,37,15,19,14,7,283,0,Desktop,Firefox,Winter,0,3,1,487
1212,57,Male,149401,7,58,26,22,1,5,116,0,Desktop,Firefox,Summer,0,5,0,0
1213,24,Male,116643,9,73,20,12,9,5,170,0,Tablet,Firefox,Summer,0,2,1,13
1214,18,Male,50486,2,31,36,25,3,0,252,1,Mobile,Chrome,Spring,1,3,0,0
1215,49,Female,98604,10,56,6,10,9,4,301,0,Desktop,Firefox,Fall,1,2,0,0
1216,30,Male,38640,6,69,15,14,2,7,334,0,Mobile,Safari,Summer,1,3,0,0
1217,47,Male,117694,12,48,4,27,0,1,324,0,Tablet,Edge,Summer,0,1,0,0
1218,40,Female,81455,6,34,6,12,9,2,196,0,Tablet,Safari,Fall,1,1,0,0
1219,36,Female,56136,3,27,2,21,5,8,343,0,Tablet,Chrome,Fall,1,1,0,0
1220,49,Female,82425,10,83,36,20,4,3,36,1,Mobile,Firefox,Summer,0,4,0,0
1221,47,Male,76539,9,104,15,25,5,9,230,1,Mobile,Safari,Winter,0,3,0,0
1222,46,Female,101664,5,87,12,4,13,4,133,1,Desktop,Edge,Spring,0,5,0,0
1223,62,Female,44942,3,98,40,19,0,6,283,1,Desktop,Chrome,Spring,0,3,0,0
1224,46,Male,88363,5,20,44,29,10,4,165,0,Mobile,Chrome,Summer,0,2,1,478
1225,47,Male,78596,8,59,41,7,7,1,27,1,Tablet,Safari,Summer,0,3,1,434
1226,33,Female,101526,8,22,7,21,3,6,95,1,Mobile,Chrome,Winter,0,3,0,0
1227,57,Female,55255,14,94,22,1,6,5,332,1,Desktop,Safari,Winter,1,1,0,0
1228,36,Male,82129,17,21,8,8,7,8,175,0,Tablet,Firefox,Summer,1,2,0,0
1229,35,Male,105523,11,79,42,11,2,1,76,1,Desktop,Chrome,Winter,0,3,0,0
1230,18,Male,138209,16,56,11,1,13,1,128,0,Tablet,Safari,Summer,1,4,0,0
1231,31,Male,131651,6,49,2,25,3,7,246,0,Mobile,Firefox,Spring,1,5,0,0
1232,64,Male,82286,11,60,30,1,8,9,278,1,Desktop,Edge,Winter,0,1,1,465
1233,19,Female,106437,10,97,4,4,14,0,183,1,Tablet,Safari,Winter,1,3,0,0
1234,45,Male,36277,9,58,25,26,11,7,331,1,Desktop,Edge,Spring,0,2,1,304
1235,47,Male,21643,15,13,21,4,8,4,360,1,Mobile,Edge,Spring,1,1,1,312
1236,55,Male,135900,7,117,25,11,6,0,52,0,Desktop,Chrome,Winter,1,1,0,0
1237,21,Male,43729,18,21,9,25,2,9,359,1,Desktop,Safari,Winter,0,3,0,0
1238,18,Male,106623,1,31,8,1,13,0,102,0,Tablet,Firefox,Summer,0,2,1,123
1239,25,Female,41818,15,41,5,10,10,5,256,1,Tablet,Safari,Winter,0,2,0,0
1240,46,Male,85555,2,26,46,29,3,9,77,0,Mobile,Safari,Summer,0,4,0,0
1241,56,Female,118979,2,76,28,25,6,1,262,0,Tablet,Chrome,Spring,1,1,0,0
1242,20,Male,73629,10,71,2,4,12,1,310,1,Tablet,Chrome,Spring,1,4,0,0
1243,49,Female,135296,15,42,21,23,5,0,2,0,Desktop,Firefox,Summer,0,2,0,0
1244,27,Female,75438,10,103,49,25,5,0,203,0,Mobile,Chrome,Fall,1,5,0,0
1245,27,Male,134749,19,100,8,27,10,3,328,0,Mobile,Firefox,Fall,0,5,0,0
1246,36,Male,29457,13,76,34,7,3,4,158,0,Tablet,Firefox,Spring,0,5,1,281
1247,63,Male,79629,11,48,23,2,9,3,347,1,Desktop,Firefox,Winter,0,3,0,0
1248,51,Male,53922,2,95,15,22,7,5,128,0,Mobile,Safari,Spring,0,3,1,392
1249,50,Male,29820,13,100,27,13,8,7,132,1,Mobile,Edge,Fall,0,2,1,300
1250,40,Female,52750,1,40,2,22,9,1,344,0,Desktop,Edge,Winter,1,4,0,0
1251,45,Male,128122,5,102,28,19,6,0,352,1,Tablet,Chrome,Spring,0,3,0,0
1252,49,Male,122020,7,29,11,4,7,1,42,1,Tablet,Safari,Spring,0,2,0,0
1253,24,Female,123546,13,99,46,6,9,9,355,0,Tablet,Safari,Fall,0,5,1,232
1254,46,Male,140247,13,46,21,27,1,5,170,0,Desktop,Edge,Winter,1,5,0,0
1255,25,Female,57790,6,115,42,22,3,3,307,0,Desktop,Edge,Winter,1,1,1,154
1256,18,Male,108405,12,17,32,17,2,6,259,1,Mobile,Safari,Fall,0,4,0,0
1257,20,Female,136130,8,60,32,26,5,1,210,1,Desktop,Safari,Fall,1,2,1,126
1258,41,Male,54421,9,83,7,24,1,0,37,0,Tablet,Safari,Summer,0,2,0,0
1259,40,Female,88038,18,55,22,9,6,4,22,0,Mobile,Chrome,Summer,0,5,1,453
1260,25,Female,137957,11,54,14,2,7,8,161,1,Desktop,Edge,Winter,0,3,1,212
1261,64,Male,102201,11,81,13,20,3,5,230,0,Desktop,Chrome,Fall,0,3,0,0
1262,54,Male,82325,15,56,21,27,7,5,359,0,Mobile,Firefox,Fall,1,2,1,204
1263,20,Male,45600,9,37,22,6,7,0,354,1,Tablet,Edge,Winter,1,3,1,27
1264,50,Female,49394,3,99,34,18,2,0,343,1,Tablet,Chrome,Summer,0,2,0,0
1265,45,Female,99622,17,29,10,27,0,3,318,0,Desktop,Safari,Winter,1,1,0,0
1266,64,Female,56171,17,116,1,23,10,1,35,0,Mobile,Edge,Spring,0,3,0,0
1267,25,Male,119539,3,62,1,22,2,2,285,1,Desktop,Safari,Fall,1,1,0,0
1268,51,Male,81526,19,44,24,24,9,5,322,0,Mobile,Edge,Fall,0,4,0,0
1269,52,Female,139448,9,91,3,15,14,9,306,1,Desktop,Firefox,Spring,0,1,1,366
1270,49,Male,33149,17,42,31,23,11,0,14,1,Tablet,Chrome,Fall,0,4,0,0
1271,41,Female,50394,18,7,43,16,13,9,48,0,Mobile,Chrome,Fall,0,1,0,0
1272,31,Male,34396,15,20,41,26,14,1,300,1,Tablet,Firefox,Fall,0,3,1,328
1273,49,Male,43324,1,6,13,1,12,3,242,1,Tablet,Safari,Summer,0,1,0,0
1274,63,Female,67198,10,27,4,10,0,5,72,0,Mobile,Safari,Spring,0,3,0,0
1275,60,Male,102705,8,102,23,10,11,2,259,0,Mobile,Edge,Fall,0,2,0,0
1276,33,Male,132168,10,34,6,21,13,8,199,0,Desktop,Edge,Fall,0,2,1,483
1277,21,Male,133810,2,115,34,6,1,9,98,0,Mobile,Edge,Fall,1,4,1,492
1278,54,Male,129813,19,14,41,23,7,3,304,0,Desktop,Edge,Spring,1,5,0,0
1279,38,Male,111779,14,69,18,4,3,6,126,0,Mobile,Safari,Fall,0,1,1,486
1280,31,Female,145888,8,26,36,14,13,4,160,0,Tablet,Safari,Fall,0,3,0,0
1281,48,Male,51016,19,56,26,25,12,5,265,0,Mobile,Safari,Fall,1,5,0,0
1282,35,Female,23194,1,115,33,17,8,8,247,1,Mobile,Chrome,Summer,1,2,1,316
1283,24,Male,52398,16,60,33,3,6,8,185,0,Desktop,Firefox,Spring,0,3,1,98
1284,27,Male,24789,15,37,25,26,2,5,302,1,Desktop,Firefox,Summer,0,3,1,425
1285,24,Female,105695,5,93,17,2,13,1,58,0,Tablet,Chrome,Spring,0,5,1,476
1286,50,Female,84967,3,90,3,18,0,8,184,0,Mobile,Chrome,Winter,1,3,0,0
1287,40,Male,128942,17,84,22,17,14,1,271,0,Desktop,Chrome,Spring,0,5,0,0
1288,38,Male,81134,10,34,49,13,12,1,119,1,Mobile,Safari,Summer,0,1,0,0
1289,36,Female,149969,5,86,35,19,0,1,223,1,Tablet,Edge,Spring,0,1,1,104
1290,36,Female,90886,11,28,4,10,13,6,144,1,Desktop,Edge,Fall,1,1,0,0
1291,53,Female,118837,6,9,28,21,0,3,239,1,Tablet,Edge,Summer,0,2,0,0
1292,46,Female,44977,4,57,13,22,9,7,46,0,Desktop,Firefox,Summer,0,5,0,0
1293,35,Male,121967,7,105,30,24,2,7,229,1,Mobile,Edge,Summer,0,1,0,0
1294,19,Male,20129,19,59,47,4,4,0,327,1,Desktop,Chrome,Spring,1,2,0,0
1295,18,Male,79683,7,27,12,17,7,0,291,1,Tablet,Chrome,Winter,0,2,0,0
1296,64,Male,65331,14,110,3,28,7,3,66,1,Desktop,Firefox,Fall,1,2,1,465
1297,22,Male,137647,17,95,21,16,1,1,313,0,Mobile,Chrome,Spring,0,1,1,49
1298,37,Female,54626,17,80,40,25,8,2,290,1,Mobile,Safari,Winter,1,3,0,0
1299,28,Female,68503,13,14,1,19,8,9,227,1,Tablet,Chrome,Fall,0,1,0,0
1300,59,Female,47549,1,102,18,24,6,1,287,1,Tablet,Chrome,Summer,0,2,1,39
1301,19,Male,32342,2,37,13,14,11,9,12,1,Desktop,Chrome,Winter,0,4,1,60
1302,20,Female,56417,18,84,7,20,9,8,175,0,Mobile,Firefox,Summer,0,1,0,0
1303,40,Male,96514,4,97,13,27,4,5,221,1,Mobile,Safari,Summer,0,1,1,161
1304,29,Male,72249,13,66,17,15,4,6,65,1,Desktop,Chrome,Summer,0,3,0,0
1305,37,Male,72664,1,86,45,19,7,5,129,0,Desktop,Safari,Spring,1,1,1,17
1306,22,Female,123164,4,31,32,3,14,0,335,1,Tablet,Safari,Fall,0,1,0,0
1307,54,Male,127716,2,11,29,20,7,4,250,0,Tablet,Edge,Fall,0,2,0,0
1308,55,Male,28833,4,104,45,20,4,2,195,0,Desktop,Safari,Fall,1,2,0,0
1309,47,Female,80658,16,31,30,16,5,9,270,0,Desktop,Safari,Fall,0,4,1,122
1310,26,Male,132439,4,78,11,28,5,7,182,1,Desktop,Safari,Fall,0,2,0,0
1311,51,Female,119027,9,14,14,7,5,6,323,0,Mobile,Firefox,Spring,1,5,0,0
1312,61,Male,148189,17,79,10,18,4,8,340,1,Tablet,Edge,Spring,0,3,1,77
1313,52,Female,49473,2,61,8,8,8,0,306,0,Tablet,Firefox,Winter,0,1,0,0
1314,39,Male,20737,3,34,31,27,13,1,100,0,Mobile,Safari,Fall,1,1,1,246
1315,61,Male,114965,15,7,6,14,0,1,347,0,Tablet,Firefox,Spring,0,5,0,0
1316,41,Female,66647,7,33,19,18,14,0,241,0,Desktop,Chrome,Summer,1,3,1,370
1317,34,Male,84054,4,18,19,1,9,7,116,0,Mobile,Firefox,Fall,0,5,1,287
1318,27,Female,21299,12,81,12,24,2,3,164,0,Desktop,Firefox,Summer,1,5,0,0
1319,47,Male,83281,1,87,39,20,6,6,239,0,Tablet,Firefox,Spring,0,3,0,0
1320,63,Female,138168,17,29,18,6,12,9,11,1,Mobile,Firefox,Winter,0,1,1,304
1321,40,Male,85875,4,14,3,13,8,0,167,1,Tablet,Chrome,Winter,1,1,0,0
1322,49,Male,52920,4,83,9,1,1,7,10,0,Desktop,Chrome,Spring,1,3,0,0
1323,34,Male,74836,9,96,6,19,12,7,51,0,Desktop,Edge,Summer,0,2,0,0
1324,34,Female,62381,10,108,1,7,10,9,288,0,Tablet,Firefox,Summer,1,3,1,74
1325,31,Female,132059,19,53,42,23,12,2,328,1,Mobile,Firefox,Spring,0,5,1,424
1326,26,Female,134286,19,42,40,27,13,8,47,1,Mobile,Edge,Summer,0,5,0,0
1327,57,Female,104971,15,75,29,24,3,4,13,1,Mobile,Edge,Fall,0,1,1,355
1328,19,Female,118730,17,18,49,16,7,4,323,0,Desktop,Edge,Fall,0,3,1,483
1329,62,Male,76298,7,34,35,14,4,4,309,0,Tablet,Chrome,Summer,1,3,0,0
1330,42,Male,44509,3,44,35,2,11,0,309,1,Mobile,Safari,Spring,0,1,1,242
1331,56,Male,146438,5,16,30,7,10,9,121,0,Mobile,Safari,Winter,0,5,1,282
1332,26,Male,141035,16,96,35,20,7,1,298,0,Mobile,Chrome,Winter,0,1,0,0
1333,39,Male,62095,7,118,39,22,11,0,285,0,Mobile,Edge,Winter,0,4,0,0
1334,60,Female,71524,16,18,22,20,10,1,245,1,Mobile,Firefox,Spring,1,5,1,118
1335,63,Male,142814,9,5,43,15,1,8,47,0,Tablet,Firefox,Spring,1,3,0,0
1336,21,Female,129825,1,72,28,25,11,8,219,1,Desktop,Chrome,Fall,0,2,1,121
1337,43,Male,135637,3,53,18,14,7,4,286,0,Tablet,Firefox,Summer,1,2,0,0
1338,46,Female,142383,8,22,32,1,5,3,123,0,Desktop,Chrome,Winter,1,2,1,230
1339,62,Female,149974,18,119,5,17,4,1,14,0,Desktop,Edge,Summer,1,3,0,0
1340,51,Female,86909,18,40,34,16,12,5,253,0,Tablet,Safari,Summer,1,3,1,98
1341,40,Male,149006,19,68,31,5,1,8,79,0,Desktop,Edge,Spring,1,2,0,0
1342,54,Male,92618,7,100,46,21,6,7,238,0,Desktop,Firefox,Spring,0,2,0,0
1343,28,Male,45532,6,32,33,27,0,9,315,0,Desktop,Safari,Summer,0,4,1,436
1344,23,Male,128197,11,96,4,24,13,3,110,1,Desktop,Firefox,Winter,1,1,1,108
1345,35,Female,80285,5,106,14,23,5,5,362,0,Mobile,Chrome,Fall,0,2,0,0
1346,38,Female,38866,12,36,15,27,2,8,64,1,Tablet,Firefox,Spring,0,2,0,0
1347,59,Female,27593,1,76,20,3,5,9,44,0,Tablet,Firefox,Winter,0,4,1,275
1348,53,Female,29495,19,29,20,24,0,9,270,0,Mobile,Safari,Spring,1,1,0,0
1349,58,Male,135058,11,51,49,20,0,3,91,1,Mobile,Safari,Fall,0,2,1,473
1350,55,Female,27837,15,24,35,19,1,8,239,0,Mobile,Firefox,Fall,0,4,0,0
1351,51,Male,96708,16,37,4,2,9,7,300,0,Tablet,Safari,Fall,0,5,1,88
1352,34,Female,38680,3,34,18,25,14,2,317,0,Mobile,Edge,Summer,0,1,1,476
1353,54,Female,141722,11,41,24,14,6,8,258,1,Tablet,Edge,Summer,0,1,1,372
1354,42,Female,75476,11,84,27,28,11,4,243,1,Mobile,Chrome,Fall,0,5,0,0
1355,55,Male,147678,10,57,33,23,13,0,79,1,Tablet,Firefox,Fall,0,2,0,0
1356,29,Male,141830,2,93,25,21,11,7,330,0,Desktop,Safari,Summer,0,5,1,191
1357,40,Female,50346,5,106,5,25,3,4,238,0,Mobile,Edge,Fall,0,2,0,0
1358,59,Female,128621,8,110,18,19,3,4,265,0,Desktop,Edge,Summer,0,2,0,0
1359,39,Female,145846,13,78,45,13,3,1,189,1,Mobile,Safari,Fall,1,4,0,0
1360,38,Male,43412,15,73,46,13,4,8,195,1,Tablet,Firefox,Fall,1,4,1,474
1361,44,Male,108399,2,12,20,29,14,5,166,0,Desktop,Safari,Fall,1,3,0,0
1362,48,Male,138833,12,101,35,6,1,9,198,1,Desktop,Chrome,Summer,1,1,1,108
1363,23,Female,50804,8,105,6,24,10,2,68,1,Desktop,Chrome,Fall,0,4,1,244
1364,44,Male,85206,19,5,27,9,6,6,195,1,Mobile,Edge,Summer,1,1,1,45
1365,57,Female,30934,1,99,28,20,2,1,237,1,Mobile,Chrome,Winter,1,2,1,446
1366,51,Male,50723,8,11,11,1,10,6,158,0,Mobile,Firefox,Winter,1,4,1,366
1367,29,Female,147968,10,66,9,24,2,1,228,1,Desktop,Edge,Summer,0,3,0,0
1368,62,Female,40405,13,115,28,10,10,4,62,0,Tablet,Safari,Fall,0,2,0,0
1369,24,Male,38748,5,91,19,3,12,9,135,1,Desktop,Chrome,Spring,0,5,1,295
1370,27,Female,90766,9,62,39,6,14,9,160,0,Desktop,Firefox,Spring,0,4,0,0
1371,62,Female,66413,10,92,21,16,1,8,107,1,Tablet,Firefox,Fall,1,1,0,0
1372,34,Female,42354,14,82,31,20,5,8,330,1,Tablet,Edge,Spring,0,3,1,243
1373,43,Male,94490,11,91,42,6,3,5,243,1,Desktop,Safari,Summer,0,3,1,354
1374,38,Female,141988,14,77,7,12,3,2,243,0,Desktop,Safari,Summer,1,3,1,210
1375,45,Male,108675,3,12,37,3,14,3,101,1,Tablet,Edge,Fall,1,2,0,0
1376,63,Male,130558,16,68,25,23,7,3,225,1,Desktop,Edge,Spring,1,2,1,301
1377,19,Female,37388,17,12,28,18,11,8,282,1,Desktop,Edge,Winter,0,4,1,236
1378,60,Male,125361,5,7,36,21,14,3,43,1,Tablet,Safari,Fall,0,1,1,63
1379,18,Female,56523,7,62,17,3,1,3,318,0,Mobile,Firefox,Winter,1,5,0,0
1380,53,Male,121150,17,36,26,5,6,4,23,1,Desktop,Safari,Fall,0,2,0,0
1381,43,Female,140950,11,72,28,19,1,5,64,0,Desktop,Chrome,Winter,0,3,1,315
1382,46,Male,77693,12,53,37,25,5,7,328,0,Mobile,Safari,Spring,0,3,0,0
1383,38,Female,55732,2,42,17,24,12,0,183,1,Tablet,Safari,Summer,1,1,1,176
1384,28,Female,61646,19,6,49,18,4,4,144,1,Mobile,Chrome,Spring,1,5,0,0
1385,57,Female,41021,5,13,17,8,7,8,120,0,Desktop,Edge,Winter,0,4,0,0
1386,28,Female,113238,11,50,33,24,5,9,265,1,Mobile,Chrome,Winter,0,4,0,0
1387,53,Male,130952,19,69,34,10,11,3,260,0,Tablet,Edge,Fall,0,2,1,395
1388,56,Male,121059,7,53,23,19,6,7,39,0,Desktop,Chrome,Winter,0,5,0,0
1389,57,Female,146404,6,79,30,10,5,8,300,1,Mobile,Chrome,Summer,1,2,1,418
1390,52,Male,72776,11,33,27,21,7,0,297,0,Desktop,Edge,Summer,0,2,0,0
1391,51,Female,39116,14,94,9,2,1,7,269,0,Tablet,Chrome,Spring,0,1,1,215
1392,64,Female,92009,4,95,20,10,11,7,76,0,Mobile,Firefox,Summer,1,4,1,476
1393,41,Male,132858,8,106,23,22,6,4,280,1,Tablet,Chrome,Summer,0,3,1,120
1394,39,Male,108271,9,33,47,18,4,9,48,0,Desktop,Safari,Fall,1,1,0,0
1395,22,Female,119997,2,37,19,4,13,1,205,0,Desktop,Edge,Fall,0,1,0,0
1396,50,Male,96620,11,32,37,3,11,6,99,0,Tablet,Edge,Winter,0,3,1,58
1397,53,Female,64771,7,99,45,17,12,4,288,1,Desktop,Edge,Spring,0,5,0,0
1398,64,Male,48756,4,87,4,24,14,4,277,0,Tablet,Firefox,Fall,0,3,1,66
1399,37,Male,102604,14,116,13,24,8,5,159,0,Tablet,Safari,Fall,0,3,0,0
1400,36,Male,114452,1,30,38,17,14,9,320,0,Tablet,Chrome,Fall,0,3,1,83
1401,52,Male,22919,12,118,12,28,10,7,163,0,Desktop,Safari,Winter,0,3,1,116
1402,60,Male,43550,19,33,9,22,8,0,144,0,Tablet,Edge,Summer,0,4,1,140
1403,34,Female,56524,5,15,15,12,7,2,168,0,Desktop,Safari,Spring,0,4,0,0
1404,62,Male,74606,8,109,21,17,7,6,90,0,Tablet,Edge,Summer,1,1,0,0
1405,60,Male,88819,11,100,15,13,13,8,38,0,Desktop,Edge,Fall,1,1,1,295
1406,51,Female,90227,4,89,49,9,3,9,259,0,Mobile,Firefox,Fall,0,5,1,236
1407,26,Female,43212,15,106,5,1,11,1,165,0,Tablet,Edge,Fall,0,3,1,137
1408,43,Female,60118,12,38,5,15,7,3,100,0,Mobile,Safari,Fall,0,5,0,0
1409,19,Male,48602,10,108,25,19,1,3,258,1,Mobile,Firefox,Summer,0,5,0,0
1410,26,Male,37540,16,90,24,9,10,6,259,1,Tablet,Safari,Fall,1,5,1,36
1411,26,Female,55829,8,52,37,17,4,4,104,0,Mobile,Safari,Spring,1,5,1,70
1412,57,Female,76309,8,31,31,15,3,4,175,0,Mobile,Chrome,Fall,0,4,0,0
1413,34,Female,85403,6,76,46,2,4,6,106,1,Tablet,Safari,Spring,0,3,1,393
1414,18,Female,91455,3,44,34,4,4,1,111,1,Mobile,Firefox,Winter,0,1,1,92
1415,42,Male,42277,8,114,41,7,4,7,346,1,Tablet,Chrome,Spring,1,2,1,323
1416,60,Male,139133,10,35,14,8,6,5,27,0,Tablet,Edge,Winter,1,4,0,0
1417,57,Male,79673,5,69,27,1,0,4,38,0,Mobile,Chrome,Winter,0,5,1,154
1418,59,Male,141124,11,43,47,1,12,0,172,0,Tablet,Chrome,Spring,1,2,1,269
1419,42,Male,37676,4,102,4,5,1,1,8,0,Mobile,Chrome,Winter,0,3,0,0
1420,56,Female,62844,17,115,23,8,6,5,23,0,Tablet,Chrome,Summer,0,3,0,0
1421,52,Male,84708,3,28,38,1,0,5,134,1,Tablet,Safari,Spring,0,5,0,0
1422,20,Female,29752,18,96,46,3,8,8,59,0,Tablet,Chrome,Summer,1,4,1,276
1423,54,Female,101548,8,118,5,22,11,5,58,0,Mobile,Safari,Summer,1,2,1,345
1424,61,Female,94711,12,72,27,29,2,0,256,1,Desktop,Safari,Winter,0,5,1,283
1425,61,Male,60670,16,86,43,17,10,6,282,0,Mobile,Edge,Summer,1,2,1,282
1426,47,Female,87603,14,97,14,3,5,2,335,0,Tablet,Safari,Fall,0,4,0,0
1427,55,Male,51478,16,27,7,28,3,7,175,1,Mobile,Firefox,Winter,0,1,1,407
1428,51,Female,46439,4,105,46,1,2,5,96,1,Tablet,Edge,Summer,1,2,1,327
1429,29,Male,54747,1,65,45,4,7,2,147,1,Desktop,Edge,Winter,0,3,1,407
1430,36,Female,136424,1,31,18,9,12,2,117,0,Desktop,Safari,Summer,0,2,0,0
1431,54,Male,145332,15,20,32,13,1,7,240,0,Mobile,Safari,Winter,0,2,1,43
1432,61,Female,49810,3,49,2,5,12,5,355,0,Mobile,Chrome,Winter,0,3,1,393
1433,34,Female,38302,14,31,41,14,2,1,154,1,Desktop,Safari,Fall,0,3,1,197
1434,27,Female,86236,9,77,43,19,7,2,308,1,Mobile,Chrome,Spring,0,2,0,0
1435,64,Female,84467,19,9,20,26,2,5,333,0,Tablet,Firefox,Winter,0,2,0,0
1436,29,Male,122350,8,63,29,23,7,6,303,1,Tablet,Edge,Fall,1,2,0,0
1437,33,Male,54841,2,76,43,14,6,3,200,1,Mobile,Edge,Winter,0,4,0,0
1438,41,Male,139349,4,86,26,22,1,7,14,0,Desktop,Safari,Fall,1,3,1,25
1439,36,Female,64713,1,39,38,27,0,2,154,0,Tablet,Edge,Spring,1,5,0,0
1440,25,Female,69546,11,74,1,25,0,5,47,1,Tablet,Edge,Spring,0,3,0,0
1441,48,Female,144836,5,111,5,4,1,6,248,0,Tablet,Firefox,Fall,0,4,0,0
1442,38,Female,23048,2,91,14,4,6,7,94,1,Tablet,Edge,Fall,1,2,1,277
1443,34,Female,138140,13,50,25,9,8,3,232,0,Desktop,Chrome,Winter,0,2,1,499
1444,40,Female,53290,17,94,48,2,6,4,106,0,Tablet,Edge,Winter,0,4,1,422
1445,54,Male,78906,17,60,9,10,2,5,228,1,Desktop,Chrome,Fall,0,1,0,0
1446,33,Male,96637,18,119,30,18,7,0,258,1,Desktop,Chrome,Summer,1,4,1,92
1447,23,Male,49778,9,107,19,25,7,8,158,0,Desktop,Chrome,Summer,0,2,1,61
1448,25,Male,47425,6,28,40,7,8,2,280,1,Tablet,Chrome,Fall,0,3,0,0
1449,42,Male,127045,3,14,8,21,10,1,245,1,Tablet,Firefox,Spring,0,3,0,0
1450,35,Male,103388,8,83,16,14,11,6,82,0,Desktop,Firefox,Winter,1,3,1,252
1451,42,Male,140918,3,42,8,21,12,3,23,1,Tablet,Edge,Fall,0,1,0,0
1452,29,Male,110036,1,88,23,25,8,3,117,0,Tablet,Firefox,Summer,1,5,0,0
1453,32,Female,78176,13,97,9,29,11,9,70,1,Tablet,Chrome,Summer,0,5,0,0
1454,43,Female,32674,5,74,32,15,13,8,75,0,Desktop,Firefox,Winter,0,2,1,101
1455,58,Female,82402,16,52,37,10,8,6,135,1,Desktop,Safari,Spring,0,3,0,0
1456,62,Female,108731,16,13,34,5,3,8,225,0,Tablet,Safari,Spring,0,3,0,0
1457,43,Female,136109,12,119,46,25,9,0,138,1,Tablet,Firefox,Fall,0,3,1,254
1458,64,Female,109907,13,54,18,8,3,2,341,0,Desktop,Safari,Fall,1,3,0,0
1459,49,Female,53053,4,73,45,22,10,9,201,0,Mobile,Edge,Summer,0,4,1,399
1460,27,Male,137433,9,52,44,21,1,9,240,1,Desktop,Safari,Fall,0,2,0,0
1461,33,Male,31957,16,43,15,29,14,5,25,0,Tablet,Edge,Spring,1,4,0,0
1462,24,Female,92644,1,87,15,5,7,0,217,1,Mobile,Firefox,Summer,0,1,1,406
1463,34,Male,73616,5,9,29,5,1,4,280,0,Tablet,Chrome,Summer,0,2,0,0
1464,40,Male,133294,5,88,23,14,2,3,12,0,Desktop,Firefox,Spring,1,3,1,493
1465,43,Male,37829,19,15,23,1,8,3,199,1,Tablet,Edge,Winter,1,3,0,0
1466,38,Male,25837,9,118,1,27,1,6,134,0,Mobile,Safari,Fall,0,4,1,375
1467,39,Male,84141,8,64,22,5,0,4,315,1,Tablet,Firefox,Fall,0,5,0,0
1468,24,Female,35032,19,31,7,19,4,6,83,0,Desktop,Firefox,Summer,1,4,1,343
1469,31,Male,119770,18,97,45,22,6,0,328,0,Desktop,Firefox,Summer,0,5,1,31
1470,32,Female,46352,15,11,32,25,3,8,36,0,Desktop,Edge,Fall,0,2,0,0
1471,24,Female,50215,4,64,28,12,14,7,317,0,Desktop,Safari,Winter,0,2,0,0
1472,26,Female,76319,15,54,32,15,3,6,231,1,Mobile,Firefox,Fall,0,2,1,271
1473,25,Male,146535,13,71,33,3,10,9,100,0,Tablet,Chrome,Summer,0,1,0,0
1474,40,Female,94642,18,73,43,1,2,1,199,0,Tablet,Edge,Winter,0,2,0,0
1475,46,Female,61247,5,59,13,24,5,5,193,1,Mobile,Edge,Winter,1,4,1,329
1476,35,Female,114302,18,81,28,12,11,3,170,0,Tablet,Safari,Winter,0,4,0,0
1477,48,Female,149692,8,20,9,13,12,2,142,1,Mobile,Chrome,Spring,1,5,1,121
1478,47,Male,63048,1,16,48,14,7,7,248,1,Mobile,Firefox,Summer,1,2,1,23
1479,56,Female,139114,19,107,43,25,10,3,321,1,Mobile,Safari,Summer,1,5,1,117
1480,52,Female,124236,17,31,3,10,12,2,12,0,Mobile,Edge,Summer,0,4,1,241
1481,35,Female,95532,2,113,17,20,13,4,211,1,Desktop,Chrome,Winter,0,3,0,0
1482,59,Female,86714,19,37,34,26,10,8,270,0,Mobile,Firefox,Spring,0,2,0,0
1483,56,Male,55319,16,83,32,14,1,9,323,0,Mobile,Edge,Summer,0,1,0,0
1484,34,Female,139058,18,89,9,14,5,2,115,1,Desktop,Firefox,Summer,1,1,1,63
1485,31,Female,36025,2,112,41,13,7,8,355,0,Mobile,Safari,Summer,1,3,1,359
1486,48,Female,29780,6,85,48,21,0,3,323,1,Mobile,Chrome,Fall,1,5,0,0
1487,41,Female,42706,7,59,1,3,3,9,270,0,Desktop,Safari,Fall,0,5,1,10
1488,52,Female,62916,6,56,49,29,0,3,301,0,Mobile,Firefox,Spring,0,5,0,0
1489,61,Female,95503,6,41,42,24,13,1,137,0,Tablet,Firefox,Fall,0,2,1,288
1490,62,Male,50856,9,117,20,19,3,7,157,1,Mobile,Edge,Winter,0,5,1,430
1491,51,Female,123166,8,19,5,20,13,3,61,0,Desktop,Chrome,Spring,0,1,1,470
1492,20,Male,29179,9,88,40,10,10,2,289,0,Mobile,Chrome,Spring,1,1,0,0
1493,54,Male,58623,12,87,45,12,8,2,328,0,Mobile,Firefox,Fall,0,1,0,0
1494,60,Female,37587,18,69,21,23,5,0,168,0,Desktop,Firefox,Winter,1,5,1,223
1495,57,Male,43733,6,72,5,2,5,7,358,0,Desktop,Firefox,Fall,0,2,0,0
1496,43,Female,146210,4,7,4,1,4,4,23,0,Tablet,Edge,Spring,0,1,0,0
1497,40,Male,108306,7,76,8,4,13,4,59,0,Tablet,Firefox,Winter,0,4,1,118
1498,61,Female,119423,18,109,25,8,2,3,356,0,Tablet,Chrome,Spring,1,1,1,477
1499,56,Male,143076,5,112,7,17,13,4,312,0,Tablet,Chrome,Fall,1,2,1,154
1500,32,Male,23975,18,9,37,26,1,4,171,0,Desktop,Edge,Spring,0,1,0,0
1501,21,Female,143405,10,13,42,14,8,8,84,1,Tablet,Chrome,Fall,0,3,1,255
1502,46,Male,98455,8,5,32,14,8,5,248,0,Tablet,Edge,Spring,0,3,0,0
1503,39,Male,95138,1,111,17,19,6,8,314,0,Desktop,Safari,Summer,0,3,0,0
1504,42,Male,65463,15,34,28,4,1,7,134,1,Mobile,Firefox,Winter,0,1,1,436
1505,30,Male,119596,3,75,6,20,3,2,288,0,Mobile,Firefox,Winter,0,2,1,219
1506,35,Male,62154,15,90,42,16,10,1,193,1,Mobile,Chrome,Summer,1,5,1,364
1507,50,Female,95676,14,24,48,19,7,5,188,0,Mobile,Firefox,Spring,1,2,1,124
1508,33,Male,138343,1,97,42,19,9,1,152,0,Mobile,Chrome,Fall,1,4,1,157
1509,62,Male,106706,8,31,36,13,5,2,157,0,Desktop,Firefox,Summer,0,4,1,86
1510,59,Female,136905,7,93,2,7,4,2,8,0,Tablet,Edge,Summer,0,2,0,0
1511,61,Female,48830,9,114,31,24,10,0,269,0,Tablet,Firefox,Spring,0,1,0,0
1512,19,Female,130076,18,103,1,14,9,4,63,0,Tablet,Edge,Spring,0,3,0,0
1513,52,Male,92126,12,95,3,29,1,7,25,1,Mobile,Firefox,Winter,1,3,0,0
1514,59,Male,66745,8,67,13,10,0,8,157,0,Desktop,Edge,Summer,0,5,0,0
1515,51,Male,50609,8,79,31,14,0,6,187,1,Mobile,Edge,Spring,0,1,1,92
1516,47,Male,37401,6,85,29,20,0,4,317,1,Desktop,Safari,Winter,1,5,0,0
1517,30,Female,47729,3,35,44,11,14,7,88,1,Desktop,Chrome,Fall,1,2,1,322
1518,30,Female,123480,2,86,33,11,10,8,125,0,Mobile,Firefox,Spring,1,5,1,322
1519,35,Male,138278,14,23,10,15,5,8,243,0,Desktop,Firefox,Winter,0,4,0,0
1520,49,Male,65167,8,118,38,8,3,8,26,1,Mobile,Chrome,Winter,0,5,1,61
1521,49,Male,114181,6,106,9,24,10,1,84,1,Tablet,Edge,Winter,0,3,0,0
1522,52,Male,77391,4,97,1,22,8,2,196,1,Desktop,Safari,Spring,0,4,0,0
1523,56,Female,146543,5,83,44,17,8,1,278,0,Desktop,Chrome,Fall,0,3,1,331
1524,63,Female,148886,13,66,37,23,2,4,135,0,Tablet,Firefox,Spring,0,2,0,0
1525,46,Male,114583,9,11,32,23,5,2,318,1,Tablet,Chrome,Winter,0,5,0,0
1526,46,Female,78171,13,105,33,21,5,8,118,1,Desktop,Safari,Summer,0,5,1,459
1527,61,Male,108096,9,41,2,6,9,1,266,0,Tablet,Safari,Summer,0,5,1,81
1528,33,Male,26647,16,75,46,14,9,4,287,0,Tablet,Edge,Summer,0,1,1,273
1529,61,Female,41106,12,90,2,9,0,4,26,1,Desktop,Firefox,Winter,0,1,1,493
1530,64,Male,26015,2,80,5,3,14,4,183,0,Mobile,Firefox,Summer,0,4,0,0
1531,27,Female,41506,19,12,10,12,8,0,239,1,Desktop,Edge,Fall,0,3,0,0
1532,47,Male,134149,16,61,38,4,3,9,109,1,Desktop,Edge,Spring,0,2,0,0
1533,42,Female,44067,13,86,37,25,5,6,90,1,Mobile,Chrome,Summer,1,1,1,371
1534,56,Male,148867,5,32,2,15,9,1,281,1,Tablet,Chrome,Winter,0,3,0,0
1535,37,Female,136777,6,86,41,13,11,1,120,0,Desktop,Chrome,Fall,0,5,0,0
1536,22,Male,22056,17,99,42,26,7,8,180,0,Tablet,Chrome,Winter,0,5,1,478
1537,18,Male,117255,17,21,40,28,0,0,18,1,Tablet,Edge,Summer,0,3,1,354
1538,47,Female,143698,17,91,25,18,7,8,152,1,Mobile,Safari,Fall,1,5,0,0
1539,20,Male,49328,3,15,38,14,5,5,108,0,Desktop,Safari,Winter,1,1,0,0
1540,62,Female,97712,13,19,37,13,0,4,143,0,Mobile,Chrome,Spring,1,2,0,0
1541,31,Female,72832,12,34,18,9,11,4,264,0,Mobile,Chrome,Fall,0,1,0,0
1542,47,Male,62771,6,99,27,5,11,4,43,1,Mobile,Edge,Winter,1,5,1,295
1543,21,Male,117421,13,10,20,19,8,5,217,0,Desktop,Chrome,Spring,0,2,0,0
1544,35,Male,106805,14,16,34,8,12,6,24,0,Desktop,Firefox,Summer,0,5,1,475
1545,54,Male,66515,7,91,44,13,8,8,250,0,Mobile,Safari,Fall,0,2,0,0
1546,42,Female,84538,5,65,8,9,9,1,102,1,Desktop,Chrome,Spring,0,4,0,0
1547,18,Male,88650,14,107,4,17,13,3,321,0,Desktop,Chrome,Fall,1,5,1,444
1548,63,Male,98978,18,108,30,5,7,4,26,0,Tablet,Safari,Spring,0,4,1,95
1549,32,Male,60151,4,40,36,9,13,5,330,0,Tablet,Safari,Spring,0,1,1,46
1550,26,Female,21629,1,39,9,11,6,6,154,0,Mobile,Firefox,Fall,0,1,0,0
1551,32,Male,103463,7,71,41,2,0,2,322,0,Mobile,Firefox,Summer,1,1,1,345
1552,41,Female,116853,13,110,12,13,10,2,270,1,Tablet,Edge,Spring,1,5,1,141
1553,21,Male,109432,4,96,14,1,0,8,129,1,Tablet,Firefox,Spring,1,3,1,319
1554,29,Female,48155,13,83,35,8,7,8,94,1,Tablet,Firefox,Fall,1,4,0,0
1555,54,Male,140457,4,81,6,15,12,1,37,0,Desktop,Chrome,Spring,1,4,0,0
1556,54,Male,38288,3,67,47,22,9,3,274,0,Tablet,Chrome,Winter,0,4,1,386
1557,60,Female,70588,8,87,23,2,7,3,158,1,Mobile,Firefox,Fall,0,5,0,0
1558,23,Male,106951,8,44,4,3,0,4,155,0,Tablet,Edge,Fall,0,4,1,138
1559,56,Male,56085,17,86,1,21,7,1,188,1,Tablet,Edge,Spring,1,4,1,43
1560,63,Male,146400,15,35,9,17,7,3,113,1,Tablet,Safari,Spring,1,4,0,0
1561,41,Female,31251,4,41,48,18,11,2,30,0,Mobile,Firefox,Summer,0,5,1,44
1562,28,Male,122420,6,89,9,27,14,5,245,0,Mobile,Safari,Fall,0,5,0,0
1563,30,Female,45574,6,107,44,28,9,3,100,0,Mobile,Firefox,Winter,0,3,1,148
1564,51,Female,29623,10,9,46,17,9,0,21,0,Mobile,Firefox,Fall,0,4,0,0
1565,42,Female,106472,4,119,15,14,12,2,18,1,Tablet,Chrome,Spring,0,3,0,0
1566,24,Male,74715,9,85,24,11,13,7,162,0,Mobile,Firefox,Summer,0,4,1,335
1567,21,Female,26123,16,87,48,23,11,2,159,0,Tablet,Chrome,Winter,0,4,0,0
1568,25,Female,23061,7,8,8,23,2,6,10,1,Tablet,Edge,Spring,1,1,0,0
1569,37,Male,126393,14,30,28,26,0,1,361,0,Desktop,Edge,Fall,0,1,1,226
1570,46,Female,143144,6,28,42,14,2,4,250,1,Mobile,Firefox,Spring,0,3,0,0
1571,62,Female,122035,1,43,46,5,7,6,4,0,Mobile,Edge,Fall,0,5,0,0
1572,63,Male,59095,18,60,17,26,13,0,15,1,Desktop,Firefox,Fall,1,3,1,300
1573,27,Male,79618,12,58,35,6,7,0,53,0,Tablet,Safari,Spring,0,1,1,151
1574,60,Female,48451,15,42,31,29,11,7,187,0,Mobile,Edge,Winter,0,2,0,0
1575,51,Male,101897,1,114,4,19,14,1,55,0,Tablet,Firefox,Winter,0,5,1,359
1576,43,Male,101443,15,58,48,11,6,3,233,0,Desktop,Safari,Fall,0,2,0,0
1577,58,Male,138005,15,23,14,2,1,2,156,0,Mobile,Safari,Summer,0,5,1,58
1578,20,Female,54814,16,98,25,10,12,4,139,0,Tablet,Firefox,Spring,0,1,0,0
1579,23,Female,137832,1,30,46,13,4,1,162,1,Tablet,Edge,Spring,1,2,1,222
1580,22,Male,105141,3,56,48,25,9,5,250,1,Desktop,Edge,Winter,0,2,0,0
1581,22,Female,117792,12,79,40,2,7,7,125,1,Tablet,Firefox,Spring,1,4,0,0
1582,64,Male,96868,7,65,7,14,12,4,116,1,Desktop,Chrome,Spring,0,2,1,197
1583,40,Male,57832,5,107,31,17,2,6,350,0,Desktop,Edge,Winter,1,4,1,41
1584,26,Male,115012,1,71,35,9,5,4,219,0,Desktop,Edge,Fall,1,1,0,0
1585,52,Male,29445,1,26,38,8,1,5,281,0,Mobile,Edge,Summer,1,2,1,235
1586,37,Male,53490,15,21,20,8,7,8,240,0,Desktop,Firefox,Fall,1,4,1,66
1587,59,Female,49767,8,15,16,7,8,9,102,1,Mobile,Firefox,Spring,0,2,1,84
1588,52,Female,66057,11,115,22,25,0,0,40,1,Tablet,Firefox,Summer,0,1,0,0
1589,35,Female,100746,14,43,36,27,3,9,93,1,Mobile,Safari,Fall,1,2,0,0
1590,34,Female,109695,13,65,19,16,5,8,191,1,Tablet,Edge,Summer,0,2,1,76
1591,41,Male,93100,19,115,2,19,13,2,11,0,Desktop,Chrome,Winter,0,3,0,0
1592,20,Male,61043,12,95,4,24,1,9,188,1,Mobile,Edge,Fall,0,3,1,164
1593,49,Female,106755,19,53,34,17,5,2,192,0,Mobile,Safari,Winter,1,4,1,217
1594,52,Female,47946,4,111,7,1,10,3,246,1,Mobile,Edge,Fall,1,2,0,0
1595,55,Male,56587,4,97,47,27,6,7,132,0,Desktop,Firefox,Winter,1,2,1,348
1596,30,Male,23364,3,65,49,13,5,0,330,0,Desktop,Edge,Fall,0,2,1,376
1597,64,Male,144637,6,16,14,16,9,3,310,0,Mobile,Chrome,Fall,1,2,0,0
1598,42,Female,140777,5,17,43,6,9,6,336,0,Desktop,Edge,Winter,0,3,1,117
1599,26,Male,89854,11,62,32,15,10,2,56,0,Desktop,Firefox,Fall,1,2,1,335
1600,21,Male,76088,9,15,17,12,7,6,350,0,Mobile,Edge,Winter,1,4,1,128
1601,31,Female,137468,3,68,37,24,4,4,355,1,Desktop,Firefox,Summer,1,2,1,394
1602,54,Female,97015,9,35,14,8,2,9,44,1,Tablet,Safari,Summer,0,3,1,10
1603,51,Female,27398,12,15,17,26,1,8,209,0,Mobile,Safari,Summer,0,4,1,367
1604,28,Male,22452,3,109,32,1,1,7,261,1,Desktop,Safari,Fall,0,3,1,413
1605,58,Male,107208,17,47,2,11,1,2,195,1,Tablet,Edge,Winter,0,4,0,0
1606,20,Female,143208,12,40,39,15,9,3,80,0,Mobile,Edge,Winter,0,4,1,293
1607,45,Male,53193,18,6,4,1,11,6,68,0,Tablet,Safari,Spring,1,2,1,11
1608,46,Male,99401,4,91,40,25,14,1,137,1,Desktop,Safari,Spring,1,5,1,314
1609,26,Male,45345,10,65,30,16,4,9,4,1,Tablet,Firefox,Summer,0,3,0,0
1610,20,Female,131811,18,40,30,25,9,5,341,0,Tablet,Firefox,Summer,0,4,0,0
1611,42,Female,105895,8,82,33,7,3,8,117,0,Mobile,Chrome,Winter,1,4,1,327
1612,51,Male,94335,9,105,42,1,13,8,95,1,Mobile,Firefox,Spring,0,3,1,144
1613,29,Male,79196,19,53,1,29,1,5,209,0,Tablet,Edge,Summer,1,3,0,0
1614,59,Male,43053,13,31,33,26,4,5,16,0,Tablet,Safari,Winter,1,1,1,436
1615,26,Male,145552,6,16,36,2,6,5,111,0,Tablet,Chrome,Fall,1,3,0,0
1616,32,Female,120428,7,62,49,8,4,9,326,1,Desktop,Safari,Spring,1,5,0,0
1617,57,Female,149022,6,97,31,24,10,5,222,0,Desktop,Safari,Spring,0,5,0,0
1618,42,Male,103220,11,10,37,11,7,2,271,1,Desktop,Safari,Fall,0,5,0,0
1619,22,Male,25015,17,48,14,13,11,3,363,1,Mobile,Edge,Spring,0,1,1,135
1620,28,Female,117201,19,51,6,5,5,5,159,0,Mobile,Firefox,Summer,0,1,1,418
1621,51,Male,28657,12,27,7,18,12,9,94,0,Mobile,Firefox,Summer,0,1,0,0
1622,41,Female,71116,13,119,40,19,8,0,336,1,Mobile,Firefox,Spring,1,4,0,0
1623,32,Male,41951,18,78,24,21,9,0,300,1,Tablet,Edge,Fall,0,2,0,0
1624,55,Female,117599,7,102,4,3,4,6,164,1,Mobile,Firefox,Fall,0,1,1,452
1625,25,Male,118279,5,112,25,26,7,0,296,0,Mobile,Safari,Winter,1,2,0,0
1626,22,Male,46521,16,80,3,1,13,4,319,0,Tablet,Edge,Summer,0,2,1,162
1627,43,Female,74431,4,100,28,22,5,9,255,0,Tablet,Chrome,Winter,1,2,1,394
1628,35,Female,30731,1,30,23,5,6,7,319,1,Desktop,Firefox,Winter,0,5,0,0
1629,23,Male,38744,4,11,36,19,11,5,273,0,Tablet,Edge,Spring,0,1,0,0
1630,54,Male,83094,3,36,48,9,7,2,38,0,Tablet,Chrome,Spring,0,3,1,374
1631,30,Female,38423,4,37,13,26,3,1,182,0,Mobile,Safari,Winter,0,3,0,0
1632,45,Female,134612,1,86,22,24,3,1,187,0,Tablet,Safari,Fall,1,5,0,0
1633,22,Male,37568,12,103,25,7,10,3,25,1,Desktop,Chrome,Winter,0,4,0,0
1634,30,Male,67411,13,24,43,12,5,8,333,0,Tablet,Safari,Fall,1,4,0,0
1635,34,Female,23934,2,99,24,14,1,8,142,0,Desktop,Edge,Spring,1,1,1,64
1636,57,Female,96945,9,73,43,29,8,0,124,1,Mobile,Firefox,Fall,0,3,0,0
1637,62,Female,140482,7,100,37,16,11,4,25,1,Tablet,Safari,Summer,1,2,1,161
1638,49,Female,116946,13,56,33,13,7,8,291,0,Desktop,Edge,Summer,0,1,1,149
1639,46,Female,116344,2,115,14,27,1,3,335,1,Desktop,Firefox,Summer,1,4,0,0
1640,20,Male,28172,1,46,24,18,11,6,175,0,Mobile,Edge,Spring,0,1,0,0
1641,57,Male,47358,18,87,22,10,11,5,232,1,Tablet,Safari,Fall,0,3,0,0
1642,51,Female,86313,7,5,37,21,13,3,145,0,Mobile,Edge,Spring,0,2,0,0
1643,57,Male,149774,18,67,23,21,0,9,345,0,Desktop,Firefox,Spring,0,2,1,239
1644,44,Male,39763,19,11,6,6,9,6,23,0,Mobile,Chrome,Spring,0,4,0,0
1645,30,Female,68673,8,62,19,22,3,6,224,1,Desktop,Safari,Spring,1,4,0,0
1646,62,Male,120722,12,90,12,3,13,1,122,0,Tablet,Safari,Winter,0,5,0,0
1647,50,Male,116706,11,54,26,27,10,6,223,0,Desktop,Firefox,Winter,0,3,0,0
1648,23,Male,105997,9,38,29,4,3,8,230,0,Tablet,Edge,Spring,0,4,1,196
1649,41,Female,130758,4,55,14,1,13,5,17,0,Desktop,Firefox,Fall,0,3,0,0
1650,36,Female,87975,7,14,17,11,1,5,285,0,Mobile,Chrome,Spring,0,5,0,0
1651,33,Male,27804,17,115,30,17,4,5,2,0,Mobile,Firefox,Spring,0,1,0,0
1652,57,Male,131327,11,110,7,5,11,1,267,0,Desktop,Chrome,Winter,1,5,0,0
1653,45,Male,67594,2,30,21,12,2,5,16,0,Desktop,Safari,Winter,1,3,1,149
1654,50,Male,98748,18,36,1,20,2,5,337,0,Mobile,Firefox,Summer,0,4,0,0
1655,58,Male,107189,12,46,49,23,11,8,21,1,Mobile,Firefox,Winter,0,5,0,0
1656,30,Male,107507,9,95,38,7,9,1,251,0,Desktop,Safari,Summer,0,2,0,0
1657,60,Female,87525,11,66,4,4,14,8,277,0,Desktop,Chrome,Fall,0,3,0,0
1658,62,Male,93404,5,16,46,26,11,4,6,1,Mobile,Chrome,Summer,0,4,1,444
1659,42,Male,127562,7,44,8,16,2,8,302,1,Tablet,Edge,Fall,0,1,0,0
1660,59,Female,119248,1,91,18,15,3,9,237,0,Tablet,Firefox,Spring,1,4,1,485
1661,53,Male,44604,5,82,45,14,10,9,23,0,Tablet,Edge,Spring,0,3,1,60
1662,44,Male,136585,6,38,8,29,4,1,314,1,Tablet,Safari,Summer,1,2,1,439
1663,55,Male,42135,13,85,31,2,3,4,185,0,Mobile,Firefox,Fall,0,4,1,59
1664,24,Male,116080,11,74,31,10,8,1,224,0,Desktop,Chrome,Spring,1,4,1,449
1665,22,Female,57918,8,31,28,20,3,4,39,0,Tablet,Chrome,Summer,1,3,0,0
1666,60,Male,149716,2,12,48,24,10,6,31,1,Mobile,Chrome,Fall,0,3,1,115
1667,62,Female,70849,15,101,37,2,6,6,2,1,Tablet,Safari,Spring,1,2,1,137
1668,48,Male,50847,10,103,3,5,9,6,342,0,Desktop,Safari,Winter,1,4,1,309
1669,40,Male,63774,8,51,45,13,10,4,165,1,Mobile,Edge,Spring,0,2,1,491
1670,59,Female,80709,2,85,15,23,4,6,300,0,Desktop,Safari,Summer,0,3,1,146
1671,27,Male,30680,15,30,4,10,9,5,127,0,Desktop,Safari,Summer,0,2,0,0
1672,49,Female,133508,6,61,35,22,8,6,319,1,Mobile,Edge,Fall,0,3,1,430
1673,60,Female,115619,5,11,34,13,8,4,75,0,Desktop,Firefox,Winter,0,1,1,223
1674,47,Female,75037,3,114,36,14,12,1,309,0,Desktop,Edge,Summer,1,2,0,0
1675,56,Male,119969,11,92,6,25,12,8,76,0,Tablet,Chrome,Winter,0,4,0,0
1676,48,Male,131115,11,93,4,18,12,1,350,0,Desktop,Chrome,Winter,0,4,1,213
1677,35,Male,78914,16,103,49,20,7,2,275,1,Desktop,Firefox,Fall,0,4,1,336
1678,53,Male,46309,3,30,30,23,5,8,301,0,Desktop,Firefox,Fall,0,4,0,0
1679,19,Female,127255,9,63,39,28,12,1,235,1,Tablet,Firefox,Winter,0,1,1,174
1680,31,Male,30349,3,118,18,8,11,7,55,0,Desktop,Firefox,Winter,0,4,0,0
1681,30,Male,95079,19,73,22,5,10,2,199,0,Desktop,Firefox,Summer,0,2,0,0
1682,46,Female,80820,11,51,10,21,5,5,29,0,Tablet,Safari,Winter,1,3,1,356
1683,29,Female,94996,14,106,49,20,11,8,304,1,Tablet,Firefox,Fall,0,3,1,420
1684,56,Male,54553,2,39,29,25,14,9,328,0,Mobile,Safari,Fall,1,3,1,166
1685,19,Female,48525,7,34,23,12,1,9,63,1,Mobile,Edge,Summer,1,3,0,0
1686,49,Female,25948,10,54,4,16,6,2,149,0,Desktop,Edge,Fall,1,2,0,0
1687,30,Female,34498,10,93,19,26,8,8,313,1,Tablet,Firefox,Winter,1,4,1,104
1688,63,Female,38991,1,28,26,20,14,6,269,0,Mobile,Firefox,Spring,0,5,0,0
1689,44,Female,110510,6,34,7,19,8,4,155,1,Mobile,Edge,Fall,0,4,0,0
1690,58,Male,120934,14,88,13,25,1,7,196,1,Tablet,Safari,Summer,0,5,1,230
1691,34,Male,79790,2,58,3,7,8,5,344,1,Desktop,Firefox,Winter,0,1,1,479
1692,57,Male,27660,6,71,40,25,6,6,105,1,Desktop,Firefox,Fall,0,3,1,208
1693,48,Male,46245,1,36,11,4,4,2,265,1,Tablet,Firefox,Spring,0,1,0,0
1694,51,Male,20238,3,12,16,19,4,9,74,1,Desktop,Edge,Fall,0,3,0,0
1695,41,Male,39920,4,119,20,10,5,5,75,0,Tablet,Firefox,Winter,1,5,0,0
1696,62,Male,66659,13,54,23,8,12,2,97,0,Desktop,Edge,Fall,0,3,0,0
1697,52,Female,138549,3,51,23,16,7,6,241,0,Mobile,Firefox,Winter,1,3,0,0
1698,23,Male,145983,15,91,32,4,1,9,139,1,Tablet,Edge,Spring,0,4,1,492
1699,36,Male,94874,13,50,41,10,2,5,109,0,Desktop,Safari,Fall,0,4,1,460
1700,47,Male,62517,11,84,42,19,9,9,28,1,Desktop,Firefox,Spring,1,4,1,41
1701,24,Female,146618,4,39,38,16,6,7,102,0,Tablet,Safari,Winter,0,1,1,465
1702,27,Male,95885,17,65,3,12,2,7,350,1,Desktop,Edge,Spring,1,2,1,459
1703,58,Male,66350,5,93,8,20,0,5,119,0,Mobile,Edge,Winter,0,5,0,0
1704,49,Female,97179,8,83,38,2,5,1,72,0,Desktop,Firefox,Summer,0,1,1,322
1705,51,Male,143179,10,55,40,28,6,9,27,0,Mobile,Safari,Fall,0,4,0,0
1706,45,Male,48274,7,67,14,11,8,9,150,0,Desktop,Edge,Winter,0,4,0,0
1707,32,Female,65013,17,12,8,20,0,5,170,1,Mobile,Safari,Summer,1,2,0,0
1708,47,Male,126203,7,38,11,23,10,0,160,0,Mobile,Edge,Spring,1,1,1,89
1709,54,Female,59913,19,29,42,13,8,5,142,1,Desktop,Safari,Fall,0,4,1,316
1710,46,Male,124165,9,117,42,3,9,5,154,0,Desktop,Edge,Fall,0,3,1,391
1711,39,Male,65819,2,48,43,17,6,5,250,1,Tablet,Edge,Fall,0,5,1,178
1712,21,Male,102168,19,87,33,10,7,8,183,0,Mobile,Safari,Fall,1,1,1,174
1713,37,Female,112680,6,47,15,8,2,3,203,0,Tablet,Chrome,Spring,1,3,1,104
1714,49,Female,97857,10,54,37,6,4,6,71,0,Desktop,Chrome,Fall,1,1,1,292
1715,53,Female,122627,13,17,14,14,14,2,183,1,Tablet,Firefox,Winter,0,1,0,0
1716,21,Male,114792,2,50,26,19,2,7,173,1,Mobile,Firefox,Fall,0,4,1,121
1717,44,Male,84910,10,80,8,24,6,1,30,0,Mobile,Chrome,Spring,0,2,1,41
1718,34,Female,43485,10,83,49,22,1,1,322,1,Tablet,Edge,Winter,1,3,1,465
1719,29,Female,22860,5,91,4,1,5,4,355,0,Mobile,Edge,Winter,1,4,0,0
1720,39,Male,69875,4,57,36,25,9,0,154,0,Tablet,Chrome,Winter,1,5,0,0
1721,34,Male,34919,2,67,18,11,1,0,89,0,Mobile,Safari,Summer,0,4,1,494
1722,27,Male,118873,7,108,27,25,8,2,221,0,Tablet,Safari,Summer,0,1,1,455
1723,18,Male,93947,18,6,19,25,14,5,311,0,Desktop,Edge,Fall,0,3,0,0
1724,39,Female,29586,17,44,3,14,5,9,358,0,Mobile,Safari,Summer,0,5,1,86
1725,43,Male,71986,11,27,9,13,4,5,321,0,Mobile,Safari,Spring,1,4,0,0
1726,35,Male,109848,18,63,39,12,5,7,25,1,Mobile,Firefox,Fall,1,1,1,239
1727,31,Male,43055,8,73,2,22,12,6,98,0,Tablet,Safari,Summer,1,5,1,347
1728,64,Male,54890,12,38,9,6,11,0,42,0,Mobile,Firefox,Summer,0,1,1,396
1729,46,Male,83081,1,78,6,29,5,0,300,0,Desktop,Chrome,Spring,1,4,0,0
1730,29,Male,48807,12,31,38,4,5,3,69,0,Desktop,Chrome,Spring,1,4,1,210
1731,53,Male,105920,6,59,28,24,14,0,361,0,Mobile,Edge,Summer,1,1,1,270
1732,52,Female,67177,3,110,48,9,9,0,264,0,Desktop,Safari,Summer,0,3,0,0
1733,29,Female,114461,5,8,34,28,5,9,362,0,Mobile,Edge,Summer,0,3,1,455
1734,24,Female,88625,14,72,29,7,8,0,63,0,Tablet,Safari,Summer,1,2,0,0
1735,46,Male,34242,12,76,48,7,6,2,206,0,Tablet,Edge,Fall,0,4,0,0
1736,28,Female,76317,13,74,3,13,10,9,148,0,Tablet,Edge,Fall,0,3,0,0
1737,50,Male,59978,13,93,16,2,0,1,329,1,Mobile,Firefox,Fall,1,1,1,251
1738,23,Male,36433,17,31,44,2,9,9,255,0,Tablet,Firefox,Summer,1,3,1,316
1739,64,Male,53282,15,51,35,28,8,7,251,0,Desktop,Safari,Spring,1,5,1,496
1740,32,Male,96519,6,118,11,15,5,6,261,1,Mobile,Chrome,Spring,1,5,0,0
1741,49,Female,129274,12,44,43,26,9,9,129,0,Desktop,Edge,Fall,0,1,0,0
1742,28,Male,63578,2,88,23,16,14,7,11,1,Tablet,Edge,Spring,1,1,1,350
1743,40,Male,128333,4,31,30,27,7,3,17,0,Mobile,Safari,Winter,0,4,0,0
1744,43,Female,90207,12,11,48,2,13,8,68,1,Desktop,Chrome,Fall,1,5,1,169
1745,51,Female,44133,3,27,5,20,2,4,5,0,Desktop,Chrome,Spring,0,3,0,0
1746,63,Female,70317,17,88,8,25,2,6,206,0,Tablet,Edge,Spring,0,2,0,0
1747,51,Male,147878,6,68,43,5,12,3,82,0,Tablet,Safari,Summer,1,1,1,291
1748,46,Female,128745,17,117,43,2,13,0,67,0,Desktop,Safari,Fall,0,5,1,324
1749,21,Male,149230,17,119,10,20,11,7,245,1,Tablet,Edge,Fall,0,1,1,105
1750,34,Male,85950,11,102,28,7,8,8,267,0,Mobile,Chrome,Winter,0,3,0,0
1751,52,Female,79612,7,33,36,5,11,8,239,0,Mobile,Firefox,Winter,1,3,1,89
1752,30,Female,84873,2,65,10,11,8,9,231,0,Desktop,Firefox,Spring,0,5,0,0
1753,58,Female,133397,19,48,14,8,4,7,228,0,Mobile,Firefox,Summer,0,4,1,425
1754,56,Male,135792,2,119,38,17,4,0,153,1,Desktop,Edge,Fall,0,4,0,0
1755,32,Male,106778,13,73,37,14,2,2,42,0,Desktop,Chrome,Winter,0,2,1,268
1756,46,Male,82002,16,31,47,29,6,4,291,1,Desktop,Chrome,Fall,0,3,1,221
1757,46,Male,72508,17,16,5,5,6,6,79,0,Desktop,Firefox,Spring,0,1,1,459
1758,28,Male,120720,11,21,6,4,2,7,59,0,Tablet,Safari,Summer,0,3,0,0
1759,49,Male,58379,9,41,30,3,7,0,117,0,Mobile,Safari,Winter,1,5,0,0
1760,19,Female,144814,9,38,19,7,5,4,249,0,Mobile,Edge,Spring,0,2,0,0
1761,64,Male,35231,14,98,49,26,2,2,48,0,Tablet,Safari,Summer,0,4,0,0
1762,31,Female,107385,13,40,14,11,5,6,213,0,Tablet,Chrome,Spring,0,4,0,0
1763,37,Female,61163,11,10,11,1,0,5,259,1,Tablet,Chrome,Fall,1,3,0,0
1764,39,Female,141880,12,100,46,22,5,0,24,1,Tablet,Edge,Fall,0,4,0,0
1765,28,Female,51676,3,36,5,24,6,1,236,0,Desktop,Safari,Spring,1,1,0,0
1766,44,Female,107592,1,77,45,18,3,4,197,0,Tablet,Chrome,Winter,0,2,0,0
1767,20,Male,126564,8,26,31,22,14,4,357,1,Mobile,Edge,Spring,0,3,1,84
1768,34,Male,143395,19,14,44,27,3,0,33,1,Desktop,Safari,Summer,0,2,0,0
1769,61,Male,105483,13,33,32,1,2,3,326,0,Mobile,Firefox,Spring,1,2,0,0
1770,45,Male,75535,7,15,24,29,4,8,175,0,Mobile,Edge,Summer,1,3,0,0
1771,46,Female,130952,13,96,10,16,11,8,53,1,Mobile,Firefox,Summer,0,4,1,75
1772,38,Female,111576,6,70,13,13,12,4,173,0,Tablet,Edge,Summer,1,2,1,303
1773,64,Female,66110,3,60,47,6,10,6,211,0,Mobile,Safari,Spring,0,5,0,0
1774,33,Male,66978,6,89,13,6,0,1,313,0,Mobile,Edge,Fall,0,5,0,0
1775,54,Male,144532,3,99,36,21,5,0,213,0,Mobile,Chrome,Fall,0,4,0,0
1776,37,Male,110818,13,62,22,23,1,1,198,0,Tablet,Firefox,Spring,1,5,0,0
1777,23,Male,111737,13,109,9,14,3,3,296,0,Mobile,Safari,Summer,0,2,0,0
1778,36,Female,92369,13,56,19,5,13,5,3,1,Tablet,Firefox,Spring,0,5,0,0
1779,22,Female,24752,1,65,7,8,5,2,49,1,Desktop,Edge,Fall,0,1,1,38
1780,20,Male,44507,8,21,15,18,10,1,14,0,Mobile,Edge,Fall,1,5,0,0
1781,18,Male,105705,5,95,17,6,10,6,206,0,Tablet,Edge,Fall,0,1,0,0
1782,55,Female,144225,17,34,46,5,5,7,194,1,Desktop,Edge,Summer,1,5,1,69
1783,32,Female,143223,9,109,14,10,11,8,281,0,Mobile,Edge,Winter,0,2,1,363
1784,51,Female,130282,13,76,41,18,9,9,260,0,Desktop,Edge,Winter,0,5,0,0
1785,52,Female,61495,13,41,48,27,6,7,247,1,Mobile,Chrome,Fall,0,5,1,392
1786,42,Male,110466,5,9,2,13,0,1,63,0,Mobile,Firefox,Fall,0,5,0,0
1787,41,Female,80886,14,30,14,23,11,2,55,0,Desktop,Edge,Fall,0,2,0,0
1788,29,Female,90559,11,74,4,20,5,0,258,1,Desktop,Firefox,Spring,0,4,1,227
1789,35,Female,20982,14,84,3,6,8,0,23,0,Tablet,Safari,Summer,1,4,0,0
1790,32,Female,99841,7,5,3,21,7,5,108,1,Mobile,Firefox,Summer,0,1,0,0
1791,61,Male,149128,17,13,11,4,7,2,176,0,Desktop,Firefox,Summer,0,5,0,0
1792,33,Male,36146,4,89,5,13,10,3,15,1,Tablet,Chrome,Spring,1,2,1,322
1793,44,Male,136033,10,75,48,18,13,9,307,1,Mobile,Chrome,Winter,0,3,1,310
1794,25,Male,74843,10,111,29,13,5,7,152,1,Mobile,Firefox,Spring,0,1,0,0
1795,63,Male,140690,15,68,28,13,3,4,276,1,Desktop,Firefox,Winter,0,3,1,433
1796,42,Male,96737,12,83,23,7,0,5,312,0,Desktop,Safari,Summer,1,2,0,0
1797,34,Female,102446,9,28,30,5,4,8,38,1,Desktop,Firefox,Fall,1,5,0,0
1798,46,Female,108567,3,9,23,29,12,1,281,1,Mobile,Safari,Winter,1,4,0,0
1799,25,Female,43636,15,55,41,3,4,2,86,0,Desktop,Chrome,Fall,0,5,0,0
1800,32,Female,102850,12,42,22,6,13,4,324,0,Desktop,Chrome,Winter,0,2,1,491
1801,44,Male,47332,15,33,43,8,6,1,80,0,Tablet,Firefox,Spring,1,2,1,415
1802,63,Female,71434,1,50,12,27,0,7,320,0,Desktop,Safari,Summer,1,1,0,0
1803,24,Male,103866,15,56,27,26,12,1,171,0,Tablet,Safari,Spring,0,1,0,0
1804,20,Female,81271,11,50,40,26,10,3,71,1,Desktop,Firefox,Summer,0,2,0,0
1805,46,Female,82726,5,79,46,12,5,2,88,0,Desktop,Safari,Summer,0,2,0,0
1806,61,Female,100901,7,72,49,2,14,3,57,0,Tablet,Firefox,Summer,0,2,1,103
1807,41,Male,129037,12,63,15,11,6,3,167,1,Mobile,Chrome,Fall,0,1,1,439
1808,20,Female,30108,6,14,47,26,0,5,119,0,Mobile,Edge,Spring,0,1,0,0
1809,37,Male,88896,3,102,23,28,14,9,285,0,Mobile,Edge,Spring,0,2,1,433
1810,63,Male,62553,10,8,44,20,2,9,236,0,Tablet,Firefox,Summer,1,3,0,0
1811,32,Female,60880,4,56,41,3,9,9,320,0,Desktop,Edge,Winter,0,5,0,0
1812,42,Male,134320,13,78,44,23,8,8,303,0,Tablet,Chrome,Summer,0,3,0,0
1813,47,Male,72077,19,101,19,10,12,2,20,1,Mobile,Chrome,Winter,0,1,1,450
1814,31,Female,23625,5,114,44,8,7,0,7,1,Tablet,Chrome,Spring,1,1,1,382
1815,24,Female,58237,18,22,11,8,12,7,210,0,Tablet,Safari,Fall,1,3,0,0
1816,34,Female,21223,1,80,38,14,13,6,238,1,Mobile,Safari,Spring,0,3,0,0
1817,61,Female,79303,16,55,40,4,9,1,350,0,Desktop,Firefox,Winter,0,4,1,93
1818,37,Female,85197,16,27,43,15,5,4,114,0,Desktop,Safari,Fall,1,3,1,381
1819,53,Female,125414,16,112,3,10,7,9,309,0,Mobile,Edge,Spring,0,3,1,345
1820,26,Male,94693,19,29,16,18,11,3,158,0,Desktop,Edge,Spring,0,4,1,391
1821,55,Female,131555,16,64,32,22,1,8,322,1,Mobile,Safari,Winter,0,5,0,0
1822,39,Female,57760,1,41,38,15,12,3,127,1,Desktop,Safari,Spring,0,3,1,56
1823,19,Male,99182,10,72,9,19,12,4,203,1,Mobile,Chrome,Winter,0,3,1,166
1824,41,Female,130174,2,81,41,24,11,7,224,1,Tablet,Chrome,Winter,0,1,1,41
1825,25,Male,147192,14,22,38,3,6,2,70,0,Tablet,Chrome,Summer,0,5,0,0
1826,28,Female,77966,8,33,5,2,1,5,348,1,Tablet,Chrome,Spring,0,3,0,0
1827,30,Female,49024,6,112,1,13,2,5,120,0,Mobile,Chrome,Fall,0,3,1,78
1828,34,Male,90323,3,34,35,13,1,6,153,1,Tablet,Edge,Summer,0,3,1,429
1829,25,Female,43202,16,116,35,25,10,8,23,0,Tablet,Safari,Winter,1,2,1,345
1830,38,Male,139414,17,106,12,9,4,2,140,0,Desktop,Firefox,Spring,0,2,0,0
1831,35,Female,71524,12,96,36,25,12,4,112,0,Tablet,Safari,Spring,0,5,1,440
1832,47,Female,63908,19,11,21,3,9,4,138,0,Mobile,Edge,Winter,1,1,1,328
1833,35,Male,56067,3,92,48,2,4,4,180,0,Mobile,Firefox,Fall,0,5,0,0
1834,63,Female,29360,13,45,43,14,5,5,119,0,Tablet,Edge,Summer,0,4,0,0
1835,64,Female,118228,16,78,8,16,14,0,130,0,Desktop,Chrome,Winter,0,3,0,0
1836,48,Male,124755,11,41,27,14,5,8,188,0,Tablet,Firefox,Spring,0,5,0,0
1837,55,Female,32941,16,31,9,4,14,2,81,0,Mobile,Edge,Winter,0,3,1,417
1838,49,Male,35993,2,25,28,2,6,5,201,0,Tablet,Safari,Summer,0,5,0,0
1839,28,Female,34620,4,104,30,16,13,3,327,0,Desktop,Edge,Winter,1,4,0,0
1840,62,Male,143271,4,47,14,8,7,6,74,0,Tablet,Edge,Winter,0,3,1,175
1841,42,Female,40193,17,55,23,26,3,7,278,0,Mobile,Safari,Fall,0,2,0,0
1842,50,Male,71559,1,97,29,1,8,3,126,0,Mobile,Safari,Spring,0,3,1,234
1843,55,Male,41248,1,75,26,18,2,9,156,0,Desktop,Chrome,Winter,1,2,1,61
1844,58,Female,65852,5,17,22,22,4,5,183,0,Desktop,Safari,Spring,1,1,0,0
1845,25,Female,25027,12,113,15,9,14,9,106,1,Desktop,Safari,Fall,0,2,1,431
1846,28,Male,83410,6,57,9,26,14,6,334,1,Mobile,Chrome,Summer,1,5,1,304
1847,39,Female,24260,6,91,26,12,2,9,147,1,Tablet,Edge,Winter,0,3,1,317
1848,41,Male,57596,17,67,17,5,14,6,1,0,Desktop,Edge,Fall,0,3,1,276
1849,58,Female,127076,13,118,9,21,1,8,184,0,Desktop,Safari,Fall,0,5,0,0
1850,34,Female,29012,8,61,3,3,11,7,88,1,Tablet,Chrome,Fall,0,3,0,0
1851,29,Male,45823,12,29,16,8,10,2,192,0,Tablet,Edge,Spring,0,4,0,0
1852,63,Male,93851,15,109,13,28,4,3,87,0,Desktop,Edge,Spring,1,3,1,330
1853,49,Female,67027,19,113,26,22,8,8,69,1,Tablet,Edge,Fall,0,3,1,55
1854,32,Female,98167,17,17,17,26,5,6,340,0,Desktop,Edge,Fall,1,1,0,0
1855,33,Female,103794,9,41,32,28,3,6,110,1,Desktop,Safari,Winter,0,3,0,0
1856,39,Female,45099,18,34,24,16,6,0,360,0,Desktop,Edge,Winter,0,3,1,119
1857,45,Female,121427,2,94,36,18,9,1,172,0,Tablet,Chrome,Spring,0,4,0,0
1858,37,Male,56992,11,16,22,12,4,0,177,0,Desktop,Chrome,Fall,0,2,0,0
1859,50,Female,139942,17,69,9,12,11,3,99,0,Tablet,Safari,Spring,0,2,0,0
1860,27,Female,116912,18,22,22,21,6,3,36,1,Mobile,Firefox,Fall,1,3,1,383
1861,57,Male,137886,15,89,41,4,12,4,225,1,Tablet,Edge,Summer,0,2,0,0
1862,49,Male,30977,7,66,46,27,1,4,344,0,Tablet,Safari,Summer,0,1,0,0
1863,50,Male,76234,16,28,20,10,1,0,293,0,Mobile,Firefox,Summer,1,1,0,0
1864,19,Female,112230,1,64,3,9,8,6,253,1,Mobile,Safari,Winter,0,2,0,0
1865,50,Male,67376,18,21,36,4,14,5,51,1,Desktop,Safari,Fall,0,1,0,0
1866,50,Male,53978,8,110,33,24,14,7,293,0,Mobile,Firefox,Fall,0,3,1,133
1867,58,Male,29218,7,64,18,1,3,3,153,1,Tablet,Chrome,Winter,1,2,1,18
1868,30,Male,41788,2,13,36,5,0,0,342,1,Desktop,Firefox,Summer,1,4,1,385
1869,47,Female,40501,12,56,10,25,8,2,237,0,Desktop,Edge,Winter,0,3,0,0
1870,50,Female,97989,16,108,36,3,14,8,261,1,Mobile,Firefox,Fall,0,3,1,280
1871,30,Female,123733,9,96,21,11,0,9,136,1,Mobile,Edge,Winter,0,3,1,410
1872,43,Male,35210,11,19,25,13,13,6,254,1,Mobile,Edge,Winter,0,2,1,321
1873,39,Male,148476,15,81,49,22,14,1,309,0,Desktop,Chrome,Winter,0,4,0,0
1874,56,Male,94225,3,32,40,11,10,2,105,1,Desktop,Safari,Summer,0,4,1,187
1875,19,Male,65489,13,85,9,26,1,1,283,0,Mobile,Firefox,Winter,0,4,0,0
1876,55,Male,112917,13,13,48,6,8,3,317,1,Desktop,Edge,Summer,1,2,1,420
1877,56,Male,83721,2,60,27,27,10,1,321,0,Desktop,Firefox,Summer,1,1,0,0
1878,43,Female,115044,6,89,15,22,2,3,84,0,Desktop,Firefox,Winter,0,3,1,79
1879,63,Female,62653,6,98,32,4,10,6,199,1,Desktop,Edge,Winter,1,3,1,157
1880,32,Male,106678,12,79,48,7,0,7,45,0,Desktop,Edge,Summer,1,1,0,0
1881,51,Female,60950,4,98,44,3,2,9,189,1,Tablet,Safari,Winter,1,2,0,0
1882,59,Male,28916,5,40,39,22,8,5,50,1,Desktop,Firefox,Fall,0,4,0,0
1883,61,Male,85911,8,60,16,10,11,8,304,1,Mobile,Edge,Summer,0,2,1,454
1884,57,Female,51449,6,93,28,5,1,5,201,0,Desktop,Safari,Spring,1,1,1,296
1885,28,Male,109333,3,75,6,19,4,2,175,1,Desktop,Firefox,Spring,1,5,0,0
1886,20,Female,40782,8,24,6,18,0,0,142,1,Mobile,Firefox,Summer,0,5,0,0
1887,23,Male,112564,19,59,38,28,9,8,275,0,Tablet,Edge,Spring,0,1,1,252
1888,26,Male,40243,11,64,47,17,0,2,190,0,Mobile,Chrome,Fall,0,1,1,27
1889,23,Female,136374,18,39,2,24,13,0,134,1,Mobile,Edge,Summer,1,4,1,368
1890,26,Male,49379,10,78,41,1,11,1,101,0,Mobile,Firefox,Summer,0,3,0,0
1891,56,Male,57780,12,103,40,5,6,2,346,0,Desktop,Chrome,Winter,1,4,0,0
1892,48,Male,50740,8,5,7,21,9,7,269,0,Desktop,Edge,Fall,0,3,0,0
1893,49,Female,134944,19,82,27,17,9,7,357,0,Desktop,Chrome,Spring,0,4,1,140
1894,58,Male,147374,16,49,28,25,2,1,302,1,Mobile,Safari,Spring,0,2,0,0
1895,29,Male,39984,18,73,16,21,14,5,33,0,Desktop,Edge,Winter,0,3,0,0
1896,25,Male,20050,9,44,47,9,0,1,116,0,Tablet,Firefox,Summer,0,4,0,0
1897,25,Female,26590,4,112,9,11,0,6,97,1,Desktop,Firefox,Fall,0,1,1,48
1898,45,Female,60205,9,42,15,22,12,9,41,0,Desktop,Chrome,Fall,1,4,0,0
1899,37,Female,35162,2,102,34,7,10,2,329,0,Mobile,Chrome,Winter,0,2,0,0
1900,64,Female,69746,9,28,20,7,14,7,207,1,Tablet,Safari,Spring,0,1,0,0
1901,24,Female,33105,9,8,14,2,10,2,29,1,Tablet,Edge,Summer,0,3,0,0
1902,28,Male,57499,18,95,11,14,4,9,263,0,Tablet,Safari,Fall,1,1,1,131
1903,37,Female,56641,11,73,30,16,2,5,95,1,Desktop,Chrome,Summer,0,4,1,497
1904,33,Female,31628,13,111,3,5,10,0,182,0,Tablet,Firefox,Winter,0,2,0,0
1905,21,Male,62032,6,17,2,18,3,7,11,0,Mobile,Safari,Summer,0,4,0,0
1906,23,Female,85029,9,108,14,4,5,6,42,0,Tablet,Edge,Spring,1,4,1,323
1907,39,Male,58516,16,25,29,12,1,0,261,0,Desktop,Firefox,Fall,0,5,0,0
1908,43,Female,107157,4,105,5,19,6,6,2,0,Tablet,Edge,Fall,0,2,0,0
1909,20,Male,21476,2,36,44,28,4,4,43,0,Tablet,Chrome,Spring,0,1,0,0
1910,58,Male,139558,7,42,46,13,7,1,4,0,Mobile,Chrome,Spring,0,5,0,0
1911,59,Female,60800,15,99,6,27,3,0,337,1,Tablet,Edge,Summer,1,1,0,0
1912,31,Female,55788,6,36,8,6,13,1,95,1,Desktop,Edge,Winter,0,1,0,0
1913,28,Male,140754,11,83,39,11,11,5,59,1,Desktop,Chrome,Fall,0,3,1,248
1914,35,Male,109973,17,61,39,15,7,1,30,0,Tablet,Safari,Spring,0,3,1,24
1915,29,Male,46240,4,52,44,21,3,5,88,0,Mobile,Safari,Summer,1,2,0,0
1916,40,Male,130988,19,34,29,17,10,7,330,0,Mobile,Edge,Fall,0,2,1,19
1917,29,Male,30922,7,111,39,2,13,7,220,0,Desktop,Edge,Winter,1,4,1,29
1918,30,Male,133690,11,75,44,13,13,5,128,1,Mobile,Chrome,Summer,1,2,1,366
1919,42,Male,84198,13,42,27,23,4,4,171,0,Tablet,Edge,Spring,0,2,1,222
1920,62,Female,78739,3,99,16,25,2,3,352,1,Mobile,Edge,Fall,1,3,1,118
1921,36,Male,93602,14,48,27,1,10,5,225,0,Mobile,Firefox,Summer,1,5,1,477
1922,63,Female,32089,2,30,39,4,3,4,274,0,Desktop,Edge,Spring,0,3,1,104
1923,53,Female,52600,18,104,40,15,8,9,165,0,Tablet,Edge,Spring,1,2,1,433
1924,62,Male,66176,5,114,1,16,4,3,158,0,Desktop,Edge,Spring,0,4,0,0
1925,25,Male,28167,13,111,45,11,12,5,197,0,Mobile,Safari,Fall,1,4,1,111
1926,46,Female,98352,13,94,33,3,3,8,315,0,Desktop,Chrome,Spring,0,4,0,0
1927,49,Male,41164,14,112,39,12,3,8,30,1,Mobile,Chrome,Summer,0,3,0,0
1928,61,Male,105965,12,6,27,12,6,7,196,0,Desktop,Firefox,Fall,0,4,1,130
1929,35,Female,145540,13,47,17,11,1,9,169,1,Mobile,Safari,Summer,0,2,1,275
1930,23,Female,120537,18,113,15,16,3,0,307,0,Desktop,Safari,Winter,0,3,0,0
1931,35,Female,51415,13,47,22,29,2,8,344,0,Mobile,Chrome,Winter,0,2,0,0
1932,36,Male,93653,4,67,19,21,6,4,67,0,Tablet,Edge,Winter,0,5,1,165
1933,39,Male,132854,10,77,28,21,3,2,184,0,Desktop,Chrome,Winter,0,2,0,0
1934,54,Female,146202,5,62,23,13,7,7,238,1,Mobile,Edge,Spring,1,5,1,485
1935,49,Male,91895,18,52,36,12,4,7,202,1,Mobile,Edge,Fall,0,5,0,0
1936,58,Female,99900,8,9,49,10,8,8,109,1,Tablet,Safari,Spring,1,1,0,0
1937,20,Male,122501,14,95,39,26,8,1,218,0,Mobile,Chrome,Summer,0,1,0,0
1938,45,Female,114330,2,80,48,11,2,9,76,1,Desktop,Firefox,Summer,0,2,1,330
1939,27,Male,95829,8,39,49,18,8,3,321,0,Tablet,Chrome,Winter,0,5,0,0
1940,52,Female,78650,16,97,20,5,3,9,2,0,Desktop,Firefox,Summer,1,3,0,0
1941,46,Male,78981,7,20,47,20,8,1,11,1,Desktop,Safari,Summer,0,3,0,0
1942,32,Male,94868,3,87,9,13,11,5,76,1,Mobile,Edge,Fall,1,4,1,429
1943,50,Female,20615,4,53,23,17,13,0,92,0,Mobile,Chrome,Summer,1,4,0,0
1944,24,Male,65612,7,64,45,12,1,9,97,0,Desktop,Safari,Spring,0,3,1,367
1945,29,Male,97937,4,111,7,17,4,2,170,0,Mobile,Safari,Winter,0,1,0,0
1946,47,Female,149878,9,55,31,1,5,1,259,0,Desktop,Edge,Winter,1,5,0,0
1947,38,Male,136254,17,95,11,8,2,6,297,1,Mobile,Firefox,Summer,1,2,0,0
1948,48,Male,149699,17,86,40,16,1,7,305,0,Desktop,Edge,Summer,1,3,1,90
1949,41,Male,61936,14,63,17,15,0,1,83,1,Mobile,Chrome,Spring,1,3,1,337
1950,37,Female,49372,14,68,36,19,10,8,82,0,Tablet,Safari,Spring,0,1,1,396
1951,54,Female,127812,13,109,26,25,6,0,293,1,Desktop,Edge,Summer,0,4,0,0
1952,21,Female,133858,4,17,36,10,3,1,348,0,Mobile,Firefox,Spring,0,5,0,0
1953,45,Female,87875,13,98,18,2,7,2,223,1,Tablet,Firefox,Fall,0,2,1,116
1954,61,Female,101782,17,30,31,25,7,1,263,1,Desktop,Firefox,Spring,1,1,1,367
1955,37,Male,81700,15,74,49,27,7,0,38,0,Tablet,Safari,Summer,0,4,0,0
1956,41,Male,28109,18,7,35,25,1,7,133,0,Tablet,Edge,Summer,0,2,1,37
1957,49,Female,43758,11,91,41,4,12,0,61,0,Tablet,Safari,Spring,0,2,1,54
1958,58,Male,108627,4,16,28,4,4,4,83,0,Tablet,Firefox,Fall,1,1,0,0
1959,53,Male,128592,11,45,26,20,7,5,205,1,Desktop,Edge,Fall,0,2,1,173
1960,51,Male,33317,10,109,6,12,9,6,28,0,Desktop,Chrome,Summer,0,4,0,0
1961,53,Male,102298,13,83,34,17,1,2,185,1,Desktop,Firefox,Winter,0,3,0,0
1962,19,Female,89001,8,69,28,21,1,6,130,0,Mobile,Edge,Spring,0,4,0,0
1963,32,Female,140693,13,67,44,29,0,7,70,0,Tablet,Safari,Spring,1,1,1,157
1964,51,Male,71423,9,54,47,22,5,9,207,0,Mobile,Chrome,Spring,0,2,1,373
1965,53,Male,45622,1,51,9,4,13,2,156,1,Tablet,Edge,Fall,0,3,1,328
1966,23,Female,135695,1,12,29,8,13,4,37,0,Mobile,Edge,Winter,0,5,0,0
1967,56,Male,26800,15,35,34,16,4,0,217,0,Mobile,Firefox,Spring,0,4,1,247
1968,59,Male,134797,4,15,12,15,14,8,96,0,Desktop,Edge,Summer,0,5,0,0
1969,29,Male,55539,1,21,16,14,12,7,249,0,Tablet,Safari,Fall,0,1,0,0
1970,20,Female,122187,12,31,7,19,0,2,183,0,Desktop,Safari,Winter,0,1,0,0
1971,62,Female,22600,11,99,31,11,10,3,101,1,Mobile,Firefox,Winter,0,5,1,427
1972,35,Male,91054,19,31,33,25,7,0,228,0,Mobile,Chrome,Fall,0,3,0,0
1973,57,Male,105163,15,82,7,13,7,0,338,0,Desktop,Chrome,Winter,0,2,0,0
1974,38,Male,135693,10,119,3,23,4,5,3,0,Desktop,Edge,Fall,0,5,1,442
1975,32,Male,49369,1,91,20,8,10,5,71,0,Desktop,Firefox,Winter,0,3,1,340
1976,50,Male,116981,3,60,5,23,14,8,97,1,Desktop,Safari,Summer,1,2,0,0
1977,52,Male,36689,14,73,3,9,2,4,85,1,Desktop,Firefox,Winter,0,5,1,226
1978,43,Female,101459,15,98,47,2,7,2,239,1,Tablet,Edge,Spring,0,5,0,0
1979,25,Female,58469,1,102,38,20,2,5,176,1,Tablet,Safari,Winter,0,1,1,410
1980,53,Male,115939,10,51,15,2,12,7,293,0,Desktop,Edge,Fall,1,1,0,0
1981,47,Female,20958,1,23,35,8,3,6,131,1,Tablet,Safari,Fall,0,4,0,0
1982,40,Male,143833,15,61,23,18,10,9,177,0,Tablet,Safari,Winter,0,2,0,0
1983,59,Male,139958,3,35,33,24,13,2,101,1,Mobile,Safari,Winter,0,2,1,67
1984,61,Female,125899,12,20,2,22,6,0,217,0,Tablet,Firefox,Winter,0,2,0,0
1985,31,Female,80012,19,49,36,7,6,3,188,0,Tablet,Safari,Spring,0,3,1,93
1986,31,Male,89074,16,31,21,11,3,5,246,0,Mobile,Chrome,Spring,0,5,0,0
1987,19,Male,80021,8,65,14,29,8,3,353,0,Desktop,Chrome,Winter,0,4,0,0
1988,54,Female,108940,14,30,14,22,5,4,269,0,Tablet,Edge,Winter,0,2,0,0
1989,22,Female,70782,18,107,42,28,7,9,181,0,Mobile,Edge,Spring,1,4,1,137
1990,55,Male,95519,1,33,11,25,6,6,306,1,Desktop,Firefox,Winter,0,3,0,0
1991,62,Male,120907,2,117,4,20,3,4,154,1,Tablet,Safari,Spring,0,1,1,239
1992,58,Male,79315,12,119,47,1,11,4,181,0,Tablet,Safari,Summer,1,4,0,0
1993,64,Female,44642,17,107,30,25,1,1,57,0,Tablet,Safari,Fall,0,5,0,0
1994,31,Male,99003,2,48,36,16,10,0,46,1,Mobile,Firefox,Summer,0,3,0,0
1995,56,Female,143714,17,113,20,16,12,3,350,0,Desktop,Chrome,Fall,1,3,1,95
1996,42,Male,20205,7,33,16,29,1,9,86,0,Desktop,Safari,Winter,0,4,0,0
1997,37,Female,112945,6,113,34,10,13,7,235,1,Tablet,Edge,Summer,0,2,1,22
1998,19,Female,32442,6,114,45,24,7,2,82,0,Mobile,Chrome,Fall,1,3,1,497
1999,56,Female,111826,8,115,8,17,7,5,178,0,Desktop,Safari,Summer,0,1,1,269
2000,23,Female,111644,5,99,45,29,11,9,326,1,Desktop,Safari,Spring,1,3,1,246
2001,34,Male,25691,15,6,20,10,0,1,93,1,Desktop,Chrome,Spring,0,5,0,0
2002,42,Female,58909,7,10,21,6,12,8,198,0,Mobile,Firefox,Summer,1,1,1,275
2003,45,Female,137833,3,13,40,14,0,8,162,1,Tablet,Safari,Winter,0,4,1,115
2004,19,Female,39504,10,19,30,26,3,3,226,0,Desktop,Firefox,Winter,0,2,0,0
2005,52,Male,84270,3,88,36,28,0,7,193,0,Mobile,Edge,Winter,1,1,0,0
2006,54,Male,115698,14,116,5,28,9,1,146,0,Tablet,Safari,Summer,0,4,1,211
2007,22,Male,125032,3,62,21,15,0,9,254,0,Tablet,Safari,Summer,0,1,1,256
2008,18,Male,78051,1,6,38,4,9,1,283,0,Mobile,Safari,Winter,0,2,1,146
2009,57,Male,58798,1,7,23,27,10,5,10,0,Tablet,Safari,Summer,1,5,0,0
2010,29,Male,69330,19,56,19,2,14,1,130,1,Tablet,Firefox,Fall,0,3,0,0
2011,53,Female,107087,4,59,10,19,4,0,315,0,Mobile,Firefox,Winter,0,3,1,71
2012,62,Female,98919,2,57,27,28,0,9,91,0,Tablet,Chrome,Fall,1,2,1,144
2013,40,Female,102032,11,98,35,13,9,1,63,0,Mobile,Firefox,Spring,0,2,0,0
2014,64,Male,61716,12,76,13,12,11,1,15,1,Desktop,Firefox,Spring,0,1,1,327
2015,48,Female,94624,13,44,9,25,5,4,242,0,Mobile,Edge,Winter,0,3,0,0
2016,28,Female,66982,16,89,17,21,14,5,193,1,Desktop,Chrome,Summer,0,3,0,0
2017,27,Male,47444,16,43,31,23,3,2,361,0,Desktop,Edge,Spring,0,2,1,485
2018,20,Female,44734,19,47,42,13,9,7,216,0,Desktop,Chrome,Winter,1,4,0,0
2019,31,Male,61745,9,17,44,15,12,1,262,1,Mobile,Safari,Winter,0,4,0,0
2020,33,Female,54571,16,108,45,2,10,9,221,1,Mobile,Edge,Summer,1,5,0,0
2021,27,Male,111951,7,109,24,8,10,2,134,0,Mobile,Chrome,Summer,0,2,1,404
2022,46,Male,35389,13,116,42,3,4,3,294,0,Desktop,Firefox,Spring,0,5,0,0
2023,27,Male,113280,4,41,19,1,13,4,304,1,Tablet,Edge,Fall,0,2,1,261
2024,29,Female,104218,13,59,49,29,8,4,15,0,Tablet,Chrome,Winter,1,2,0,0
2025,47,Female,65038,8,36,30,24,1,5,328,1,Mobile,Edge,Winter,0,2,0,0
2026,58,Male,119846,2,18,5,11,2,3,29,0,Tablet,Safari,Winter,0,3,0,0
2027,18,Male,92795,7,69,8,27,12,9,258,0,Desktop,Firefox,Spring,0,3,1,79
2028,22,Female,65168,11,31,37,9,2,6,331,0,Desktop,Safari,Spring,1,5,0,0
2029,37,Female,98082,17,28,47,24,10,7,201,0,Tablet,Firefox,Spring,0,1,1,412
2030,25,Male,87690,14,119,36,17,8,3,88,1,Tablet,Chrome,Winter,0,1,1,101
2031,60,Female,94302,13,117,25,28,2,8,162,1,Desktop,Chrome,Summer,0,1,1,289
2032,29,Female,134053,15,26,45,7,9,5,24,0,Mobile,Chrome,Winter,0,5,0,0
2033,18,Female,31230,9,82,49,23,4,7,241,0,Mobile,Chrome,Summer,0,5,1,428
2034,37,Male,103301,3,49,5,4,5,8,102,0,Tablet,Edge,Fall,1,2,0,0
2035,45,Male,25902,13,12,33,29,5,0,281,1,Tablet,Chrome,Fall,0,5,0,0
2036,60,Female,86758,13,95,22,29,5,4,117,0,Mobile,Firefox,Spring,0,3,0,0
2037,54,Male,47050,9,71,47,13,0,6,33,0,Tablet,Safari,Winter,1,5,0,0
2038,64,Female,119805,18,68,42,28,5,9,364,0,Tablet,Edge,Summer,0,4,0,0
2039,54,Female,94586,5,101,25,24,0,1,254,0,Tablet,Safari,Winter,0,2,0,0
2040,29,Male,134512,11,119,43,5,5,6,299,1,Desktop,Safari,Winter,0,3,1,243
2041,54,Male,89110,2,51,29,29,12,6,17,0,Mobile,Edge,Winter,1,1,1,277
2042,61,Male,122033,17,25,45,12,9,2,7,0,Tablet,Safari,Fall,1,4,1,37
2043,45,Female,96693,4,36,30,20,14,8,27,0,Tablet,Chrome,Winter,0,5,0,0
2044,64,Female,142428,18,108,48,29,5,6,36,0,Tablet,Safari,Spring,0,4,1,303
2045,32,Male,39575,8,109,30,5,2,9,271,0,Tablet,Safari,Spring,0,1,1,229
2046,23,Male,78940,19,49,44,11,2,4,70,0,Tablet,Firefox,Fall,0,2,1,291
2047,61,Male,60244,12,48,46,2,5,6,185,1,Tablet,Edge,Summer,0,2,1,380
2048,37,Female,103481,11,45,31,4,1,6,228,1,Desktop,Edge,Fall,0,2,0,0
2049,31,Female,34962,16,100,34,10,14,5,69,1,Desktop,Firefox,Spring,1,4,0,0
2050,19,Female,120826,5,56,28,24,11,3,53,1,Desktop,Chrome,Spring,0,3,1,484
2051,26,Male,145479,3,92,10,7,4,7,237,0,Desktop,Firefox,Spring,0,5,1,66
2052,54,Male,120695,12,15,4,12,9,1,197,0,Tablet,Chrome,Spring,0,1,0,0
2053,37,Female,137363,15,105,33,8,2,7,2,1,Tablet,Safari,Summer,0,4,1,59
2054,43,Male,136871,16,119,17,23,4,4,107,0,Tablet,Safari,Fall,0,1,1,19
2055,46,Male,110388,13,89,11,23,13,6,146,1,Desktop,Chrome,Spring,0,4,1,56
2056,18,Male,116220,7,22,7,27,12,2,160,1,Desktop,Safari,Fall,1,5,1,153
2057,52,Male,130378,15,15,17,23,2,6,239,1,Desktop,Chrome,Spring,0,4,0,0
2058,23,Female,97332,3,31,28,16,1,8,126,1,Mobile,Firefox,Summer,1,2,0,0
2059,54,Male,44450,12,47,17,2,3,6,157,0,Tablet,Firefox,Spring,0,4,0,0
2060,22,Female,120382,8,106,41,3,4,0,305,0,Desktop,Safari,Summer,0,4,0,0
2061,50,Female,73494,12,69,10,17,5,8,208,0,Desktop,Edge,Spring,0,5,1,86
2062,31,Male,147386,18,58,26,15,12,6,203,1,Tablet,Firefox,Spring,1,2,1,319
2063,29,Female,65037,3,33,6,18,12,1,316,0,Mobile,Edge,Fall,1,5,1,68
2064,59,Female,132666,12,25,17,10,13,4,127,0,Desktop,Edge,Winter,0,1,1,53
2065,37,Male,147048,2,33,16,22,13,9,284,1,Mobile,Chrome,Summer,1,4,0,0
2066,41,Female,103040,14,13,39,2,13,1,342,0,Desktop,Firefox,Summer,0,5,0,0
2067,60,Female,131264,14,65,26,17,14,6,155,0,Desktop,Safari,Winter,1,3,1,212
2068,51,Female,50041,4,66,4,16,1,8,136,0,Tablet,Safari,Summer,0,3,1,457
2069,42,Female,30715,17,75,20,24,12,3,151,1,Mobile,Chrome,Summer,0,3,0,0
2070,46,Female,41803,15,106,49,25,13,2,32,1,Desktop,Edge,Summer,1,5,1,428
2071,56,Female,88906,16,99,41,7,2,5,15,1,Tablet,Edge,Winter,0,4,1,78
2072,48,Female,81726,5,95,11,19,2,7,347,0,Desktop,Firefox,Summer,1,3,1,166
2073,64,Female,21908,17,110,23,16,5,7,128,1,Tablet,Firefox,Spring,0,2,0,0
2074,60,Male,138208,7,100,33,1,0,7,96,0,Desktop,Chrome,Spring,1,3,0,0
2075,40,Male,57075,15,9,31,4,6,4,313,0,Tablet,Chrome,Summer,1,3,0,0
2076,61,Male,84587,17,101,7,13,12,5,303,0,Desktop,Chrome,Winter,0,4,0,0
2077,55,Female,73648,12,19,22,10,7,1,101,0,Tablet,Safari,Spring,0,3,1,478
2078,37,Female,41134,11,61,5,11,6,5,118,0,Tablet,Edge,Spring,0,3,1,235
2079,40,Female,129601,19,9,37,19,3,4,10,1,Mobile,Safari,Spring,0,4,0,0
2080,62,Male,135185,11,24,1,15,6,2,117,0,Tablet,Chrome,Winter,0,3,0,0
2081,33,Male,76143,2,106,6,11,0,7,348,1,Mobile,Firefox,Fall,0,5,0,0
2082,59,Male,89123,15,105,45,3,12,3,180,1,Tablet,Chrome,Summer,0,2,1,22
2083,25,Female,115559,5,85,47,2,14,1,224,0,Tablet,Edge,Spring,0,5,0,0
2084,38,Male,65153,18,118,4,11,12,2,224,1,Tablet,Chrome,Spring,0,3,0,0
2085,18,Male,22413,16,8,30,10,7,1,248,1,Tablet,Chrome,Summer,1,2,1,398
2086,25,Female,138488,4,60,30,3,13,1,254,0,Mobile,Chrome,Summer,0,1,0,0
2087,46,Male,110574,10,89,17,27,9,2,319,0,Tablet,Safari,Spring,1,2,0,0
2088,49,Female,42555,2,38,24,5,14,6,326,1,Tablet,Safari,Spring,0,4,0,0
2089,55,Male,30952,15,44,31,15,9,9,137,0,Tablet,Firefox,Spring,0,2,1,481
2090,22,Female,88993,4,73,28,4,2,0,230,0,Tablet,Safari,Winter,0,5,0,0
2091,64,Female,94000,16,72,45,17,8,9,350,0,Tablet,Edge,Fall,1,4,0,0
2092,39,Female,141657,7,26,43,1,0,5,41,0,Tablet,Chrome,Fall,1,5,1,247
2093,64,Female,86686,12,18,4,1,5,0,40,1,Desktop,Chrome,Summer,0,5,0,0
2094,51,Female,132841,3,72,39,12,0,2,272,1,Mobile,Chrome,Winter,0,1,1,227
2095,18,Male,52264,17,12,19,10,7,3,252,0,Mobile,Firefox,Fall,1,3,0,0
2096,43,Female,125758,9,71,24,9,13,7,25,1,Tablet,Safari,Winter,0,1,1,468
2097,60,Female,67553,8,50,7,9,2,1,138,0,Desktop,Chrome,Fall,0,3,0,0
2098,27,Female,74359,6,33,46,25,3,6,9,0,Desktop,Chrome,Winter,0,5,1,104
2099,47,Female,129885,15,94,48,26,11,2,296,0,Mobile,Chrome,Summer,0,2,0,0
2100,35,Male,118322,10,118,9,20,5,0,57,1,Desktop,Firefox,Summer,0,3,0,0
2101,34,Female,29808,6,98,22,20,3,5,302,1,Desktop,Edge,Fall,1,1,0,0
2102,43,Male,72330,15,16,2,14,13,1,119,0,Mobile,Safari,Spring,1,4,0,0
2103,25,Female,134672,14,83,27,26,7,2,263,0,Mobile,Firefox,Fall,0,1,1,439
2104,64,Female,58345,19,56,16,23,8,5,171,0,Mobile,Safari,Fall,0,5,1,264
2105,57,Male,89617,13,62,5,29,4,2,360,1,Tablet,Edge,Fall,1,5,1,416
2106,29,Male,59222,14,109,12,19,0,4,204,1,Mobile,Chrome,Winter,1,1,0,0
2107,44,Male,77755,3,6,26,10,7,2,57,0,Mobile,Edge,Summer,0,1,1,155
2108,25,Female,28933,4,5,15,3,13,6,145,0,Desktop,Firefox,Winter,0,4,1,303
2109,42,Male,88207,14,115,3,20,12,6,25,0,Desktop,Edge,Winter,1,3,0,0
2110,63,Female,63739,14,59,9,27,14,0,111,1,Mobile,Firefox,Summer,1,5,0,0
2111,21,Male,67738,8,115,28,22,1,5,55,1,Mobile,Firefox,Fall,1,3,1,41
2112,50,Male,116753,10,96,39,17,5,2,147,1,Desktop,Safari,Winter,1,5,1,249
2113,18,Female,124691,9,108,36,27,5,6,32,1,Mobile,Edge,Spring,0,5,0,0
2114,36,Male,125137,14,103,25,3,10,0,87,0,Tablet,Firefox,Spring,0,1,1,72
2115,48,Male,104544,8,38,41,12,6,9,160,1,Mobile,Edge,Fall,0,1,0,0
2116,33,Female,41883,11,68,28,15,11,2,72,1,Desktop,Firefox,Winter,1,2,1,468
2117,31,Female,118818,10,72,47,5,8,9,22,0,Tablet,Chrome,Spring,0,1,1,390
2118,22,Female,118510,18,86,21,27,0,1,238,1,Mobile,Edge,Fall,1,2,1,374
2119,58,Male,119251,4,16,29,15,9,7,183,1,Desktop,Firefox,Winter,0,5,1,133
2120,43,Male,63401,4,54,25,20,12,7,136,1,Desktop,Chrome,Spring,1,4,0,0
2121,45,Male,35380,12,25,30,24,11,8,46,1,Desktop,Edge,Winter,0,3,0,0
2122,19,Male,38212,18,14,39,16,7,8,5,0,Desktop,Chrome,Spring,1,3,1,256
2123,23,Male,48174,8,89,11,9,10,1,12,1,Tablet,Firefox,Fall,0,4,1,148
2124,26,Female,26861,3,108,19,8,4,6,27,0,Mobile,Chrome,Fall,1,4,1,285
2125,50,Male,26094,18,93,11,11,12,6,84,0,Mobile,Safari,Spring,0,1,1,83
2126,58,Female,124649,7,118,25,27,5,3,36,0,Mobile,Safari,Summer,1,5,1,37
2127,42,Male,71319,1,85,1,9,7,5,52,0,Mobile,Safari,Fall,0,3,1,325
2128,30,Female,66728,13,119,32,16,7,0,130,0,Desktop,Edge,Winter,1,4,1,440
2129,26,Male,44363,3,74,21,14,11,5,74,0,Tablet,Edge,Fall,0,5,0,0
2130,30,Male,107846,3,18,45,15,10,0,248,0,Desktop,Chrome,Spring,0,3,1,233
2131,48,Female,59300,15,105,13,14,6,4,12,0,Tablet,Edge,Summer,1,5,0,0
2132,58,Male,74808,19,44,34,24,6,3,55,1,Mobile,Edge,Summer,0,2,0,0
2133,28,Female,25943,4,108,17,10,11,5,336,1,Desktop,Safari,Winter,0,3,1,336
2134,21,Male,100105,13,86,47,13,11,4,254,0,Desktop,Edge,Spring,0,2,1,195
2135,51,Male,62616,13,34,19,1,0,4,159,1,Mobile,Safari,Fall,0,5,0,0
2136,55,Female,94329,15,77,10,23,7,2,91,0,Tablet,Chrome,Fall,0,1,0,0
2137,63,Male,123743,19,18,42,9,2,9,160,0,Tablet,Firefox,Spring,0,4,0,0
2138,21,Female,45287,16,114,9,17,4,1,320,0,Tablet,Chrome,Spring,0,2,0,0
2139,55,Male,147957,7,56,11,26,3,6,104,1,Desktop,Chrome,Spring,0,1,1,60
2140,36,Male,53971,3,114,38,17,9,9,91,0,Desktop,Firefox,Summer,0,3,1,339
2141,23,Male,76152,2,21,31,10,2,7,315,0,Desktop,Safari,Summer,0,4,1,387
2142,51,Male,62351,18,66,2,13,9,4,281,1,Tablet,Edge,Summer,0,5,1,30
2143,35,Male,132715,11,102,24,18,4,8,360,0,Desktop,Safari,Winter,0,4,0,0
2144,30,Male,80040,1,114,42,13,2,0,68,0,Tablet,Edge,Winter,0,1,0,0
2145,58,Male,116905,16,26,47,21,8,2,172,0,Mobile,Chrome,Summer,0,1,1,321
2146,40,Female,108559,17,57,5,29,10,7,171,0,Desktop,Safari,Spring,0,3,0,0
2147,36,Male,142377,16,36,30,28,12,4,143,0,Desktop,Chrome,Spring,1,5,0,0
2148,62,Male,80616,10,80,39,24,8,1,225,1,Mobile,Chrome,Fall,0,3,1,253
2149,28,Male,131421,17,59,35,13,12,9,197,0,Mobile,Edge,Summer,0,5,0,0
2150,18,Female,43897,3,84,48,24,5,8,198,0,Tablet,Safari,Spring,0,3,1,13
2151,41,Female,43010,18,26,17,10,2,0,173,1,Mobile,Chrome,Spring,0,4,0,0
2152,24,Male,60154,19,42,31,20,4,2,153,0,Desktop,Edge,Fall,0,5,1,163
2153,42,Male,121435,14,54,2,7,10,3,153,1,Mobile,Safari,Fall,1,5,0,0
2154,38,Male,141822,2,107,16,7,7,6,10,1,Mobile,Firefox,Winter,0,5,1,250
2155,32,Female,40114,12,70,21,9,8,3,190,1,Desktop,Chrome,Summer,0,3,0,0
2156,18,Male,39050,11,49,30,16,2,1,12,0,Tablet,Safari,Winter,1,3,0,0
2157,29,Female,135237,17,12,1,15,4,1,29,1,Desktop,Firefox,Winter,1,3,0,0
2158,24,Male,41125,6,112,14,25,12,9,43,0,Desktop,Chrome,Fall,0,1,1,333
2159,32,Female,114094,19,69,16,3,13,0,88,1,Mobile,Firefox,Spring,0,4,0,0
2160,38,Female,70396,13,109,9,13,14,6,344,0,Mobile,Chrome,Summer,1,3,1,378
2161,36,Male,64846,7,44,49,11,13,8,111,0,Desktop,Safari,Fall,1,4,0,0
2162,46,Male,40396,11,109,8,8,12,9,69,1,Mobile,Firefox,Summer,0,2,1,131
2163,42,Male,112661,7,9,9,21,1,1,119,1,Tablet,Firefox,Fall,0,3,0,0
2164,50,Male,146084,13,49,34,21,1,6,267,1,Mobile,Firefox,Spring,1,5,0,0
2165,49,Male,143725,13,50,45,24,1,7,363,0,Tablet,Safari,Summer,0,5,1,176
2166,52,Male,108116,1,40,33,6,11,2,247,0,Desktop,Chrome,Spring,0,2,0,0
2167,61,Male,139233,19,21,22,10,5,3,319,1,Mobile,Safari,Winter,0,3,1,326
2168,55,Female,58973,19,45,30,26,2,8,22,0,Mobile,Firefox,Summer,0,5,0,0
2169,43,Male,43574,15,34,7,17,9,3,326,0,Tablet,Firefox,Fall,0,5,1,484
2170,28,Male,110155,14,56,18,20,4,5,192,0,Tablet,Firefox,Winter,0,2,0,0
2171,52,Female,149843,3,83,21,9,7,7,90,0,Desktop,Edge,Winter,1,5,0,0
2172,25,Male,33869,4,24,5,21,4,9,134,1,Desktop,Safari,Fall,0,4,0,0
2173,63,Male,86194,7,40,7,14,1,1,352,0,Desktop,Firefox,Summer,1,4,0,0
2174,31,Male,82167,1,70,12,20,5,0,299,0,Desktop,Chrome,Spring,0,1,0,0
2175,27,Male,76147,19,49,17,27,1,6,125,0,Tablet,Chrome,Winter,0,1,0,0
2176,19,Female,132686,3,8,24,13,12,0,355,0,Mobile,Safari,Summer,0,3,0,0
2177,63,Female,32122,15,54,37,26,7,3,190,0,Mobile,Chrome,Summer,0,1,0,0
2178,26,Male,63827,13,92,44,1,1,4,323,1,Desktop,Safari,Spring,0,5,1,265
2179,20,Male,33335,14,116,19,25,6,1,82,1,Mobile,Safari,Winter,0,5,0,0
2180,38,Female,140464,7,59,45,24,13,9,227,1,Desktop,Firefox,Spring,0,3,1,155
2181,43,Male,83576,1,63,16,19,3,3,180,1,Mobile,Safari,Summer,0,1,1,199
2182,25,Female,41677,13,46,25,9,3,9,356,1,Mobile,Firefox,Summer,0,1,0,0
2183,19,Female,48223,4,6,27,17,14,6,324,1,Mobile,Chrome,Fall,0,5,0,0
2184,23,Female,49814,12,50,42,15,13,3,313,0,Mobile,Chrome,Fall,0,4,0,0
2185,45,Male,145662,7,6,44,20,7,0,152,0,Tablet,Firefox,Spring,1,1,0,0
2186,46,Male,103611,2,54,7,5,3,9,154,1,Mobile,Firefox,Winter,0,2,0,0
2187,43,Male,63185,17,5,46,4,7,3,305,1,Tablet,Chrome,Spring,0,5,0,0
2188,42,Female,96794,1,17,42,4,8,5,221,0,Tablet,Safari,Winter,1,3,1,469
2189,29,Male,116063,14,74,8,25,7,4,294,1,Tablet,Edge,Fall,0,1,0,0
2190,22,Male,95675,1,26,15,15,3,3,36,0,Mobile,Firefox,Winter,0,4,1,416
2191,51,Female,62325,3,21,16,5,4,1,122,1,Desktop,Firefox,Summer,0,5,0,0
2192,54,Male,60503,11,63,8,17,5,9,182,1,Desktop,Edge,Summer,0,1,1,198
2193,32,Male,39514,7,117,36,7,14,5,96,1,Tablet,Firefox,Fall,0,4,1,191
2194,61,Male,76196,9,90,32,6,8,5,104,0,Tablet,Safari,Fall,0,4,0,0
2195,53,Female,40917,3,111,17,15,12,5,82,1,Mobile,Safari,Fall,0,5,0,0
2196,32,Male,74699,1,74,36,25,4,3,24,1,Desktop,Edge,Spring,0,1,1,286
2197,60,Female,114633,19,7,22,20,13,7,168,1,Tablet,Edge,Winter,0,3,1,468
2198,40,Female,70119,2,114,32,14,13,0,338,0,Desktop,Edge,Spring,1,1,0,0
2199,23,Female,103324,5,74,11,10,1,9,103,0,Desktop,Firefox,Winter,0,2,0,0
2200,63,Male,45061,17,85,45,6,6,7,264,0,Mobile,Edge,Fall,1,3,1,105
2201,61,Male,29947,19,103,6,10,5,7,231,0,Tablet,Chrome,Spring,1,5,0,0
2202,60,Male,101080,5,53,22,23,10,4,182,0,Mobile,Safari,Fall,0,2,1,281
2203,62,Female,105550,14,119,14,20,11,8,115,0,Desktop,Firefox,Spring,0,2,1,248
2204,38,Female,100331,10,54,28,28,13,8,267,0,Desktop,Safari,Spring,1,1,1,213
2205,40,Male,52632,7,105,39,9,2,9,363,1,Tablet,Chrome,Summer,1,4,1,19
2206,60,Female,39352,8,115,12,13,7,3,227,0,Tablet,Edge,Spring,0,2,1,207
2207,33,Male,43653,8,39,27,14,2,1,216,0,Mobile,Safari,Fall,1,5,0,0
2208,64,Male,87115,7,27,1,1,9,0,351,0,Mobile,Chrome,Spring,0,5,1,349
2209,32,Male,117294,13,76,10,1,10,7,298,1,Mobile,Edge,Fall,0,4,0,0
2210,42,Male,63755,14,11,33,19,3,7,262,0,Tablet,Edge,Fall,0,2,0,0
2211,53,Male,124296,19,54,16,9,8,6,3,0,Tablet,Edge,Winter,0,4,1,435
2212,28,Male,118354,11,14,39,5,12,2,330,1,Tablet,Safari,Summer,1,2,1,340
2213,32,Male,91988,2,94,6,17,3,2,354,1,Desktop,Firefox,Winter,0,1,0,0
2214,21,Female,57921,17,59,25,16,1,9,321,0,Mobile,Firefox,Spring,1,5,0,0
2215,38,Male,79003,6,78,20,12,8,7,36,0,Mobile,Firefox,Spring,0,4,1,419
2216,30,Female,100876,9,23,36,5,9,7,184,0,Tablet,Chrome,Spring,1,2,1,428
2217,39,Female,66668,19,27,23,6,7,1,180,0,Tablet,Edge,Summer,0,2,0,0
2218,36,Male,75175,5,99,16,20,14,0,125,0,Mobile,Chrome,Winter,0,3,1,199
2219,51,Female,67738,9,68,1,23,3,0,160,0,Desktop,Safari,Fall,0,3,0,0
2220,31,Female,73452,7,37,30,11,12,0,112,0,Mobile,Firefox,Summer,0,3,0,0
2221,21,Female,88323,4,70,27,19,10,2,134,0,Tablet,Safari,Spring,1,3,0,0
2222,63,Male,66149,18,96,2,21,5,0,335,1,Mobile,Chrome,Winter,0,3,0,0
2223,44,Male,133893,18,100,48,6,5,7,202,0,Mobile,Firefox,Spring,1,3,1,286
2224,46,Male,35839,17,101,21,23,10,7,152,1,Mobile,Safari,Spring,0,5,0,0
2225,64,Male,147508,4,13,9,10,1,8,328,1,Desktop,Safari,Fall,0,2,0,0
2226,45,Male,22155,16,33,47,15,8,3,337,1,Tablet,Safari,Summer,1,5,0,0
2227,52,Female,27019,5,83,24,18,5,7,77,0,Mobile,Safari,Spring,0,2,0,0
2228,25,Female,74512,9,22,48,21,4,6,265,0,Desktop,Chrome,Spring,0,3,0,0
2229,33,Male,81690,2,86,41,29,1,3,254,0,Mobile,Chrome,Spring,0,1,0,0
2230,59,Female,106150,2,75,39,7,12,0,70,1,Desktop,Edge,Spring,0,4,0,0
2231,53,Female,146041,4,82,42,23,13,2,23,0,Tablet,Safari,Winter,0,4,1,388
2232,47,Female,46190,17,33,7,28,9,7,342,0,Tablet,Chrome,Spring,0,5,0,0
2233,35,Female,125911,19,118,30,3,14,7,213,0,Desktop,Firefox,Summer,0,3,1,67
2234,19,Male,30928,3,87,45,24,14,1,273,0,Desktop,Firefox,Fall,1,5,1,424
2235,30,Male,68425,5,65,2,16,0,6,98,1,Mobile,Edge,Summer,1,4,0,0
2236,21,Male,94134,10,9,12,13,6,0,123,0,Desktop,Safari,Winter,1,3,0,0
2237,43,Female,129875,6,109,13,17,3,3,25,1,Tablet,Edge,Spring,0,4,0,0
2238,42,Female,106117,3,118,3,4,10,6,38,0,Tablet,Firefox,Fall,0,2,1,347
2239,47,Male,144264,17,113,43,19,12,3,259,0,Tablet,Firefox,Fall,0,4,1,10
2240,28,Male,68974,10,73,40,4,6,3,195,0,Tablet,Edge,Fall,1,2,1,110
2241,24,Female,130191,12,60,43,27,4,6,270,1,Tablet,Safari,Summer,0,1,1,245
2242,48,Male,67796,1,56,18,25,0,0,266,1,Tablet,Chrome,Summer,0,3,0,0
2243,61,Male,68743,18,19,39,27,4,4,66,1,Tablet,Edge,Summer,0,4,1,140
2244,27,Female,132143,19,94,44,12,11,5,199,0,Mobile,Edge,Spring,0,4,1,62
2245,56,Female,99455,4,92,6,24,3,6,142,1,Tablet,Edge,Fall,0,4,0,0
2246,30,Male,123716,15,87,42,27,0,6,241,0,Desktop,Safari,Winter,0,4,0,0
2247,48,Female,90035,9,24,27,4,9,6,209,0,Desktop,Edge,Winter,1,3,0,0
2248,24,Male,57677,6,111,15,29,1,1,126,1,Mobile,Safari,Fall,1,4,1,108
2249,59,Female,76321,12,77,15,24,12,5,266,0,Tablet,Chrome,Winter,1,5,1,305
2250,59,Female,133782,18,96,19,17,14,8,355,0,Tablet,Chrome,Summer,1,2,1,161
2251,53,Male,129398,15,20,38,28,12,6,305,0,Tablet,Edge,Winter,0,2,1,443
2252,37,Female,78973,19,79,47,24,8,6,176,1,Tablet,Chrome,Fall,0,4,1,171
2253,21,Male,72414,9,102,20,26,14,1,47,0,Tablet,Edge,Summer,0,1,0,0
2254,24,Female,45602,13,29,20,18,11,6,60,0,Tablet,Firefox,Winter,0,5,1,268
2255,18,Male,137677,16,108,18,22,0,8,281,0,Mobile,Chrome,Fall,1,5,0,0
2256,61,Female,49692,13,61,34,6,9,2,135,1,Mobile,Firefox,Summer,0,1,1,36
2257,62,Female,125958,1,25,39,19,3,1,333,0,Desktop,Chrome,Spring,0,2,0,0
2258,59,Male,68750,18,9,37,29,7,5,121,1,Desktop,Edge,Summer,0,3,0,0
2259,64,Female,136912,3,79,35,5,4,1,167,1,Desktop,Safari,Winter,0,4,0,0
2260,30,Male,41760,17,111,38,2,9,0,43,0,Tablet,Chrome,Summer,0,2,1,436
2261,39,Female,88456,5,13,38,11,6,9,46,0,Mobile,Safari,Spring,0,3,1,455
2262,38,Female,44085,6,15,1,24,14,3,217,0,Mobile,Edge,Winter,1,2,1,388
2263,39,Male,83964,17,105,12,24,10,8,299,1,Tablet,Edge,Spring,1,1,1,381
2264,45,Female,42925,17,109,5,13,1,9,285,0,Tablet,Safari,Winter,0,1,1,473
2265,26,Female,25615,1,69,27,5,3,2,339,0,Mobile,Chrome,Fall,1,2,0,0
2266,43,Male,57083,7,67,39,23,3,2,103,1,Desktop,Firefox,Spring,0,2,1,51
2267,26,Female,140788,16,30,20,8,0,5,86,0,Desktop,Firefox,Winter,1,3,0,0
2268,32,Male,130764,5,78,40,11,11,5,194,0,Desktop,Edge,Fall,0,4,1,252
2269,27,Male,88319,16,108,19,4,7,7,214,1,Desktop,Edge,Fall,0,5,0,0
2270,41,Male,29605,4,23,38,18,10,9,355,1,Desktop,Edge,Spring,1,4,0,0
2271,59,Female,131093,11,20,15,15,2,5,226,0,Desktop,Firefox,Fall,1,3,0,0
2272,25,Female,64608,14,113,6,5,14,7,197,1,Mobile,Edge,Fall,0,3,1,35
2273,41,Male,148788,13,60,9,23,11,7,155,0,Tablet,Edge,Winter,0,2,1,140
2274,33,Female,39192,8,105,36,12,12,6,338,0,Mobile,Edge,Summer,0,1,1,373
2275,43,Male,23331,15,118,48,4,11,4,3,1,Mobile,Safari,Fall,0,5,0,0
2276,44,Female,71330,18,109,23,4,12,3,312,0,Tablet,Edge,Spring,1,4,1,334
2277,54,Male,117392,7,72,10,20,3,0,320,0,Desktop,Firefox,Winter,0,5,0,0
2278,21,Male,69949,19,82,1,9,1,5,277,0,Desktop,Safari,Winter,0,4,1,363
2279,41,Female,88382,9,34,11,9,11,7,24,1,Tablet,Chrome,Fall,0,4,0,0
2280,36,Male,119233,11,11,49,14,9,3,148,0,Mobile,Firefox,Fall,1,1,1,424
2281,53,Male,57586,10,16,20,27,4,6,308,0,Tablet,Edge,Summer,0,5,0,0
2282,56,Female,72243,14,28,28,26,11,2,13,0,Mobile,Chrome,Spring,0,1,0,0
2283,27,Male,120566,16,107,22,24,4,4,218,1,Tablet,Chrome,Winter,0,3,0,0
2284,42,Male,144213,8,111,20,27,14,6,171,0,Tablet,Safari,Winter,0,2,1,104
2285,35,Female,78618,1,26,47,8,2,8,350,0,Mobile,Edge,Summer,0,2,0,0
2286,36,Male,98311,12,51,38,23,13,8,78,0,Desktop,Safari,Summer,0,2,1,53
2287,53,Male,27549,3,34,16,1,7,6,239,0,Mobile,Edge,Spring,0,3,1,475
2288,27,Male,138168,2,64,2,24,14,3,245,1,Mobile,Edge,Spring,0,2,1,25
2289,50,Male,72494,16,43,25,11,0,5,102,1,Desktop,Safari,Fall,1,3,1,78
2290,22,Male,107973,4,24,27,27,12,3,30,0,Desktop,Edge,Fall,0,2,0,0
2291,64,Male,43958,2,30,3,4,1,2,271,0,Desktop,Safari,Summer,0,4,0,0
2292,52,Male,109779,12,53,23,29,0,8,203,0,Mobile,Firefox,Spring,0,1,0,0
2293,61,Male,127713,17,73,32,17,5,4,212,0,Tablet,Safari,Fall,1,3,0,0
2294,51,Female,127960,10,108,17,17,14,7,153,0,Desktop,Chrome,Summer,0,3,1,436
2295,50,Male,114520,8,46,40,19,3,2,166,1,Tablet,Firefox,Summer,0,1,0,0
2296,38,Male,122478,18,10,20,13,9,8,43,0,Mobile,Firefox,Winter,0,4,1,32
2297,34,Female,149203,18,57,30,19,0,0,40,1,Desktop,Edge,Fall,1,1,0,0
2298,39,Male,141835,18,38,28,26,6,1,151,0,Mobile,Firefox,Spring,0,3,1,67
2299,54,Male,57538,2,73,47,17,8,3,44,0,Tablet,Firefox,Winter,0,2,1,206
2300,32,Male,25833,12,14,45,24,4,1,81,1,Mobile,Safari,Summer,0,2,0,0
2301,52,Male,142893,10,32,23,20,6,8,257,0,Desktop,Firefox,Fall,0,4,1,141
2302,45,Male,43386,8,7,19,12,3,6,103,1,Desktop,Firefox,Fall,1,3,0,0
2303,24,Male,136981,19,81,25,20,3,1,338,0,Mobile,Firefox,Summer,0,3,0,0
2304,49,Female,120349,10,52,24,14,3,3,41,1,Tablet,Safari,Spring,0,4,0,0
2305,28,Female,119341,11,115,1,22,12,5,318,0,Mobile,Safari,Spring,0,5,1,73
2306,27,Female,91778,14,70,28,9,4,1,188,0,Mobile,Firefox,Summer,1,4,0,0
2307,26,Female,114240,15,39,29,25,7,8,208,0,Desktop,Firefox,Fall,1,1,1,416
2308,31,Female,127955,10,56,44,12,3,2,108,1,Desktop,Edge,Fall,0,1,1,278
2309,30,Male,44832,4,118,35,24,6,1,329,1,Desktop,Chrome,Summer,0,5,0,0
2310,42,Male,97857,7,66,17,17,8,3,334,1,Mobile,Firefox,Spring,0,1,0,0
2311,19,Male,58930,11,56,11,16,5,4,194,1,Mobile,Chrome,Summer,0,4,1,113
2312,52,Male,52407,3,51,37,12,3,3,57,0,Tablet,Chrome,Spring,0,1,1,95
2313,24,Male,24073,5,58,7,10,4,2,121,0,Mobile,Edge,Winter,0,4,0,0
2314,38,Female,37667,2,32,26,26,7,2,298,1,Mobile,Firefox,Winter,0,1,0,0
2315,35,Female,36035,12,105,23,2,3,2,85,1,Tablet,Safari,Fall,0,1,1,128
2316,20,Male,26732,5,27,18,3,12,2,66,1,Desktop,Safari,Fall,0,2,1,83
2317,59,Male,75097,7,111,29,27,3,5,70,0,Desktop,Firefox,Summer,0,2,1,369
2318,56,Male,23487,4,91,39,5,6,3,233,1,Tablet,Chrome,Fall,0,4,0,0
2319,58,Female,120488,11,39,34,16,5,6,243,0,Tablet,Safari,Summer,0,5,0,0
2320,28,Female,77702,9,109,38,21,0,6,267,0,Tablet,Safari,Spring,0,2,0,0
2321,56,Male,146671,4,107,8,13,14,3,4,0,Mobile,Chrome,Fall,0,4,0,0
2322,41,Female,114961,9,36,21,26,8,0,79,0,Desktop,Edge,Spring,0,4,0,0
2323,63,Male,132194,12,6,21,24,12,8,218,1,Tablet,Edge,Fall,0,2,0,0
2324,36,Female,105107,16,115,49,18,4,6,236,0,Mobile,Safari,Winter,0,5,0,0
2325,21,Female,49075,1,112,36,2,9,5,79,0,Desktop,Chrome,Summer,0,1,1,209
2326,43,Male,127721,8,116,17,24,10,4,177,0,Mobile,Firefox,Fall,0,5,0,0
2327,55,Female,91031,1,20,16,1,1,8,242,1,Tablet,Chrome,Fall,0,2,0,0
2328,59,Female,104217,19,20,15,9,4,8,165,0,Tablet,Safari,Winter,0,4,0,0
2329,49,Male,34781,4,55,15,18,7,9,276,0,Tablet,Edge,Spring,1,2,0,0
2330,56,Female,59865,14,71,40,28,5,5,352,0,Tablet,Firefox,Summer,0,2,1,498
2331,62,Male,28469,14,96,17,5,7,7,329,0,Tablet,Firefox,Spring,0,2,1,29
2332,63,Female,65167,9,97,1,3,4,6,178,1,Tablet,Safari,Winter,1,2,1,131
2333,53,Male,144866,9,58,13,5,3,0,159,0,Mobile,Edge,Fall,1,5,0,0
2334,57,Male,101738,17,24,38,12,9,1,300,0,Desktop,Safari,Fall,0,3,1,283
2335,54,Female,39928,15,104,10,8,2,8,31,1,Desktop,Chrome,Summer,0,2,0,0
2336,50,Female,96521,10,37,33,8,1,9,331,0,Desktop,Edge,Fall,0,5,0,0
2337,53,Male,59599,17,90,26,22,14,3,41,1,Mobile,Edge,Fall,0,5,0,0
2338,20,Female,36775,9,12,12,25,8,2,4,1,Mobile,Chrome,Spring,1,2,0,0
2339,26,Female,86504,4,115,19,7,14,1,270,0,Tablet,Edge,Spring,0,5,0,0
2340,25,Female,95918,14,28,15,2,0,7,174,0,Desktop,Firefox,Winter,1,2,0,0
2341,50,Male,90687,3,57,5,1,9,6,310,1,Mobile,Firefox,Winter,0,4,0,0
2342,23,Male,46804,12,68,2,24,13,8,92,1,Mobile,Safari,Summer,0,1,1,28
2343,58,Male,129122,1,62,14,1,14,2,89,1,Desktop,Chrome,Winter,0,5,1,145
2344,56,Female,52259,1,41,29,8,1,0,87,1,Mobile,Firefox,Spring,1,3,0,0
2345,21,Female,145725,13,88,41,28,5,8,33,0,Tablet,Edge,Fall,0,3,1,325
2346,30,Male,106284,14,16,1,25,12,4,137,0,Desktop,Edge,Summer,0,4,1,249
2347,19,Male,105227,16,88,13,17,5,4,166,0,Tablet,Safari,Spring,1,5,0,0
2348,22,Female,117556,7,88,49,23,11,2,89,1,Mobile,Edge,Summer,1,4,1,73
2349,61,Female,63560,10,8,32,5,0,7,82,1,Mobile,Chrome,Spring,1,3,1,368
2350,44,Female,47256,15,98,34,29,7,7,43,0,Mobile,Firefox,Winter,0,4,0,0
2351,49,Female,26125,8,35,14,14,10,0,135,0,Desktop,Safari,Winter,0,2,0,0
2352,38,Male,24370,11,90,38,8,3,3,344,1,Mobile,Safari,Summer,0,1,1,73
2353,25,Female,24838,14,83,38,20,13,5,296,0,Desktop,Firefox,Spring,1,2,1,409
2354,55,Female,134479,13,42,41,18,6,8,341,0,Mobile,Firefox,Winter,0,5,0,0
2355,25,Male,77429,13,41,15,23,9,1,119,0,Tablet,Chrome,Winter,0,3,0,0
2356,20,Male,23134,9,96,39,29,14,6,318,0,Tablet,Edge,Winter,0,5,1,478
2357,61,Female,130995,17,79,6,7,14,9,183,0,Desktop,Edge,Summer,1,4,0,0
2358,20,Male,63199,18,18,29,24,8,0,35,0,Mobile,Firefox,Winter,1,1,1,69
2359,39,Female,97092,19,79,37,14,1,9,171,0,Desktop,Edge,Spring,0,2,0,0
2360,23,Female,144925,13,77,19,25,6,3,11,1,Mobile,Firefox,Fall,0,2,1,228
2361,19,Male,53822,12,28,1,14,0,9,335,1,Desktop,Edge,Summer,0,1,0,0
2362,40,Male,113513,8,14,21,6,2,6,79,1,Tablet,Firefox,Fall,0,1,1,231
2363,61,Female,40113,11,42,39,3,3,2,133,1,Desktop,Edge,Fall,0,4,1,201
2364,19,Male,83594,7,47,18,21,2,2,168,1,Mobile,Chrome,Summer,0,2,0,0
2365,55,Female,116102,1,109,27,14,7,3,236,0,Desktop,Safari,Summer,0,3,0,0
2366,34,Female,22669,10,41,28,14,10,7,302,0,Tablet,Edge,Summer,0,1,0,0
2367,52,Female,69427,15,46,8,3,11,2,21,0,Mobile,Firefox,Summer,0,4,0,0
2368,51,Male,101617,4,36,31,10,13,7,137,0,Tablet,Chrome,Summer,0,1,0,0
2369,40,Female,32938,1,88,12,9,11,9,327,0,Mobile,Chrome,Winter,1,5,1,495
2370,47,Female,25717,11,18,42,21,13,8,155,1,Mobile,Safari,Summer,0,1,1,358
2371,25,Female,97818,5,106,6,7,6,7,273,1,Tablet,Chrome,Winter,0,5,1,402
2372,39,Male,67659,19,8,26,26,2,7,66,0,Mobile,Safari,Spring,1,5,0,0
2373,61,Female,127601,19,28,16,7,6,8,232,1,Desktop,Edge,Winter,1,3,1,56
2374,53,Female,84575,4,100,30,7,1,3,26,0,Mobile,Edge,Fall,1,5,0,0
2375,22,Female,99737,2,14,19,12,11,2,200,0,Desktop,Edge,Summer,0,5,1,143
2376,30,Male,36289,7,111,18,26,10,7,173,0,Mobile,Firefox,Fall,1,5,1,385
2377,46,Female,44406,13,20,24,4,10,0,183,1,Tablet,Edge,Spring,0,1,1,405
2378,48,Female,142688,12,43,45,20,2,9,40,1,Desktop,Safari,Summer,0,1,0,0
2379,64,Male,116822,2,100,20,13,6,0,272,0,Mobile,Edge,Summer,0,4,0,0
2380,33,Male,32873,9,22,7,3,9,3,212,1,Tablet,Chrome,Fall,0,2,0,0
2381,59,Female,145812,16,29,7,20,12,9,224,0,Mobile,Safari,Summer,0,3,1,196
2382,47,Female,102048,8,11,16,9,4,2,160,0,Desktop,Edge,Winter,0,1,0,0
2383,33,Female,114463,18,60,42,21,11,9,35,0,Desktop,Firefox,Spring,0,4,1,254
2384,29,Male,43461,4,51,47,22,14,1,320,1,Mobile,Safari,Fall,0,4,1,18
2385,34,Male,40710,11,119,14,20,12,8,121,0,Desktop,Safari,Spring,0,3,0,0
2386,33,Female,105488,17,86,12,13,8,4,286,0,Tablet,Safari,Fall,0,4,1,415
2387,29,Male,33448,8,115,29,1,7,2,170,0,Desktop,Firefox,Spring,0,1,0,0
2388,25,Female,35198,19,86,15,29,5,8,336,0,Mobile,Edge,Winter,0,5,1,183
2389,37,Female,93158,8,7,8,23,11,7,231,0,Desktop,Chrome,Winter,0,1,0,0
2390,20,Male,126384,6,5,39,29,3,3,100,1,Desktop,Chrome,Winter,0,4,0,0
2391,33,Female,87938,2,37,9,23,2,9,233,0,Desktop,Firefox,Winter,0,2,1,373
2392,47,Male,70799,15,75,46,6,5,4,2,1,Mobile,Chrome,Fall,1,2,1,457
2393,62,Male,121860,1,78,28,20,8,4,16,1,Mobile,Safari,Spring,0,5,1,342
2394,40,Female,114003,6,112,27,26,4,7,221,0,Desktop,Safari,Fall,0,4,0,0
2395,45,Male,54961,19,63,7,29,11,6,263,0,Desktop,Chrome,Fall,0,5,0,0
2396,57,Female,63007,4,76,44,24,6,2,183,0,Desktop,Safari,Fall,0,5,0,0
2397,22,Male,85470,13,36,14,28,6,5,23,0,Tablet,Firefox,Fall,0,5,0,0
2398,37,Female,72256,15,91,11,8,13,5,247,0,Mobile,Safari,Fall,1,2,0,0
2399,57,Female,40739,9,21,32,17,6,1,257,0,Mobile,Firefox,Fall,0,3,0,0
2400,61,Female,104054,3,82,28,25,8,0,116,1,Mobile,Edge,Fall,1,4,1,71
2401,18,Male,78186,2,21,6,24,1,6,69,0,Mobile,Safari,Winter,0,5,0,0
2402,47,Female,46547,16,93,35,18,7,2,141,0,Tablet,Edge,Summer,0,5,0,0
2403,38,Male,114472,18,25,6,25,1,4,52,0,Mobile,Chrome,Fall,0,1,0,0
2404,37,Male,105823,18,59,24,4,14,7,96,1,Desktop,Chrome,Spring,1,1,1,274
2405,23,Male,138301,6,10,9,26,10,4,55,1,Mobile,Safari,Winter,0,1,0,0
2406,39,Male,126887,18,88,2,12,0,4,285,0,Desktop,Firefox,Winter,0,4,0,0
2407,35,Male,71431,11,53,38,22,11,4,146,0,Mobile,Firefox,Summer,0,3,1,241
2408,25,Female,45476,7,88,14,16,9,6,283,0,Tablet,Firefox,Summer,0,4,1,100
2409,56,Male,98411,14,30,31,18,5,1,50,1,Tablet,Firefox,Summer,0,4,0,0
2410,49,Female,30686,18,36,30,10,1,0,298,0,Tablet,Firefox,Fall,0,2,0,0
2411,50,Female,37536,7,76,27,4,13,3,195,1,Tablet,Firefox,Summer,0,4,0,0
2412,33,Male,54062,10,113,36,2,12,4,222,1,Tablet,Firefox,Spring,0,1,1,121
2413,29,Female,68216,8,116,46,28,4,6,138,0,Mobile,Chrome,Summer,1,1,0,0
2414,55,Female,45041,14,48,31,25,0,0,9,1,Desktop,Edge,Summer,0,5,1,274
2415,51,Male,51653,18,63,42,15,6,8,3,1,Desktop,Edge,Winter,0,5,0,0
2416,31,Female,41673,5,33,6,9,12,9,342,1,Mobile,Chrome,Fall,1,1,1,57
2417,53,Male,30367,14,21,43,15,0,3,38,1,Desktop,Chrome,Summer,0,4,0,0
2418,50,Male,39629,10,22,45,5,11,5,70,0,Desktop,Chrome,Winter,0,4,0,0
2419,40,Male,140756,15,44,18,19,11,0,69,0,Desktop,Safari,Fall,0,3,0,0
2420,62,Female,131641,6,67,14,3,7,8,158,0,Mobile,Firefox,Summer,0,4,1,236
2421,19,Female,108636,9,86,20,17,11,3,270,0,Mobile,Edge,Fall,0,2,0,0
2422,58,Female,92190,10,79,11,13,4,4,2,0,Desktop,Chrome,Spring,0,2,0,0
2423,38,Female,45063,17,49,37,24,4,7,353,1,Mobile,Firefox,Winter,0,4,0,0
2424,19,Male,39322,1,80,40,3,2,5,101,0,Tablet,Firefox,Fall,1,5,0,0
2425,44,Male,104546,14,83,4,28,1,9,136,0,Tablet,Firefox,Winter,1,5,1,493
2426,26,Female,135637,4,94,44,4,5,2,330,1,Desktop,Firefox,Fall,1,5,0,0
2427,18,Male,32693,2,7,6,18,3,9,213,1,Tablet,Safari,Winter,1,2,0,0
2428,28,Female,29241,3,7,23,24,14,7,83,1,Tablet,Edge,Winter,1,1,0,0
2429,20,Male,49778,7,42,8,3,12,5,355,0,Mobile,Firefox,Winter,0,3,0,0
2430,40,Male,122379,14,103,30,14,9,1,274,0,Tablet,Chrome,Summer,1,5,0,0
2431,43,Male,32651,12,77,36,16,11,4,141,0,Desktop,Chrome,Fall,0,4,0,0
2432,21,Male,45966,19,111,42,12,3,2,302,1,Tablet,Safari,Summer,1,1,1,30
2433,35,Male,29275,18,44,11,11,5,3,140,1,Tablet,Safari,Spring,0,3,0,0
2434,23,Female,65606,15,72,47,2,1,8,296,0,Tablet,Edge,Summer,1,1,0,0
2435,52,Female,21658,1,58,5,1,1,2,88,1,Mobile,Firefox,Spring,1,4,0,0
2436,39,Male,114499,3,24,3,13,12,4,323,1,Mobile,Safari,Fall,1,1,0,0
2437,60,Female,92468,15,19,15,26,9,7,281,0,Mobile,Safari,Spring,1,3,0,0
2438,32,Male,34248,4,97,2,18,14,8,241,1,Tablet,Chrome,Winter,0,4,1,219
2439,39,Male,44437,15,9,2,18,14,6,112,0,Mobile,Safari,Spring,1,2,1,311
2440,54,Male,59727,10,43,8,13,9,3,301,0,Mobile,Chrome,Spring,0,1,1,357
2441,59,Male,38201,6,44,46,4,12,8,141,1,Mobile,Edge,Spring,0,4,1,15
2442,29,Female,61150,13,11,30,27,3,1,152,1,Desktop,Edge,Spring,0,1,0,0
2443,64,Male,135148,7,76,41,1,5,1,204,1,Desktop,Chrome,Spring,0,4,0,0
2444,59,Female,109891,1,100,5,15,1,3,258,0,Tablet,Chrome,Winter,1,5,0,0
2445,55,Male,34999,11,104,30,17,13,1,275,0,Tablet,Edge,Spring,0,1,0,0
2446,35,Male,140703,14,37,44,6,6,2,214,0,Mobile,Firefox,Winter,0,5,0,0
2447,62,Female,26376,6,41,10,5,10,4,280,1,Desktop,Chrome,Summer,0,5,0,0
2448,52,Male,71673,5,36,33,1,7,2,189,0,Tablet,Safari,Fall,0,2,0,0
2449,47,Male,23476,19,47,24,22,8,0,133,0,Tablet,Edge,Spring,0,5,1,479
2450,41,Female,137393,19,67,19,16,5,2,80,0,Mobile,Safari,Summer,0,1,0,0
2451,59,Female,89902,13,40,30,14,1,5,101,0,Desktop,Edge,Summer,0,1,1,277
2452,47,Female,134510,7,102,25,24,5,2,358,0,Desktop,Chrome,Spring,1,3,0,0
2453,31,Male,111269,8,53,11,29,7,8,64,1,Tablet,Chrome,Summer,1,5,0,0
2454,23,Male,97994,14,29,49,5,9,2,12,0,Mobile,Chrome,Fall,0,2,1,337
2455,20,Female,82878,19,112,35,3,14,2,123,1,Tablet,Chrome,Fall,0,4,1,258
2456,33,Female,118331,19,100,1,3,0,2,109,0,Mobile,Chrome,Winter,0,4,1,433
2457,24,Male,40615,12,70,17,29,10,4,187,0,Desktop,Edge,Winter,1,4,0,0
2458,31,Male,31164,9,13,31,27,5,6,352,0,Tablet,Safari,Summer,1,2,1,193
2459,26,Female,59316,14,106,6,12,11,4,206,1,Mobile,Firefox,Spring,0,2,1,95
2460,32,Female,88560,6,97,13,18,10,8,47,1,Mobile,Edge,Summer,0,3,1,328
2461,38,Female,49559,15,106,26,9,0,5,309,1,Mobile,Chrome,Spring,1,3,0,0
2462,52,Female,82968,13,22,36,25,5,0,99,1,Tablet,Chrome,Summer,0,4,0,0
2463,19,Male,86800,7,26,5,23,9,8,329,0,Tablet,Firefox,Spring,0,5,0,0
2464,44,Male,29047,11,103,47,17,3,2,234,0,Tablet,Chrome,Summer,1,2,1,297
2465,19,Male,64985,10,19,14,17,2,7,221,0,Desktop,Safari,Spring,1,5,1,54
2466,52,Male,92123,1,11,15,20,2,2,78,0,Mobile,Safari,Fall,0,3,1,291
2467,35,Female,26577,7,17,12,28,3,7,217,0,Mobile,Firefox,Summer,1,5,0,0
2468,31,Male,103171,18,110,46,18,2,3,174,0,Mobile,Chrome,Spring,0,1,0,0
2469,37,Female,131100,3,40,42,29,8,0,106,0,Mobile,Chrome,Winter,0,2,0,0
2470,35,Male,23870,9,20,8,3,3,5,165,0,Desktop,Safari,Winter,0,2,0,0
2471,27,Male,54094,5,45,31,18,0,6,113,0,Mobile,Safari,Spring,0,4,0,0
2472,42,Male,75329,13,25,26,15,3,7,146,1,Desktop,Chrome,Spring,1,4,0,0
2473,19,Female,29217,16,32,29,1,0,5,132,0,Tablet,Chrome,Winter,0,4,1,322
2474,42,Male,135049,16,78,4,3,9,0,84,0,Tablet,Chrome,Spring,1,1,0,0
2475,50,Female,103138,12,87,28,7,9,4,1,1,Mobile,Chrome,Winter,1,4,0,0
2476,53,Female,86141,18,21,25,10,2,8,253,1,Tablet,Chrome,Fall,0,4,0,0
2477,48,Male,42343,11,69,40,9,3,2,24,1,Mobile,Safari,Winter,0,2,0,0
2478,31,Female,148307,17,17,32,26,13,4,298,0,Desktop,Edge,Summer,1,5,0,0
2479,18,Male,70822,7,40,36,9,3,5,188,1,Tablet,Safari,Fall,0,2,0,0
2480,63,Female,33003,15,115,11,8,8,4,111,0,Tablet,Safari,Summer,0,5,0,0
2481,33,Male,128793,6,62,37,6,5,3,24,0,Desktop,Edge,Spring,0,2,0,0
2482,63,Female,79538,6,110,10,1,2,1,56,1,Desktop,Safari,Spring,0,1,1,210
2483,20,Female,52089,18,24,38,16,6,4,69,0,Desktop,Firefox,Winter,0,5,0,0
2484,52,Male,73595,19,109,36,24,10,9,18,0,Mobile,Safari,Winter,1,1,1,199
2485,58,Male,103197,19,108,27,24,14,0,228,1,Mobile,Edge,Winter,0,2,1,42
2486,23,Male,102318,2,56,17,28,13,0,58,1,Tablet,Chrome,Fall,0,3,0,0
2487,42,Male,50029,3,10,7,25,3,7,163,1,Tablet,Safari,Fall,1,1,1,189
2488,30,Female,99023,14,27,9,10,6,3,132,1,Desktop,Safari,Summer,1,4,0,0
2489,51,Female,71324,4,46,35,11,1,0,219,1,Mobile,Edge,Winter,0,3,1,229
2490,25,Female,71962,17,28,9,12,6,1,331,0,Desktop,Safari,Summer,0,2,0,0
2491,38,Female,133037,6,117,36,22,7,4,284,0,Desktop,Firefox,Spring,0,3,1,270
2492,51,Male,59042,19,9,30,3,11,6,139,0,Mobile,Safari,Summer,0,1,1,445
2493,21,Female,107601,9,36,31,6,6,4,3,0,Tablet,Safari,Spring,0,3,1,173
2494,42,Male,96380,4,50,19,8,5,9,356,1,Tablet,Chrome,Spring,0,2,0,0
2495,32,Female,104859,7,21,41,23,3,5,259,0,Tablet,Chrome,Spring,0,3,0,0
2496,21,Male,110933,4,79,23,13,12,6,281,1,Tablet,Edge,Summer,0,1,1,154
2497,62,Male,65957,11,31,20,24,8,2,332,1,Tablet,Chrome,Spring,1,5,1,101
2498,29,Male,102864,2,72,6,19,0,9,12,0,Mobile,Chrome,Summer,0,5,1,395
2499,49,Male,146358,10,27,43,8,4,4,53,0,Mobile,Firefox,Summer,0,1,0,0
2500,49,Male,63739,6,91,24,21,10,7,254,0,Desktop,Safari,Spring,0,2,1,196
2501,45,Female,58733,8,117,47,23,13,5,96,0,Tablet,Firefox,Fall,0,3,1,490
2502,30,Male,65389,15,38,22,13,0,1,232,0,Tablet,Safari,Fall,0,4,0,0
2503,48,Female,49715,13,25,6,4,10,8,266,1,Mobile,Chrome,Spring,1,1,1,26
2504,31,Female,59116,2,26,24,3,9,1,112,0,Desktop,Safari,Summer,1,3,0,0
2505,37,Male,76922,1,69,42,22,10,5,47,0,Mobile,Safari,Spring,0,2,0,0
2506,35,Female,76251,15,36,22,25,0,1,182,0,Mobile,Safari,Winter,0,3,1,400
2507,46,Female,81794,7,66,18,20,5,9,235,0,Tablet,Firefox,Fall,1,2,1,489
2508,23,Female,37580,18,32,16,28,5,6,254,1,Mobile,Chrome,Spring,1,1,0,0
2509,49,Male,135900,10,86,36,25,10,0,7,1,Mobile,Edge,Fall,0,3,0,0
2510,46,Male,20823,15,11,13,3,6,3,344,0,Tablet,Chrome,Spring,1,4,1,47
2511,60,Male,148001,5,58,37,22,9,7,288,1,Tablet,Firefox,Winter,0,4,1,102
2512,19,Male,112008,11,106,24,12,12,8,279,0,Tablet,Firefox,Fall,0,3,1,252
2513,40,Female,27084,8,74,19,5,8,9,306,0,Tablet,Firefox,Summer,0,1,0,0
2514,36,Female,97991,8,18,20,25,5,2,195,0,Mobile,Edge,Spring,1,5,0,0
2515,48,Female,30607,6,98,27,6,1,8,25,0,Mobile,Edge,Winter,1,2,1,247
2516,22,Female,102455,15,59,17,18,3,7,6,0,Tablet,Edge,Winter,1,5,1,96
2517,36,Female,132540,15,62,16,20,12,3,353,1,Mobile,Chrome,Fall,0,2,0,0
2518,51,Female,104930,5,48,1,14,12,0,143,0,Mobile,Chrome,Summer,1,2,0,0
2519,27,Male,134540,13,50,21,5,14,9,191,1,Desktop,Chrome,Summer,0,2,1,161
2520,42,Female,96355,14,18,27,11,14,4,148,0,Desktop,Firefox,Summer,0,5,0,0
2521,19,Female,142225,11,48,1,27,8,6,171,1,Desktop,Edge,Winter,0,4,1,433
2522,28,Female,31969,12,45,30,9,1,4,96,1,Mobile,Edge,Summer,1,4,1,233
2523,48,Male,83059,1,77,20,29,13,4,195,0,Tablet,Firefox,Spring,0,4,0,0
2524,32,Female,37333,3,99,24,17,6,4,260,0,Mobile,Chrome,Spring,1,1,1,42
2525,26,Female,97236,8,6,46,12,13,2,236,1,Desktop,Safari,Spring,0,5,1,218
2526,40,Male,147182,12,86,2,25,3,5,6,0,Mobile,Safari,Fall,0,2,1,67
2527,36,Female,117328,15,9,15,26,13,3,59,0,Desktop,Chrome,Fall,0,1,0,0
2528,26,Male,118847,3,94,29,1,9,9,249,1,Tablet,Edge,Winter,1,1,1,418
2529,52,Male,56668,8,91,35,1,13,1,52,1,Tablet,Safari,Summer,0,5,0,0
2530,38,Female,31945,19,16,13,4,10,3,275,1,Tablet,Firefox,Winter,1,3,1,279
2531,26,Female,122528,6,82,19,29,5,5,122,1,Tablet,Edge,Winter,0,3,0,0
2532,45,Male,66526,18,81,1,22,0,5,26,0,Desktop,Chrome,Summer,1,4,1,165
2533,63,Female,67717,11,103,45,18,10,8,304,0,Desktop,Firefox,Spring,0,4,1,179
2534,24,Female,79426,12,51,47,17,13,7,217,1,Desktop,Safari,Winter,0,4,0,0
2535,33,Male,121170,2,83,16,12,13,4,183,0,Mobile,Chrome,Summer,0,3,1,423
2536,33,Male,104166,5,39,43,20,7,9,89,0,Desktop,Edge,Spring,0,1,1,132
2537,50,Female,136524,4,23,3,24,5,2,38,1,Tablet,Safari,Summer,0,1,0,0
2538,21,Male,126572,9,83,40,22,10,3,84,0,Desktop,Firefox,Summer,1,1,1,417
2539,21,Female,110480,13,67,6,12,13,4,108,1,Desktop,Chrome,Spring,1,4,1,134
2540,56,Female,108896,13,119,31,5,6,0,163,0,Mobile,Edge,Spring,0,3,1,488
2541,57,Female,98349,15,12,5,1,12,8,197,0,Mobile,Firefox,Fall,1,4,1,11
2542,34,Female,135036,2,27,26,19,5,3,253,1,Mobile,Firefox,Winter,1,2,1,409
2543,54,Male,24601,13,17,28,7,6,7,227,1,Mobile,Firefox,Fall,0,4,0,0
2544,56,Female,32930,7,27,15,15,4,4,3,0,Desktop,Firefox,Winter,1,2,0,0
2545,46,Male,24333,17,35,9,14,2,4,297,1,Desktop,Chrome,Spring,0,2,0,0
2546,53,Female,90935,8,34,22,26,5,1,160,0,Tablet,Safari,Summer,0,3,1,490
2547,55,Female,140384,18,46,37,3,14,7,292,0,Tablet,Edge,Spring,0,1,0,0
2548,56,Male,37839,15,6,21,5,9,9,30,0,Mobile,Edge,Spring,1,5,1,54
2549,54,Female,71337,15,15,42,6,14,6,116,0,Desktop,Safari,Spring,0,4,0,0
2550,52,Male,60204,5,29,29,25,8,1,167,0,Tablet,Firefox,Winter,0,3,0,0
2551,24,Male,40195,2,33,26,11,5,5,93,1,Desktop,Firefox,Summer,0,4,0,0
2552,44,Female,47848,16,26,6,19,8,8,218,1,Desktop,Firefox,Fall,0,2,1,469
2553,45,Female,109229,5,23,11,22,1,7,109,1,Desktop,Edge,Winter,0,1,0,0
2554,39,Female,133251,6,77,36,27,10,9,89,1,Desktop,Safari,Winter,1,1,1,122
2555,31,Female,132265,12,45,20,2,0,2,188,1,Mobile,Chrome,Spring,0,5,0,0
2556,24,Male,149703,5,42,44,25,13,6,184,0,Tablet,Safari,Spring,0,2,0,0
2557,54,Female,60854,8,33,20,12,12,3,210,0,Desktop,Safari,Winter,0,5,1,119
2558,39,Female,121986,11,78,27,25,3,3,186,0,Desktop,Firefox,Fall,0,4,0,0
2559,22,Female,70998,14,26,6,23,4,6,282,0,Desktop,Firefox,Spring,0,1,0,0
2560,19,Female,87390,17,92,33,14,9,6,184,0,Tablet,Edge,Summer,0,1,1,266
2561,44,Female,51558,10,12,30,27,6,0,361,1,Mobile,Chrome,Winter,0,5,0,0
2562,38,Male,22985,2,51,34,9,7,0,137,1,Mobile,Firefox,Spring,0,2,0,0
2563,55,Female,81794,3,10,5,20,11,5,288,0,Desktop,Edge,Winter,0,1,0,0
2564,32,Male,63585,13,11,16,16,0,1,333,1,Desktop,Edge,Summer,0,3,1,430
2565,38,Female,104814,17,88,12,26,5,2,107,0,Mobile,Edge,Winter,1,3,0,0
2566,27,Female,60264,3,85,12,17,0,1,88,0,Tablet,Edge,Winter,0,2,0,0
2567,40,Female,53326,10,40,11,17,7,1,125,0,Desktop,Edge,Winter,0,2,0,0
2568,56,Male,104816,8,12,21,2,11,7,197,0,Tablet,Firefox,Spring,0,5,1,256
2569,22,Female,79261,4,81,7,10,0,7,110,0,Mobile,Firefox,Winter,1,2,1,409
2570,18,Male,54022,13,92,34,11,3,5,318,1,Desktop,Safari,Fall,1,5,0,0
2571,30,Male,35667,7,50,29,3,2,2,48,1,Desktop,Chrome,Fall,1,2,1,407
2572,38,Female,38065,7,118,6,2,1,4,322,0,Tablet,Edge,Spring,1,3,0,0
2573,43,Male,134382,16,68,36,4,7,6,190,0,Tablet,Chrome,Spring,0,1,0,0
2574,62,Female,148145,5,35,34,8,5,4,111,1,Tablet,Edge,Winter,1,2,0,0
2575,38,Female,107191,17,27,49,19,12,6,222,1,Desktop,Safari,Winter,0,2,1,84
2576,35,Male,30006,10,65,8,20,11,9,69,0,Mobile,Edge,Fall,0,2,1,336
2577,54,Female,91819,4,85,37,18,14,6,184,0,Mobile,Edge,Winter,1,3,1,497
2578,62,Female,127158,14,54,10,1,3,3,330,1,Mobile,Safari,Fall,0,4,0,0
2579,49,Male,65076,5,50,16,24,2,9,164,1,Tablet,Firefox,Winter,1,2,1,434
2580,53,Male,88861,2,92,2,23,14,9,292,1,Tablet,Chrome,Winter,1,3,1,372
2581,34,Male,116319,14,47,19,26,5,5,7,0,Mobile,Safari,Fall,1,1,1,46
2582,52,Male,70393,18,14,7,2,5,8,221,1,Desktop,Safari,Winter,0,3,0,0
2583,28,Male,23143,11,99,2,8,4,3,219,0,Mobile,Firefox,Fall,0,2,0,0
2584,38,Male,121341,16,113,45,29,2,9,58,1,Tablet,Edge,Winter,1,1,1,241
2585,43,Female,77505,18,24,23,10,10,0,276,0,Tablet,Firefox,Spring,1,3,0,0
2586,21,Male,32417,16,20,31,19,9,7,51,1,Tablet,Edge,Summer,0,5,1,21
2587,51,Male,51300,4,82,4,7,8,3,215,0,Tablet,Chrome,Summer,0,2,1,462
2588,35,Female,112062,1,7,16,17,13,7,161,1,Mobile,Chrome,Summer,0,4,0,0
2589,57,Female,48896,14,34,10,28,5,8,1,1,Mobile,Chrome,Summer,0,3,0,0
2590,52,Male,136469,12,22,49,29,4,7,67,1,Desktop,Firefox,Spring,1,4,0,0
2591,58,Male,122979,10,63,21,3,10,0,50,1,Tablet,Chrome,Fall,0,3,0,0
2592,46,Female,70629,19,74,28,25,6,8,35,0,Mobile,Firefox,Summer,0,1,0,0
2593,46,Male,47606,4,88,46,15,0,4,163,1,Tablet,Chrome,Winter,0,4,1,124
2594,55,Male,59916,3,39,12,4,6,7,315,0,Tablet,Firefox,Spring,1,2,0,0
2595,59,Female,81330,4,23,13,17,0,5,333,1,Tablet,Chrome,Summer,0,4,0,0
2596,38,Male,27551,15,30,40,11,8,6,97,1,Desktop,Safari,Summer,1,2,1,289
2597,59,Female,134794,11,39,17,6,5,2,13,0,Tablet,Firefox,Summer,1,1,1,95
2598,30,Male,120972,16,80,18,17,6,8,278,1,Tablet,Safari,Summer,0,2,1,187
2599,58,Female,139623,4,76,10,10,6,8,56,0,Mobile,Chrome,Summer,0,3,1,295
2600,34,Female,76422,6,61,28,1,0,9,81,0,Tablet,Firefox,Summer,1,2,0,0
2601,26,Female,135852,8,105,13,18,1,1,202,0,Desktop,Chrome,Spring,0,4,0,0
2602,58,Male,133216,13,53,34,14,9,3,251,0,Desktop,Firefox,Winter,1,4,0,0
2603,18,Female,135845,4,14,49,19,2,3,219,0,Tablet,Edge,Summer,0,3,0,0
2604,19,Male,87782,5,89,6,29,7,0,15,0,Desktop,Safari,Fall,0,2,0,0
2605,46,Female,85391,10,117,12,18,8,3,109,0,Desktop,Edge,Summer,1,2,1,290
2606,50,Female,124957,5,109,29,24,14,2,298,1,Desktop,Chrome,Summer,0,2,0,0
2607,27,Female,143546,12,113,13,22,10,1,124,0,Desktop,Firefox,Spring,0,5,0,0
2608,57,Male,145006,1,110,26,1,7,5,71,0,Mobile,Safari,Summer,0,5,0,0
2609,38,Male,83411,10,33,4,22,11,2,185,0,Tablet,Safari,Spring,0,4,0,0
2610,45,Female,129437,5,99,15,1,5,9,192,1,Mobile,Safari,Spring,1,4,1,276
2611,28,Male,93185,19,108,16,9,1,8,328,1,Mobile,Chrome,Winter,1,1,1,81
2612,51,Male,135199,19,75,19,14,1,8,60,0,Mobile,Chrome,Spring,1,2,1,265
2613,25,Male,126745,12,102,47,3,13,7,31,1,Desktop,Safari,Winter,1,4,1,336
2614,39,Female,20888,16,102,26,12,12,7,55,0,Desktop,Firefox,Fall,1,1,1,363
2615,25,Male,127519,5,98,32,17,11,1,162,0,Desktop,Chrome,Summer,1,5,0,0
2616,32,Female,147574,17,72,6,17,14,5,225,0,Tablet,Chrome,Summer,0,4,1,393
2617,34,Female,77135,14,109,6,2,9,3,132,1,Tablet,Chrome,Fall,0,2,0,0
2618,40,Female,49424,12,98,5,29,6,9,102,0,Tablet,Edge,Summer,1,4,1,62
2619,41,Male,61559,13,93,2,6,8,1,346,1,Desktop,Safari,Summer,1,5,0,0
2620,62,Female,137710,14,82,2,1,5,1,224,1,Desktop,Firefox,Spring,1,1,1,394
2621,36,Male,137218,5,28,37,23,0,9,231,0,Desktop,Chrome,Winter,0,1,0,0
2622,22,Male,31075,5,47,3,27,13,6,362,0,Mobile,Firefox,Spring,1,1,1,437
2623,49,Female,42699,18,99,6,12,14,0,59,0,Mobile,Chrome,Summer,0,2,1,157
2624,61,Female,67972,14,43,31,4,8,7,297,1,Desktop,Chrome,Spring,0,4,0,0
2625,18,Female,136752,18,96,43,23,13,4,218,1,Mobile,Firefox,Fall,0,4,1,464
2626,40,Male,29950,1,29,5,16,6,9,283,1,Desktop,Firefox,Summer,0,1,1,403
2627,54,Male,25413,7,87,46,20,14,7,79,1,Desktop,Firefox,Fall,0,3,1,213
2628,25,Female,59305,17,72,10,11,2,1,149,0,Mobile,Safari,Winter,0,5,1,217
2629,30,Female,148821,3,38,27,20,1,0,91,1,Desktop,Firefox,Spring,1,4,1,42
2630,25,Male,23569,10,100,24,20,2,1,226,0,Tablet,Firefox,Winter,1,5,0,0
2631,40,Male,86778,7,93,22,26,14,5,139,0,Tablet,Firefox,Spring,0,2,0,0
2632,60,Female,122633,12,90,25,28,1,3,343,0,Mobile,Firefox,Winter,0,4,1,150
2633,18,Male,50085,15,57,3,10,12,7,114,0,Desktop,Firefox,Fall,0,2,0,0
2634,62,Male,96023,16,96,16,8,10,8,22,0,Desktop,Firefox,Fall,0,2,1,249
2635,41,Male,103845,8,59,30,2,9,8,23,0,Desktop,Firefox,Spring,1,4,1,350
2636,52,Male,116307,6,119,48,8,12,4,65,0,Mobile,Chrome,Spring,0,5,1,103
2637,41,Male,112174,4,57,43,26,14,5,59,0,Desktop,Firefox,Summer,1,4,1,471
2638,34,Male,56163,11,22,4,27,1,6,89,0,Tablet,Firefox,Spring,0,1,0,0
2639,22,Female,69592,17,11,43,1,3,3,198,0,Tablet,Edge,Fall,0,2,0,0
2640,37,Male,107151,2,67,40,29,5,9,114,1,Tablet,Firefox,Winter,1,2,0,0
2641,38,Female,77333,6,79,16,23,2,2,28,1,Mobile,Edge,Winter,1,5,1,116
2642,57,Female,137431,4,46,40,7,8,1,210,0,Tablet,Firefox,Fall,0,1,0,0
2643,48,Male,28039,3,15,41,22,4,9,239,0,Tablet,Firefox,Winter,0,3,1,25
2644,63,Female,28198,7,13,46,14,4,3,257,1,Mobile,Chrome,Summer,0,5,0,0
2645,53,Female,54354,7,39,8,4,14,8,285,0,Desktop,Edge,Winter,0,3,1,58
2646,28,Female,135513,16,105,24,21,6,4,46,0,Desktop,Safari,Summer,0,1,1,199
2647,32,Male,23824,2,91,16,17,8,0,333,1,Desktop,Firefox,Winter,0,2,0,0
2648,36,Female,70420,8,101,27,2,12,4,185,0,Tablet,Chrome,Summer,1,1,1,141
2649,24,Male,109535,15,69,2,26,0,5,140,1,Desktop,Safari,Winter,0,1,0,0
2650,45,Female,23436,16,88,20,23,8,9,167,0,Tablet,Edge,Summer,1,5,1,90
2651,60,Female,113550,1,9,20,2,1,5,213,1,Desktop,Firefox,Spring,1,2,0,0
2652,22,Female,60857,10,97,20,8,2,4,159,0,Tablet,Chrome,Winter,1,2,0,0
2653,22,Female,36057,7,30,19,7,11,7,39,1,Mobile,Safari,Summer,0,2,0,0
2654,47,Male,21310,16,55,18,26,4,4,102,1,Tablet,Safari,Summer,0,4,0,0
2655,49,Female,146913,10,42,13,8,9,9,336,0,Mobile,Safari,Summer,0,1,0,0
2656,25,Female,95355,12,7,17,20,11,2,110,1,Mobile,Safari,Fall,1,2,0,0
2657,27,Male,133769,17,89,33,17,3,2,264,1,Mobile,Safari,Summer,0,4,1,226
2658,55,Male,143916,13,63,28,23,4,3,298,0,Desktop,Chrome,Winter,0,5,1,495
2659,64,Male,98993,12,17,5,17,12,9,335,1,Desktop,Firefox,Summer,0,4,1,348
2660,49,Female,86013,15,99,28,7,9,7,334,0,Desktop,Edge,Winter,0,5,1,272
2661,45,Male,80022,14,85,25,25,4,8,96,0,Mobile,Safari,Spring,0,3,1,168
2662,34,Male,28906,19,39,20,5,11,6,61,0,Mobile,Chrome,Spring,1,1,1,271
2663,48,Male,29868,19,91,21,15,4,1,139,1,Tablet,Firefox,Spring,1,4,0,0
2664,25,Male,38546,14,7,13,2,13,8,230,1,Tablet,Chrome,Fall,1,5,1,223
2665,57,Male,118812,18,57,6,11,13,5,32,1,Mobile,Edge,Winter,0,3,0,0
2666,42,Male,92855,5,59,29,17,9,5,133,0,Mobile,Chrome,Spring,1,2,1,293
2667,26,Female,149080,6,49,42,24,9,5,235,1,Desktop,Safari,Winter,0,3,0,0
2668,19,Male,53149,18,70,9,13,9,0,332,0,Desktop,Firefox,Spring,0,2,1,427
2669,32,Female,144060,14,71,29,4,4,8,235,0,Tablet,Chrome,Spring,0,5,0,0
2670,20,Male,133591,4,88,38,24,10,5,242,0,Mobile,Firefox,Winter,0,1,0,0
2671,53,Male,87381,1,116,1,18,1,6,295,1,Desktop,Safari,Fall,0,3,0,0
2672,21,Male,43684,13,48,30,29,10,0,249,1,Desktop,Edge,Fall,1,5,0,0
2673,31,Female,49858,11,77,32,14,0,4,23,0,Tablet,Edge,Spring,0,5,0,0
2674,58,Male,65330,3,116,23,19,9,2,225,1,Desktop,Firefox,Winter,0,5,1,467
2675,58,Male,128214,17,72,39,3,10,8,144,0,Tablet,Safari,Fall,0,2,1,49
2676,42,Male,143980,18,66,10,4,14,1,306,0,Desktop,Edge,Winter,1,1,1,48
2677,27,Male,79204,10,29,44,25,7,3,72,0,Mobile,Chrome,Spring,0,3,1,226
2678,38,Female,112203,16,56,21,9,2,2,225,0,Desktop,Firefox,Winter,0,2,1,197
2679,53,Female,45293,13,54,26,21,11,8,48,0,Tablet,Firefox,Summer,0,1,0,0
2680,29,Female,76869,12,5,15,23,6,2,34,1,Mobile,Safari,Fall,0,1,1,239
2681,44,Female,110429,4,43,17,14,7,0,254,0,Desktop,Safari,Summer,0,2,0,0
2682,57,Female,24629,8,56,35,29,10,7,63,0,Tablet,Edge,Fall,0,3,1,153
2683,19,Male,25704,12,80,25,25,11,0,102,1,Desktop,Firefox,Spring,0,2,1,107
2684,30,Male,21776,19,44,15,17,5,0,17,0,Tablet,Chrome,Summer,1,1,0,0
2685,49,Male,77255,15,108,33,29,13,6,241,0,Tablet,Chrome,Spring,1,3,1,172
2686,48,Female,68281,16,64,11,2,5,8,290,0,Tablet,Chrome,Winter,0,5,0,0
2687,33,Male,136972,12,92,24,14,10,3,256,0,Desktop,Chrome,Winter,1,5,0,0
2688,49,Female,133532,18,77,6,22,2,9,361,0,Desktop,Safari,Summer,1,4,1,264
2689,49,Male,51236,12,114,28,16,8,3,67,0,Tablet,Edge,Summer,0,4,1,393
2690,51,Female,86780,16,88,29,19,2,4,280,0,Tablet,Safari,Summer,0,5,1,49
2691,28,Male,21333,11,73,48,16,12,4,266,0,Tablet,Chrome,Winter,0,2,1,25
2692,27,Male,89205,14,24,21,11,4,1,5,1,Tablet,Chrome,Summer,1,4,0,0
2693,32,Male,103120,2,89,12,28,5,8,31,0,Tablet,Edge,Fall,1,4,1,149
2694,34,Male,70946,13,6,22,27,14,9,152,0,Tablet,Firefox,Fall,0,3,0,0
2695,57,Female,133883,14,89,27,14,14,8,267,1,Tablet,Safari,Spring,1,2,1,57
2696,35,Male,75333,6,110,21,7,12,8,51,1,Tablet,Edge,Winter,0,2,1,330
2697,26,Male,47277,12,92,15,5,0,8,247,0,Desktop,Chrome,Fall,1,2,0,0
2698,42,Male,70606,7,13,18,26,10,0,48,1,Mobile,Chrome,Summer,0,3,0,0
2699,57,Female,21933,4,43,10,8,8,7,334,1,Mobile,Firefox,Winter,0,4,1,57
2700,31,Male,53514,7,34,22,29,6,7,132,0,Desktop,Edge,Winter,1,3,0,0
2701,42,Male,142058,13,58,44,17,10,3,136,1,Tablet,Edge,Fall,1,5,0,0
2702,39,Male,127336,11,86,20,25,11,9,7,0,Desktop,Chrome,Spring,0,1,1,104
2703,47,Male,109893,8,62,19,14,0,0,119,0,Tablet,Firefox,Spring,0,5,0,0
2704,37,Male,112607,19,48,28,27,5,0,288,1,Mobile,Safari,Fall,0,5,0,0
2705,38,Female,82958,2,47,37,10,6,0,342,1,Desktop,Chrome,Summer,0,4,0,0
2706,61,Female,26827,18,14,44,22,4,2,278,0,Mobile,Chrome,Fall,1,4,0,0
2707,49,Female,50844,10,113,1,12,12,9,218,0,Desktop,Firefox,Winter,0,1,1,468
2708,63,Male,134501,6,109,34,5,4,2,115,0,Desktop,Firefox,Fall,0,4,1,366
2709,38,Female,111200,4,52,35,8,6,3,164,0,Mobile,Edge,Fall,0,2,1,119
2710,52,Male,20792,19,89,26,28,2,1,285,0,Mobile,Chrome,Fall,0,5,0,0
2711,49,Male,59695,14,90,30,12,2,8,223,1,Mobile,Safari,Spring,1,1,0,0
2712,47,Male,103187,14,21,12,4,0,9,86,0,Tablet,Chrome,Spring,0,1,1,319
2713,56,Male,62510,18,9,14,28,13,8,189,0,Mobile,Firefox,Fall,0,4,0,0
2714,29,Female,59137,17,74,39,13,7,9,53,0,Mobile,Safari,Summer,0,1,0,0
2715,58,Female,133104,18,78,4,25,1,6,328,0,Mobile,Chrome,Winter,0,1,0,0
2716,64,Female,104610,18,68,12,21,14,1,341,0,Desktop,Edge,Summer,0,2,0,0
2717,35,Male,93410,5,111,24,17,2,2,15,0,Tablet,Safari,Summer,1,5,1,360
2718,38,Female,102212,9,70,40,24,6,7,127,1,Desktop,Firefox,Summer,1,1,1,265
2719,30,Female,59632,1,75,31,25,9,8,176,0,Tablet,Edge,Winter,1,1,1,55
2720,38,Male,56790,4,114,1,21,9,3,118,0,Mobile,Edge,Winter,0,1,0,0
2721,25,Female,144284,7,8,37,29,10,8,182,0,Desktop,Edge,Fall,0,3,1,39
2722,63,Male,103568,11,105,1,5,7,3,68,0,Desktop,Firefox,Summer,0,2,0,0
2723,57,Female,149779,14,87,15,6,8,1,325,0,Tablet,Firefox,Summer,0,5,1,389
2724,63,Female,50885,10,32,13,9,13,6,356,1,Tablet,Chrome,Summer,1,3,1,326
2725,24,Female,85214,19,88,29,5,7,8,192,1,Mobile,Edge,Winter,0,1,0,0
2726,40,Male,96544,8,98,45,2,6,1,194,0,Mobile,Safari,Summer,0,4,1,19
2727,61,Female,64870,3,110,4,3,9,7,178,1,Mobile,Safari,Spring,0,1,0,0
2728,49,Female,148217,8,42,15,11,0,5,47,1,Desktop,Edge,Summer,0,2,0,0
2729,28,Female,68110,18,70,44,10,0,8,142,0,Mobile,Firefox,Summer,0,1,1,262
2730,39,Female,129414,5,71,40,3,13,4,9,0,Mobile,Chrome,Winter,1,4,0,0
2731,39,Male,25171,11,64,48,9,10,0,12,0,Mobile,Firefox,Winter,0,3,0,0
2732,60,Male,29589,9,51,12,8,7,4,92,0,Desktop,Firefox,Spring,1,2,1,276
2733,42,Female,38077,19,110,25,16,13,9,13,0,Tablet,Edge,Fall,0,3,1,69
2734,39,Female,84874,12,117,27,29,6,6,277,1,Desktop,Edge,Summer,0,4,1,205
2735,45,Female,92246,5,107,6,29,1,6,38,0,Mobile,Chrome,Winter,0,5,1,54
2736,46,Male,135725,16,29,23,22,8,3,308,0,Tablet,Edge,Fall,0,3,0,0
2737,30,Female,105772,13,70,15,21,9,9,282,0,Desktop,Firefox,Winter,0,3,0,0
2738,35,Female,58227,6,107,39,26,6,5,278,0,Mobile,Safari,Winter,0,1,1,186
2739,19,Male,34937,16,83,5,2,14,5,244,1,Desktop,Edge,Winter,0,2,1,484
2740,46,Male,29754,18,71,23,25,8,9,244,1,Desktop,Chrome,Winter,1,2,1,181
2741,38,Male,45688,17,73,15,10,10,9,328,1,Mobile,Chrome,Winter,0,5,1,97
2742,32,Female,27048,12,44,25,24,14,0,37,1,Mobile,Firefox,Fall,1,5,1,445
2743,44,Male,42568,1,104,30,14,0,4,232,0,Tablet,Edge,Summer,0,3,1,46
2744,48,Male,117583,7,54,44,5,10,6,173,1,Tablet,Chrome,Fall,1,5,1,344
2745,32,Female,95019,14,119,43,22,2,4,251,0,Tablet,Firefox,Winter,0,2,1,397
2746,40,Male,37545,18,44,4,25,9,7,120,0,Mobile,Firefox,Summer,0,2,1,471
2747,41,Female,102949,1,106,13,1,1,0,342,0,Desktop,Edge,Fall,1,3,1,195
2748,61,Female,114449,10,41,40,13,5,8,333,0,Tablet,Edge,Fall,1,3,0,0
2749,30,Male,65217,15,95,39,4,9,1,14,0,Mobile,Edge,Summer,1,4,0,0
2750,39,Female,68122,11,73,23,21,3,7,274,1,Tablet,Firefox,Spring,1,2,0,0
2751,60,Male,145619,4,21,16,9,1,4,353,1,Mobile,Firefox,Fall,0,5,0,0
2752,54,Male,149832,15,66,35,16,1,9,135,0,Desktop,Safari,Spring,1,4,0,0
2753,50,Male,53746,16,106,16,28,5,6,188,0,Mobile,Firefox,Spring,0,1,0,0
2754,20,Female,28709,15,113,48,21,8,6,55,0,Tablet,Chrome,Summer,0,5,0,0
2755,36,Male,147873,17,45,7,21,5,0,290,0,Mobile,Firefox,Summer,0,1,0,0
2756,40,Female,45358,11,80,45,28,3,7,127,1,Desktop,Edge,Summer,0,4,1,368
2757,46,Female,134064,18,46,13,28,11,2,301,0,Tablet,Firefox,Fall,0,2,0,0
2758,47,Female,31023,16,35,29,19,14,3,259,1,Tablet,Edge,Winter,1,2,1,381
2759,56,Male,115387,15,37,39,24,8,2,332,0,Desktop,Firefox,Spring,0,1,0,0
2760,61,Female,48756,11,47,20,14,1,1,100,0,Mobile,Safari,Winter,0,2,0,0
2761,64,Female,83175,13,97,29,23,5,6,309,1,Desktop,Firefox,Fall,1,3,0,0
2762,42,Male,74281,18,106,18,24,6,9,159,0,Desktop,Firefox,Spring,0,4,0,0
2763,54,Male,69289,8,71,22,20,12,4,23,0,Desktop,Chrome,Spring,1,5,0,0
2764,64,Female,78097,9,42,36,8,2,6,200,1,Mobile,Safari,Winter,0,4,0,0
2765,25,Female,96681,11,45,41,10,3,0,65,0,Tablet,Edge,Summer,0,1,0,0
2766,59,Male,106728,17,67,48,20,6,9,183,0,Desktop,Chrome,Spring,1,1,1,141
2767,33,Female,67259,1,44,36,1,8,1,227,1,Mobile,Firefox,Fall,0,2,0,0
2768,25,Female,38839,11,34,8,20,14,5,111,0,Tablet,Chrome,Summer,0,1,1,408
2769,18,Female,47410,7,51,3,5,4,5,79,1,Mobile,Edge,Winter,0,5,0,0
2770,61,Female,125696,8,26,29,26,10,2,245,0,Desktop,Edge,Spring,1,4,0,0
2771,22,Male,143459,19,106,9,15,12,9,92,1,Desktop,Chrome,Summer,0,5,1,361
2772,20,Female,31447,4,100,8,8,1,0,140,0,Mobile,Safari,Spring,0,4,1,296
2773,18,Male,137954,4,59,30,28,7,2,1,0,Mobile,Edge,Fall,0,2,0,0
2774,21,Female,106569,19,47,12,10,8,3,267,1,Desktop,Safari,Summer,1,1,1,372
2775,57,Male,126891,9,65,46,6,10,0,51,0,Mobile,Edge,Summer,0,4,0,0
2776,52,Female,95665,17,78,28,15,10,6,229,1,Desktop,Safari,Summer,0,3,1,33
2777,49,Male,115894,18,36,42,15,1,2,45,0,Mobile,Edge,Winter,0,3,1,314
2778,59,Female,33907,1,111,49,27,9,7,99,0,Tablet,Chrome,Spring,0,3,0,0
2779,51,Male,41637,14,8,43,10,9,6,72,0,Mobile,Safari,Summer,1,3,1,357
2780,60,Female,58196,4,97,10,21,0,5,287,1,Tablet,Chrome,Winter,1,5,0,0
2781,42,Female,42369,10,49,13,19,3,7,85,1,Mobile,Chrome,Fall,1,1,1,294
2782,27,Male,115017,14,76,2,4,12,8,181,0,Mobile,Edge,Summer,0,4,0,0
2783,38,Male,117217,7,24,1,22,0,1,323,1,Tablet,Firefox,Summer,0,3,0,0
2784,63,Male,22589,12,115,22,6,0,9,217,0,Desktop,Chrome,Fall,1,3,1,99
2785,56,Male,43560,16,75,33,15,4,8,297,1,Tablet,Firefox,Fall,1,4,0,0
2786,44,Male,23034,5,69,16,6,6,9,156,0,Mobile,Edge,Fall,0,2,0,0
2787,44,Female,20169,11,64,42,18,2,4,348,0,Desktop,Chrome,Winter,0,5,1,215
2788,19,Male,112449,4,93,29,11,6,0,328,0,Desktop,Firefox,Winter,0,5,0,0
2789,58,Male,23239,13,30,10,12,4,0,65,0,Mobile,Safari,Fall,0,1,0,0
2790,30,Female,23415,8,77,39,8,9,6,143,1,Tablet,Firefox,Spring,1,3,1,114
2791,26,Male,105488,7,27,7,24,10,5,360,1,Desktop,Chrome,Winter,0,1,0,0
2792,53,Male,96944,11,44,1,22,7,9,342,1,Tablet,Firefox,Summer,0,1,1,361
2793,39,Male,23484,11,6,26,14,6,8,231,0,Desktop,Edge,Fall,0,1,0,0
2794,59,Female,73987,17,30,45,4,0,0,20,1,Mobile,Firefox,Winter,1,1,0,0
2795,43,Male,38225,14,82,5,18,12,9,333,0,Desktop,Safari,Winter,0,4,1,388
2796,29,Female,100459,2,66,35,6,0,9,192,1,Mobile,Firefox,Fall,0,4,1,214
2797,34,Female,141566,8,48,13,6,6,9,346,0,Mobile,Safari,Summer,0,4,0,0
2798,31,Male,81104,2,35,27,26,5,9,295,0,Mobile,Firefox,Summer,0,1,1,314
2799,31,Female,40936,15,30,12,19,8,6,135,1,Desktop,Edge,Fall,0,3,0,0
2800,51,Male,59612,5,117,30,2,7,7,203,0,Tablet,Edge,Spring,1,5,1,464
2801,37,Male,104946,6,87,32,4,12,9,159,1,Tablet,Firefox,Summer,0,3,1,134
2802,28,Male,115533,17,106,31,24,13,3,162,0,Desktop,Chrome,Fall,0,1,0,0
2803,33,Male,140877,8,9,5,5,5,0,203,1,Tablet,Chrome,Winter,1,2,0,0
2804,48,Male,122269,19,74,37,15,5,2,88,0,Tablet,Safari,Fall,0,4,0,0
2805,23,Female,59952,5,39,2,3,8,1,345,0,Tablet,Safari,Fall,0,3,0,0
2806,36,Female,78945,19,20,38,29,11,2,51,0,Mobile,Chrome,Fall,0,4,0,0
2807,54,Female,107399,14,35,7,16,3,5,184,1,Desktop,Safari,Winter,0,3,1,468
2808,21,Female,25380,10,86,1,13,8,9,353,0,Desktop,Chrome,Summer,1,2,0,0
2809,64,Male,70298,13,18,3,12,10,2,285,0,Mobile,Firefox,Spring,0,3,1,272
2810,21,Male,106246,5,29,20,21,10,9,250,1,Desktop,Safari,Spring,0,4,1,285
2811,37,Female,100821,7,83,2,9,7,3,319,0,Mobile,Firefox,Fall,0,2,0,0
2812,27,Male,47260,10,94,42,11,2,0,213,1,Tablet,Chrome,Summer,0,4,1,139
2813,41,Female,52879,11,104,43,8,10,5,289,0,Mobile,Safari,Winter,0,5,0,0
2814,52,Female,36143,3,79,21,28,3,1,301,0,Mobile,Safari,Summer,1,1,1,448
2815,43,Female,69744,13,105,45,26,6,3,6,0,Tablet,Safari,Winter,0,5,1,315
2816,54,Female,92949,2,109,32,7,2,4,37,1,Desktop,Safari,Winter,0,1,0,0
2817,55,Male,51578,4,105,48,4,12,4,181,0,Tablet,Firefox,Winter,0,1,1,333
2818,38,Male,100262,3,75,20,2,2,3,258,1,Mobile,Safari,Fall,0,5,1,164
2819,57,Female,77331,15,22,43,28,7,2,106,1,Desktop,Safari,Summer,0,2,0,0
2820,56,Female,112551,4,54,31,25,4,3,222,1,Mobile,Edge,Winter,0,1,0,0
2821,38,Female,83815,4,24,43,19,11,2,313,1,Desktop,Safari,Summer,1,3,1,266
2822,27,Female,135926,15,60,33,22,4,2,348,1,Tablet,Safari,Summer,0,5,1,190
2823,55,Female,91519,6,6,24,29,7,3,352,0,Desktop,Edge,Spring,0,3,0,0
2824,63,Male,39178,5,30,18,23,5,8,117,0,Tablet,Chrome,Spring,0,2,1,49
2825,21,Female,112526,12,27,20,12,4,8,179,0,Desktop,Firefox,Spring,0,2,0,0
2826,62,Female,95857,7,36,32,3,0,7,91,1,Mobile,Chrome,Fall,0,5,0,0
2827,37,Male,80197,3,17,5,19,4,3,150,1,Desktop,Edge,Summer,0,3,0,0
2828,34,Male,129365,7,17,2,3,7,1,335,1,Desktop,Edge,Summer,0,4,0,0
2829,24,Male,148075,12,21,26,19,13,8,171,0,Tablet,Firefox,Summer,0,1,0,0
2830,21,Male,56366,15,93,25,19,8,5,294,0,Tablet,Safari,Fall,1,4,1,156
2831,46,Male,72955,19,62,22,7,5,7,192,1,Desktop,Safari,Spring,0,4,1,313
2832,31,Male,119830,6,90,39,29,10,3,37,0,Mobile,Chrome,Winter,1,5,0,0
2833,20,Male,126213,8,31,22,14,12,7,100,1,Desktop,Edge,Fall,1,4,0,0
2834,41,Male,120273,6,21,11,21,14,5,294,0,Desktop,Firefox,Winter,0,4,1,386
2835,54,Male,61911,3,94,11,4,12,5,327,0,Mobile,Edge,Spring,0,1,1,106
2836,33,Female,103422,5,42,45,6,9,5,31,1,Tablet,Safari,Spring,0,2,0,0
2837,21,Male,73619,9,18,4,14,2,8,300,0,Desktop,Edge,Winter,0,1,0,0
2838,41,Female,64296,16,18,33,8,7,0,94,1,Desktop,Firefox,Spring,0,1,1,188
2839,51,Female,42791,16,16,18,18,12,0,270,0,Desktop,Edge,Fall,0,5,0,0
2840,47,Female,28301,9,73,31,28,4,4,98,0,Tablet,Firefox,Summer,0,2,0,0
2841,35,Female,146866,18,105,44,15,1,0,52,1,Mobile,Firefox,Summer,0,3,1,218
2842,36,Female,120658,13,72,28,19,0,9,343,1,Mobile,Firefox,Spring,1,3,0,0
2843,48,Female,123623,11,59,42,18,10,8,298,1,Mobile,Chrome,Summer,0,4,1,29
2844,36,Female,118529,10,67,22,15,7,3,350,1,Desktop,Safari,Fall,1,5,1,81
2845,63,Female,132824,10,33,40,23,1,1,7,1,Tablet,Safari,Summer,0,2,0,0
2846,36,Male,55779,6,93,3,12,10,2,246,1,Mobile,Safari,Summer,1,5,1,431
2847,39,Female,56894,16,49,7,18,2,8,18,0,Desktop,Firefox,Fall,0,2,0,0
2848,41,Female,118917,12,8,20,5,8,7,185,0,Desktop,Firefox,Fall,1,2,0,0
2849,62,Female,99618,4,118,43,27,0,2,230,0,Desktop,Edge,Winter,0,1,0,0
2850,29,Female,69250,5,20,7,15,7,7,202,1,Mobile,Firefox,Spring,0,2,0,0
2851,47,Male,90994,2,118,7,26,11,3,44,0,Tablet,Firefox,Fall,0,2,0,0
2852,55,Female,61770,19,70,29,9,1,5,98,0,Tablet,Chrome,Summer,0,3,1,268
2853,48,Male,42300,1,27,26,8,7,3,63,0,Desktop,Firefox,Fall,0,4,0,0
2854,53,Male,138025,4,72,41,8,13,4,160,0,Desktop,Firefox,Fall,0,3,1,238
2855,36,Female,88235,12,24,3,3,1,9,351,1,Desktop,Firefox,Spring,1,1,0,0
2856,62,Female,49485,2,21,43,13,6,8,143,1,Desktop,Firefox,Fall,0,1,0,0
2857,53,Male,140605,12,56,17,13,2,1,2,1,Desktop,Edge,Summer,0,5,1,245
2858,47,Female,60285,16,10,40,12,3,8,151,1,Tablet,Chrome,Fall,0,1,0,0
2859,50,Female,86555,2,86,20,15,11,2,23,0,Tablet,Firefox,Winter,0,4,1,57
2860,35,Male,137713,17,88,34,14,14,4,227,1,Mobile,Safari,Fall,1,2,0,0
2861,45,Male,52471,2,43,33,1,10,6,347,0,Desktop,Firefox,Summer,0,3,0,0
2862,64,Female,68671,4,113,16,2,0,1,282,1,Tablet,Chrome,Fall,0,5,1,23
2863,28,Female,138216,6,109,23,23,11,3,241,0,Tablet,Firefox,Winter,0,1,0,0
2864,62,Female,40270,7,38,4,4,9,0,141,0,Mobile,Safari,Summer,0,1,1,28
2865,50,Male,108151,15,108,41,13,0,2,168,0,Mobile,Edge,Winter,0,4,1,26
2866,34,Female,139870,12,114,40,10,12,5,116,1,Tablet,Firefox,Summer,0,3,1,430
2867,23,Male,147897,5,58,33,21,11,1,10,0,Mobile,Chrome,Fall,0,5,1,223
2868,21,Male,33698,14,92,8,13,10,7,167,0,Tablet,Firefox,Summer,1,3,0,0
2869,37,Female,134454,16,86,5,1,9,6,90,0,Mobile,Chrome,Fall,1,3,1,158
2870,64,Male,123882,11,98,33,11,14,2,338,0,Tablet,Firefox,Winter,0,5,0,0
2871,44,Female,92265,12,69,25,18,11,0,355,1,Tablet,Firefox,Summer,0,1,1,112
2872,32,Female,59729,19,91,7,9,10,9,111,0,Tablet,Edge,Fall,1,4,1,21
2873,23,Male,31171,17,33,47,6,7,3,180,0,Desktop,Edge,Summer,0,4,0,0
2874,64,Female,99483,7,45,7,23,7,3,184,0,Desktop,Firefox,Fall,0,4,1,192
2875,31,Male,80684,9,109,33,13,1,4,264,0,Tablet,Chrome,Summer,0,5,0,0
2876,28,Male,75165,14,67,41,5,3,2,181,0,Mobile,Safari,Fall,0,3,0,0
2877,56,Female,69948,12,36,33,25,1,1,13,0,Desktop,Edge,Fall,0,4,1,215
2878,26,Female,54725,15,70,29,10,12,1,174,1,Desktop,Firefox,Winter,1,4,0,0
2879,43,Female,39450,12,116,44,5,14,7,86,1,Desktop,Chrome,Fall,0,3,1,263
2880,33,Female,33300,13,104,39,22,7,6,36,0,Desktop,Firefox,Spring,0,1,1,307
2881,22,Male,145900,9,49,41,10,6,0,171,1,Mobile,Firefox,Summer,0,1,1,275
2882,27,Male,104600,7,21,32,25,6,8,94,0,Mobile,Edge,Summer,1,4,0,0
2883,20,Male,24441,1,47,37,5,9,2,63,0,Desktop,Chrome,Winter,1,3,1,247
2884,30,Female,131315,10,70,44,20,14,2,68,1,Desktop,Firefox,Spring,0,1,1,381
2885,60,Male,39332,6,72,29,28,14,0,141,0,Mobile,Edge,Fall,0,2,0,0
2886,47,Male,40115,15,112,22,21,2,3,134,1,Mobile,Chrome,Summer,0,2,0,0
2887,62,Female,119405,15,38,2,11,11,9,146,0,Mobile,Chrome,Summer,0,5,1,403
2888,23,Female,107404,9,5,9,29,10,1,264,0,Tablet,Firefox,Fall,0,5,0,0
2889,34,Female,61997,13,27,29,5,4,2,169,0,Mobile,Firefox,Spring,0,4,0,0
2890,62,Male,106151,1,10,33,5,13,0,317,1,Desktop,Chrome,Summer,0,3,1,397
2891,36,Female,33615,9,20,10,17,0,2,213,0,Mobile,Chrome,Spring,0,5,0,0
2892,59,Male,34732,3,6,28,21,9,3,56,1,Desktop,Edge,Winter,0,3,0,0
2893,52,Male,45367,9,114,46,5,10,5,122,1,Tablet,Safari,Winter,1,2,1,469
2894,63,Male,130670,15,80,46,1,13,2,352,0,Desktop,Chrome,Spring,1,3,0,0
2895,43,Male,62738,7,31,39,13,3,5,234,1,Mobile,Firefox,Winter,0,4,0,0
2896,22,Male,131296,4,23,12,4,3,1,361,1,Tablet,Chrome,Spring,0,1,0,0
2897,46,Female,20981,17,32,22,8,0,7,160,0,Tablet,Firefox,Fall,1,5,0,0
2898,54,Male,82881,4,39,6,20,11,4,123,0,Mobile,Safari,Summer,0,3,0,0
2899,37,Female,78609,19,119,45,23,6,0,22,1,Tablet,Chrome,Winter,0,4,1,174
2900,38,Male,107090,5,111,40,6,4,5,218,0,Desktop,Firefox,Spring,0,3,0,0
2901,27,Male,110855,16,72,23,15,0,2,41,0,Mobile,Firefox,Spring,1,4,0,0
2902,22,Female,101666,3,53,34,15,4,3,45,1,Tablet,Firefox,Spring,0,4,1,28
2903,53,Male,104351,11,117,42,21,7,9,261,1,Desktop,Edge,Summer,0,5,1,306
2904,23,Male,28566,15,11,38,16,9,7,12,0,Desktop,Firefox,Summer,0,1,1,78
2905,43,Female,111865,19,41,16,9,7,7,233,0,Tablet,Safari,Summer,0,3,0,0
2906,21,Female,91885,14,119,10,29,12,7,233,1,Mobile,Firefox,Winter,0,2,1,295
2907,56,Male,138585,16,29,47,24,1,4,288,1,Desktop,Chrome,Summer,0,5,1,164
2908,56,Male,30728,6,119,21,5,12,0,274,1,Tablet,Safari,Spring,0,5,0,0
2909,52,Male,125852,5,45,10,26,0,8,202,0,Mobile,Firefox,Summer,1,5,0,0
2910,18,Female,103911,17,85,11,23,1,8,320,1,Mobile,Safari,Winter,1,3,0,0
2911,41,Male,137616,16,66,21,16,5,7,87,0,Desktop,Chrome,Summer,1,5,1,152
2912,53,Female,107350,2,45,25,27,12,2,181,0,Mobile,Safari,Spring,0,5,1,158
2913,23,Female,56214,11,18,34,25,4,5,170,1,Desktop,Edge,Fall,0,5,0,0
2914,58,Male,141463,4,105,31,7,3,6,229,0,Mobile,Edge,Winter,0,5,1,249
2915,63,Female,77935,6,58,27,3,7,3,82,1,Desktop,Safari,Spring,0,1,1,295
2916,61,Male,107081,7,6,25,10,14,9,350,0,Tablet,Firefox,Summer,0,3,1,142
2917,48,Male,65588,17,92,42,27,4,6,211,0,Mobile,Firefox,Winter,1,4,0,0
2918,37,Female,38953,8,83,32,16,3,8,166,0,Desktop,Firefox,Winter,1,2,1,417
2919,41,Female,88408,1,52,44,21,12,5,28,0,Mobile,Firefox,Spring,0,4,1,301
2920,42,Female,94904,15,55,11,12,10,1,22,0,Tablet,Chrome,Winter,0,5,0,0
2921,53,Female,54103,12,101,47,9,7,5,302,0,Mobile,Chrome,Winter,0,3,1,442
2922,38,Female,90949,15,59,26,16,11,2,294,1,Tablet,Edge,Fall,0,2,0,0
2923,47,Female,114805,15,16,36,9,0,6,32,0,Mobile,Safari,Winter,0,4,1,386
2924,41,Male,69264,9,87,37,24,8,2,311,0,Mobile,Chrome,Fall,1,3,0,0
2925,61,Male,40156,16,115,33,29,1,7,345,1,Tablet,Edge,Spring,0,5,1,229
2926,59,Male,33423,2,73,33,22,13,4,137,0,Tablet,Firefox,Summer,1,5,1,33
2927,47,Female,58062,15,5,42,23,13,2,293,0,Desktop,Edge,Spring,0,5,0,0
2928,39,Female,62805,15,111,36,7,7,0,65,0,Desktop,Chrome,Fall,0,2,0,0
2929,45,Female,148301,7,63,13,11,8,4,349,1,Tablet,Safari,Summer,0,2,1,144
2930,24,Male,21987,13,77,14,17,9,9,79,0,Mobile,Chrome,Summer,0,5,1,83
2931,52,Male,82979,17,107,37,24,7,9,316,0,Tablet,Safari,Winter,0,2,1,324
2932,45,Female,57597,11,38,43,22,8,2,255,1,Desktop,Safari,Winter,1,4,0,0
2933,31,Female,103905,10,97,40,23,3,3,341,1,Desktop,Firefox,Summer,1,1,0,0
2934,27,Female,47868,1,117,1,10,10,9,63,1,Mobile,Safari,Summer,0,3,1,42
2935,33,Female,96970,14,116,5,15,1,3,76,1,Desktop,Safari,Winter,0,1,0,0
2936,33,Male,83805,5,116,30,10,2,2,282,0,Mobile,Firefox,Fall,0,1,0,0
2937,48,Male,139779,8,50,18,27,12,5,301,0,Tablet,Edge,Summer,0,3,0,0
2938,59,Male,100084,1,63,45,2,7,5,351,0,Mobile,Safari,Summer,0,4,1,240
2939,42,Female,36636,7,70,37,16,4,0,35,1,Desktop,Chrome,Summer,0,2,1,350
2940,30,Male,77467,2,23,39,7,10,3,78,0,Desktop,Chrome,Summer,1,1,1,230
2941,23,Female,117919,7,32,12,24,3,0,263,1,Desktop,Edge,Summer,0,1,0,0
2942,61,Female,127732,7,103,34,28,2,6,53,0,Desktop,Edge,Winter,0,4,1,67
2943,26,Female,37007,9,44,45,21,10,6,297,0,Mobile,Chrome,Fall,1,4,1,457
2944,62,Male,121460,4,61,14,15,2,5,4,0,Mobile,Safari,Winter,0,5,0,0
2945,53,Male,115747,7,55,38,17,9,1,2,1,Mobile,Safari,Spring,1,5,0,0
2946,60,Female,96864,18,116,16,22,14,3,291,0,Mobile,Firefox,Summer,1,4,0,0
2947,37,Male,23389,13,26,42,13,9,2,361,1,Tablet,Edge,Spring,1,1,0,0
2948,35,Female,138105,11,72,11,19,6,7,141,0,Mobile,Safari,Spring,0,3,0,0
2949,60,Female,144535,9,12,33,21,10,1,115,0,Mobile,Edge,Winter,1,1,0,0
2950,38,Female,29458,14,64,15,25,13,9,115,0,Mobile,Safari,Fall,0,5,1,254
2951,21,Male,88481,8,69,48,23,11,1,263,1,Desktop,Edge,Summer,1,1,1,58
2952,50,Male,94888,14,40,42,8,7,0,124,1,Mobile,Chrome,Spring,0,2,1,436
2953,44,Female,96022,17,75,10,22,12,8,250,1,Tablet,Chrome,Spring,0,2,1,468
2954,24,Male,61400,14,93,3,9,4,2,295,1,Mobile,Safari,Spring,1,2,1,28
2955,23,Male,87628,5,33,11,19,7,7,91,0,Tablet,Firefox,Winter,0,4,1,319
2956,32,Male,71857,10,69,11,17,12,6,49,1,Desktop,Edge,Fall,0,1,0,0
2957,35,Male,84367,6,60,16,10,8,0,273,1,Desktop,Chrome,Summer,1,3,1,80
2958,49,Female,56527,10,86,38,14,3,5,153,1,Mobile,Edge,Summer,1,5,0,0
2959,28,Male,90648,11,8,30,29,1,7,222,0,Tablet,Safari,Winter,0,4,0,0
2960,37,Female,36937,6,88,41,28,4,5,142,0,Desktop,Firefox,Fall,0,4,1,272
2961,41,Female,57672,10,114,1,28,1,8,221,1,Tablet,Firefox,Summer,0,2,0,0
2962,32,Male,131562,14,76,38,12,9,9,261,1,Desktop,Safari,Winter,1,2,1,277
2963,24,Female,21112,3,95,45,27,1,2,199,1,Desktop,Chrome,Summer,1,2,1,152
2964,38,Female,55545,7,54,34,20,5,5,83,0,Tablet,Firefox,Spring,0,5,1,182
2965,59,Male,117276,2,43,19,24,9,9,213,0,Tablet,Firefox,Summer,0,2,1,89
2966,43,Female,109017,7,39,34,22,10,3,307,0,Mobile,Firefox,Spring,0,4,1,129
2967,61,Female,68355,17,29,36,7,9,9,213,0,Desktop,Edge,Fall,0,2,1,211
2968,31,Male,95561,13,82,4,29,0,2,273,1,Tablet,Edge,Fall,0,4,1,180
2969,54,Male,54082,9,48,10,9,1,7,126,0,Mobile,Chrome,Summer,0,1,0,0
2970,38,Male,138181,13,51,17,18,4,6,61,0,Tablet,Safari,Spring,0,5,0,0
2971,35,Male,80482,15,44,16,7,9,6,347,1,Desktop,Edge,Fall,0,1,0,0
2972,22,Male,99098,13,35,21,28,4,4,31,1,Tablet,Firefox,Summer,1,1,0,0
2973,20,Female,31304,17,73,28,4,9,0,15,0,Mobile,Chrome,Spring,1,3,0,0
2974,40,Female,142978,8,85,8,23,11,5,360,0,Tablet,Edge,Fall,0,3,0,0
2975,43,Male,76625,9,78,29,8,2,5,40,0,Tablet,Chrome,Fall,0,2,1,22
2976,54,Male,92551,9,47,6,28,4,2,321,1,Tablet,Firefox,Summer,1,2,1,94
2977,41,Female,64885,8,59,30,18,8,4,276,1,Tablet,Chrome,Winter,0,4,1,99
2978,36,Male,144359,16,20,2,29,1,8,233,0,Mobile,Firefox,Fall,0,4,1,281
2979,42,Male,91246,7,116,47,15,12,6,321,0,Desktop,Chrome,Summer,1,5,1,138
2980,38,Female,32588,17,72,31,7,5,7,288,1,Desktop,Safari,Spring,0,1,0,0
2981,29,Female,135910,7,73,25,8,14,8,240,0,Desktop,Chrome,Fall,0,1,1,491
2982,58,Female,148658,6,46,23,28,7,5,150,0,Mobile,Safari,Fall,0,5,0,0
2983,50,Male,40967,5,114,43,1,2,4,62,1,Mobile,Safari,Winter,0,2,1,396
2984,21,Female,107440,17,45,21,11,13,9,221,0,Tablet,Firefox,Fall,0,2,0,0
2985,59,Male,44256,8,54,16,10,1,4,251,1,Desktop,Chrome,Fall,0,2,0,0
2986,24,Female,78348,1,88,4,5,10,4,11,0,Desktop,Edge,Winter,0,2,1,157
2987,39,Male,45052,16,10,43,25,0,3,38,1,Desktop,Safari,Spring,0,4,1,363
2988,50,Male,148121,17,79,46,2,12,1,65,1,Mobile,Firefox,Winter,0,2,1,100
2989,34,Male,100972,3,57,8,22,0,6,191,0,Tablet,Edge,Fall,0,2,0,0
2990,41,Female,107351,13,21,6,2,10,6,38,0,Tablet,Chrome,Spring,1,1,0,0
2991,51,Female,78479,8,109,27,19,3,7,255,0,Desktop,Safari,Winter,1,3,0,0
2992,45,Female,100732,16,61,36,16,11,7,269,1,Mobile,Chrome,Summer,1,5,0,0
2993,60,Male,80200,7,71,36,11,5,7,244,0,Mobile,Chrome,Spring,0,5,1,296
2994,58,Female,103625,15,20,24,14,6,8,280,0,Tablet,Edge,Winter,0,5,1,79
2995,56,Female,135205,2,56,6,22,12,5,292,0,Tablet,Firefox,Winter,1,3,1,298
2996,39,Male,103140,2,104,43,5,7,3,148,0,Mobile,Firefox,Spring,1,4,0,0
2997,34,Male,22506,10,94,33,4,7,1,43,0,Mobile,Edge,Spring,1,5,0,0
2998,51,Female,118120,5,92,2,23,9,4,109,1,Mobile,Firefox,Spring,0,5,0,0
2999,23,Female,40709,4,115,41,19,13,5,99,1,Tablet,Chrome,Fall,0,5,1,30
3000,63,Female,78535,15,38,16,29,0,6,43,0,Tablet,Edge,Fall,0,5,0,0
3001,23,Male,64840,13,88,38,10,11,5,340,1,Tablet,Safari,Winter,0,4,0,0
3002,51,Female,134440,17,85,9,23,7,3,104,0,Desktop,Edge,Winter,0,2,0,0
3003,18,Male,132647,1,119,5,28,11,3,193,1,Mobile,Edge,Summer,0,4,0,0
3004,27,Male,80587,18,24,10,9,9,6,115,1,Desktop,Edge,Spring,0,4,1,408
3005,38,Female,79321,15,84,30,18,0,0,46,1,Mobile,Chrome,Summer,1,1,0,0
3006,22,Female,123783,14,60,7,5,2,2,62,1,Mobile,Edge,Spring,0,4,1,145
3007,19,Male,63202,9,55,29,17,13,9,114,1,Desktop,Chrome,Winter,1,1,1,471
3008,39,Male,76588,12,57,2,23,11,1,198,1,Tablet,Firefox,Fall,0,4,1,29
3009,19,Female,23090,5,53,20,18,4,1,252,1,Desktop,Chrome,Spring,0,3,0,0
3010,27,Female,124801,2,8,4,27,12,6,105,0,Mobile,Safari,Fall,0,1,0,0
3011,51,Female,79231,7,22,28,21,10,4,29,0,Tablet,Firefox,Summer,1,3,0,0
3012,33,Male,41552,9,40,8,1,9,2,169,0,Desktop,Edge,Summer,0,4,0,0
3013,56,Male,114671,18,39,35,14,9,8,15,0,Tablet,Chrome,Fall,1,3,1,175
3014,39,Female,100227,4,34,2,27,13,8,122,1,Desktop,Safari,Winter,1,4,1,59
3015,29,Male,125297,2,67,41,14,11,2,357,1,Desktop,Edge,Summer,0,1,0,0
3016,41,Male,53741,1,86,28,14,7,1,19,1,Tablet,Chrome,Fall,0,3,1,16
3017,64,Female,41661,12,25,11,1,7,2,337,1,Tablet,Firefox,Summer,0,4,0,0
3018,57,Male,61025,13,56,36,4,5,8,96,0,Tablet,Chrome,Winter,0,2,1,469
3019,55,Female,26092,14,100,9,23,3,7,284,1,Tablet,Safari,Summer,1,2,1,450
3020,27,Female,55674,5,73,38,7,3,2,186,0,Desktop,Chrome,Winter,1,4,0,0
3021,52,Male,20570,3,45,1,24,7,3,53,1,Tablet,Safari,Winter,1,1,1,474
3022,49,Male,32084,4,58,27,12,10,4,298,1,Desktop,Chrome,Summer,1,5,0,0
3023,24,Female,85843,17,91,3,13,2,3,329,1,Tablet,Safari,Fall,1,3,0,0
3024,38,Male,80752,19,34,39,25,7,1,91,1,Desktop,Chrome,Winter,1,5,0,0
3025,37,Female,89278,11,95,9,15,3,8,19,0,Desktop,Chrome,Spring,1,3,1,415
3026,43,Male,127278,8,60,40,20,9,1,77,0,Desktop,Chrome,Winter,0,3,0,0
3027,21,Male,114328,12,83,28,2,8,4,130,1,Tablet,Safari,Summer,0,2,1,130
3028,63,Male,20765,18,45,21,26,11,8,146,0,Mobile,Edge,Spring,0,3,0,0
3029,39,Female,146355,18,18,28,28,1,7,245,1,Mobile,Chrome,Fall,1,4,0,0
3030,32,Male,127268,9,25,45,14,9,0,181,0,Tablet,Chrome,Spring,0,3,0,0
3031,57,Female,44198,5,102,24,12,12,2,136,0,Mobile,Firefox,Spring,0,4,1,102
3032,38,Female,81201,17,94,18,13,13,9,212,0,Mobile,Chrome,Spring,0,4,1,269
3033,32,Female,93271,13,29,9,14,0,8,137,1,Tablet,Chrome,Fall,0,5,0,0
3034,39,Male,101738,6,54,26,29,3,2,205,0,Mobile,Edge,Fall,1,2,1,418
3035,45,Female,67199,14,113,24,26,14,3,149,1,Tablet,Safari,Fall,1,1,0,0
3036,31,Female,31377,15,99,6,3,8,2,348,0,Mobile,Firefox,Winter,0,1,0,0
3037,44,Male,131578,14,57,12,25,11,6,44,0,Desktop,Firefox,Fall,1,1,0,0
3038,58,Female,99833,4,52,36,27,6,8,60,1,Desktop,Firefox,Winter,0,4,0,0
3039,57,Female,28036,18,74,9,13,13,3,327,0,Desktop,Edge,Winter,1,3,1,351
3040,45,Male,60364,1,52,10,8,8,8,249,0,Desktop,Firefox,Fall,1,5,1,496
3041,43,Female,135227,12,8,3,16,8,1,126,1,Desktop,Safari,Summer,0,4,0,0
3042,19,Male,109905,9,28,49,6,9,1,45,1,Desktop,Chrome,Fall,1,4,1,440
3043,42,Female,120353,10,110,29,11,14,8,2,0,Tablet,Chrome,Fall,1,1,0,0
3044,20,Female,137971,18,35,7,29,8,6,162,1,Tablet,Safari,Summer,0,4,0,0
3045,25,Male,57443,17,87,26,15,8,4,197,1,Mobile,Safari,Spring,0,1,1,333
3046,61,Female,21663,19,79,8,19,13,4,194,1,Desktop,Safari,Summer,0,1,0,0
3047,50,Female,59244,4,33,43,26,6,8,318,1,Desktop,Edge,Winter,0,1,0,0
3048,59,Female,78391,16,9,13,24,7,3,47,1,Mobile,Chrome,Winter,0,4,0,0
3049,52,Male,97564,7,86,35,29,11,0,226,1,Tablet,Edge,Winter,1,5,0,0
3050,23,Male,105359,9,71,19,2,1,5,2,1,Desktop,Chrome,Fall,1,2,1,297
3051,56,Male,35077,8,108,46,11,8,2,212,0,Tablet,Safari,Fall,0,3,1,473
3052,40,Male,77849,7,79,22,20,1,1,215,0,Tablet,Firefox,Winter,0,1,0,0
3053,42,Male,125447,10,89,16,20,7,3,293,0,Tablet,Safari,Winter,1,4,1,354
3054,60,Female,39631,8,98,15,9,1,8,80,0,Tablet,Safari,Spring,0,2,1,486
3055,36,Male,72652,17,87,2,24,10,7,119,0,Desktop,Edge,Winter,1,4,1,79
3056,22,Male,87446,12,57,38,23,11,6,86,0,Tablet,Firefox,Winter,0,4,1,59
3057,28,Male,53500,14,93,21,4,7,1,319,0,Desktop,Edge,Winter,0,3,0,0
3058,29,Female,39897,12,68,30,23,2,0,56,0,Mobile,Firefox,Spring,0,1,0,0
3059,27,Female,78915,2,39,7,17,1,6,63,0,Mobile,Firefox,Winter,1,4,0,0
3060,25,Male,57377,12,16,31,27,5,9,8,0,Mobile,Firefox,Fall,0,3,0,0
3061,41,Female,96670,14,51,41,24,5,4,183,0,Tablet,Safari,Summer,0,4,1,290
3062,45,Female,122760,7,94,41,8,0,7,235,1,Mobile,Edge,Spring,1,2,1,287
3063,58,Female,46897,13,59,49,25,6,4,90,1,Tablet,Safari,Fall,0,5,0,0
3064,53,Female,67280,4,116,35,25,11,9,104,1,Desktop,Chrome,Spring,0,5,0,0
3065,54,Male,121639,1,73,4,16,12,4,279,1,Mobile,Edge,Winter,0,1,1,132
3066,38,Male,133849,17,87,34,1,11,7,341,0,Tablet,Chrome,Winter,0,5,1,400
3067,25,Female,131118,3,95,1,10,10,8,250,1,Desktop,Safari,Winter,0,3,1,454
3068,26,Female,77320,17,42,10,7,14,1,128,1,Tablet,Chrome,Spring,1,3,0,0
3069,64,Female,92592,8,33,30,15,11,7,360,0,Tablet,Chrome,Spring,1,5,1,228
3070,32,Female,114486,3,16,32,1,0,6,180,1,Desktop,Chrome,Summer,0,3,0,0
3071,63,Male,88289,10,23,3,22,3,7,93,0,Desktop,Edge,Winter,0,4,1,460
3072,57,Female,51941,2,13,10,16,12,2,182,0,Mobile,Firefox,Winter,1,4,1,299
3073,35,Male,119676,4,86,9,21,5,3,212,0,Tablet,Firefox,Fall,0,3,1,37
3074,59,Female,34234,14,33,17,27,14,6,204,1,Mobile,Edge,Winter,1,2,1,151
3075,37,Male,95172,11,7,47,2,7,4,37,0,Tablet,Firefox,Spring,0,1,1,482
3076,23,Female,23376,14,91,3,29,10,6,218,0,Tablet,Safari,Spring,0,3,1,332
3077,29,Male,50783,13,34,27,3,10,5,146,0,Mobile,Edge,Spring,0,1,0,0
3078,19,Male,61249,4,114,35,15,7,3,59,1,Mobile,Edge,Spring,0,5,0,0
3079,24,Male,63025,2,62,4,24,9,1,129,0,Tablet,Firefox,Spring,0,2,0,0
3080,33,Female,36447,2,92,4,18,6,5,141,1,Desktop,Edge,Summer,1,4,0,0
3081,20,Male,105865,11,57,49,15,10,5,33,0,Tablet,Chrome,Spring,0,3,0,0
3082,62,Female,36713,5,105,32,27,4,5,22,0,Mobile,Edge,Spring,0,2,0,0
3083,20,Male,148869,9,105,38,4,12,0,205,0,Tablet,Edge,Summer,0,1,1,82
3084,44,Male,24858,17,8,11,3,5,5,72,0,Tablet,Edge,Spring,0,3,0,0
3085,60,Female,71115,12,61,44,28,7,1,181,1,Desktop,Safari,Summer,0,4,1,487
3086,57,Male,105008,18,58,39,7,2,9,188,1,Desktop,Safari,Winter,0,4,0,0
3087,55,Female,79834,3,32,45,24,5,4,50,0,Desktop,Chrome,Fall,0,3,1,362
3088,50,Female,102060,5,20,6,20,3,6,322,0,Mobile,Chrome,Summer,0,3,0,0
3089,45,Female,131923,14,17,35,22,12,9,83,0,Desktop,Firefox,Fall,0,2,0,0
3090,18,Female,24539,16,76,46,19,2,0,24,1,Tablet,Chrome,Winter,0,4,0,0
3091,25,Male,83983,19,60,32,23,2,4,69,0,Desktop,Edge,Fall,1,1,1,406
3092,54,Male,38857,9,57,46,8,3,8,8,0,Mobile,Firefox,Summer,1,4,0,0
3093,49,Female,123898,17,52,23,7,5,2,249,1,Mobile,Safari,Winter,0,3,0,0
3094,60,Male,122207,7,29,42,4,14,1,99,1,Mobile,Firefox,Fall,0,1,1,56
3095,54,Male,25364,10,70,37,10,10,9,322,0,Mobile,Safari,Summer,0,3,1,155
3096,21,Female,85985,4,34,26,28,0,1,198,1,Desktop,Edge,Winter,0,4,0,0
3097,47,Male,79169,10,108,34,25,1,2,315,0,Tablet,Edge,Spring,0,2,0,0
3098,23,Female,106366,3,7,38,10,12,0,208,0,Tablet,Safari,Summer,0,1,0,0
3099,63,Male,41078,9,27,11,15,3,1,303,1,Tablet,Firefox,Fall,0,2,0,0
3100,36,Male,57574,13,33,21,24,11,5,192,0,Tablet,Safari,Fall,0,5,1,43
3101,49,Female,20869,1,45,43,22,9,7,26,0,Mobile,Chrome,Spring,0,1,1,52
3102,26,Male,124383,15,98,24,18,8,3,148,1,Tablet,Edge,Summer,0,4,1,311
3103,29,Male,82624,15,15,15,10,7,1,349,0,Mobile,Safari,Spring,0,2,0,0
3104,28,Female,60075,11,25,3,23,9,4,4,1,Tablet,Firefox,Winter,0,2,1,137
3105,63,Male,113676,10,95,2,9,7,2,65,0,Tablet,Safari,Winter,1,4,0,0
3106,33,Female,23659,7,28,7,25,10,4,217,0,Tablet,Firefox,Winter,1,3,0,0
3107,18,Male,56370,1,99,5,25,6,2,291,0,Tablet,Edge,Fall,0,5,1,467
3108,62,Female,126888,7,98,45,9,13,3,117,0,Tablet,Firefox,Spring,1,4,1,296
3109,38,Female,78185,5,69,40,22,11,4,85,0,Mobile,Edge,Fall,0,2,0,0
3110,47,Female,137136,16,5,29,16,5,6,308,1,Desktop,Edge,Summer,0,1,1,305
3111,30,Female,99921,8,58,41,17,13,1,279,0,Desktop,Firefox,Spring,0,5,0,0
3112,51,Female,63751,2,76,32,16,13,5,276,0,Mobile,Safari,Fall,1,4,1,190
3113,21,Male,82758,8,116,30,6,6,5,346,0,Tablet,Chrome,Summer,0,2,0,0
3114,45,Male,142280,14,110,8,5,5,5,283,1,Mobile,Safari,Winter,0,5,0,0
3115,55,Female,104873,4,38,32,7,2,6,169,1,Mobile,Firefox,Summer,0,3,1,145
3116,48,Male,25131,15,84,42,13,14,2,26,1,Desktop,Edge,Winter,0,5,0,0
3117,44,Female,21358,7,95,2,8,11,4,364,1,Mobile,Firefox,Fall,0,4,1,242
3118,22,Male,143870,8,72,10,1,5,8,40,1,Tablet,Safari,Winter,0,1,0,0
3119,42,Male,111150,11,87,43,10,11,8,208,1,Mobile,Firefox,Fall,0,2,1,289
3120,20,Female,77371,2,33,43,20,6,6,363,1,Desktop,Edge,Spring,0,4,1,169
3121,50,Female,102307,9,109,37,20,5,8,84,0,Tablet,Firefox,Spring,1,1,1,109
3122,21,Male,99139,6,7,46,29,10,2,238,0,Desktop,Edge,Winter,0,2,1,102
3123,42,Male,36246,1,15,3,1,1,6,344,1,Tablet,Edge,Winter,0,4,0,0
3124,37,Female,37216,3,12,23,27,5,0,194,0,Tablet,Firefox,Fall,0,3,0,0
3125,51,Male,61209,10,66,34,20,12,6,329,0,Desktop,Safari,Fall,0,1,0,0
3126,43,Male,62987,5,107,18,23,12,2,338,0,Desktop,Safari,Summer,0,1,1,421
3127,22,Female,128024,12,37,33,14,1,2,362,1,Mobile,Chrome,Fall,1,5,1,131
3128,52,Male,40577,1,12,33,15,0,6,350,0,Mobile,Chrome,Winter,0,3,0,0
3129,45,Female,136526,9,29,17,6,14,7,259,0,Tablet,Safari,Fall,0,2,0,0
3130,46,Female,62320,13,92,6,20,9,3,192,1,Tablet,Edge,Summer,0,5,1,408
3131,26,Female,148038,19,30,13,2,9,0,285,0,Tablet,Firefox,Spring,0,3,0,0
3132,55,Male,31301,7,30,21,28,9,4,182,1,Tablet,Firefox,Winter,1,4,0,0
3133,23,Male,95051,16,21,31,29,4,9,7,1,Mobile,Firefox,Fall,1,1,0,0
3134,36,Female,112338,8,95,21,7,3,3,153,0,Mobile,Edge,Spring,0,5,0,0
3135,61,Female,146560,19,33,33,24,8,8,299,1,Desktop,Safari,Fall,0,1,0,0
3136,28,Male,20891,7,47,28,25,14,2,262,0,Mobile,Safari,Summer,0,3,0,0
3137,19,Male,41972,4,107,6,25,8,3,79,1,Tablet,Edge,Summer,0,1,1,34
3138,64,Male,70457,10,77,8,20,8,9,40,0,Mobile,Edge,Winter,0,5,0,0
3139,61,Female,133389,1,82,13,19,2,2,189,0,Tablet,Safari,Winter,0,4,1,454
3140,61,Female,74435,17,9,34,5,13,2,277,0,Desktop,Firefox,Fall,1,5,1,138
3141,26,Male,40932,13,54,40,22,9,6,250,1,Desktop,Firefox,Winter,0,2,0,0
3142,38,Male,24192,19,98,22,28,11,4,314,1,Mobile,Firefox,Summer,0,1,1,21
3143,41,Male,36128,13,60,1,29,11,4,109,1,Mobile,Safari,Fall,0,5,1,12
3144,51,Female,42836,9,67,13,8,2,3,96,1,Desktop,Firefox,Spring,0,5,0,0
3145,39,Female,44837,5,61,1,3,12,9,32,1,Tablet,Edge,Winter,0,4,1,286
3146,20,Male,137028,1,96,10,13,2,7,268,0,Mobile,Safari,Fall,0,1,0,0
3147,29,Male,136481,2,49,5,6,10,0,236,1,Desktop,Safari,Spring,0,1,0,0
3148,45,Female,145176,11,41,20,21,9,8,20,0,Tablet,Firefox,Fall,1,2,0,0
3149,47,Female,145172,4,76,13,29,4,8,205,1,Mobile,Chrome,Winter,1,3,1,384
3150,43,Male,42778,9,83,37,23,5,4,238,1,Mobile,Safari,Spring,1,3,1,166
3151,38,Male,63130,5,96,10,14,5,0,21,1,Tablet,Edge,Summer,0,1,1,484
3152,45,Male,36708,5,40,3,25,2,1,301,1,Desktop,Safari,Winter,1,5,0,0
3153,43,Female,127481,8,37,34,7,13,1,217,0,Tablet,Firefox,Summer,0,3,0,0
3154,50,Male,44232,2,10,34,11,11,5,121,0,Tablet,Edge,Fall,0,3,0,0
3155,38,Female,77266,7,119,30,22,1,9,296,1,Mobile,Chrome,Summer,0,5,1,87
3156,52,Female,59412,17,80,37,9,5,8,350,0,Mobile,Chrome,Spring,0,2,1,213
3157,51,Male,24782,11,75,4,10,12,2,351,0,Desktop,Firefox,Spring,1,2,0,0
3158,58,Male,81196,15,49,34,20,3,7,262,0,Tablet,Edge,Summer,1,1,1,449
3159,64,Female,46315,3,96,32,17,8,1,255,0,Mobile,Edge,Winter,1,3,1,344
3160,35,Male,30052,13,11,21,8,1,4,11,0,Desktop,Chrome,Spring,1,5,0,0
3161,28,Female,39521,18,109,41,22,3,3,64,1,Tablet,Firefox,Summer,0,2,0,0
3162,40,Male,89434,3,69,24,6,10,4,122,0,Mobile,Firefox,Summer,0,5,0,0
3163,39,Male,102755,2,28,9,21,10,3,187,0,Desktop,Chrome,Summer,0,1,0,0
3164,34,Male,89690,5,49,41,26,1,0,200,1,Mobile,Safari,Fall,1,1,0,0
3165,22,Male,55546,5,65,24,11,4,0,55,0,Desktop,Chrome,Winter,1,2,0,0
3166,61,Female,99345,13,23,25,3,14,5,295,1,Desktop,Edge,Fall,1,3,1,64
3167,28,Female,45972,8,36,36,6,2,7,55,0,Tablet,Safari,Spring,0,5,0,0
3168,47,Female,124713,16,34,8,17,3,6,332,0,Mobile,Safari,Spring,0,3,0,0
3169,32,Male,144556,18,69,41,7,8,3,131,0,Desktop,Safari,Summer,0,2,1,327
3170,44,Female,98059,16,36,29,6,12,4,80,1,Tablet,Edge,Winter,0,1,1,181
3171,52,Female,84385,1,61,25,21,14,7,128,0,Mobile,Chrome,Fall,0,1,0,0
3172,50,Female,122617,8,24,35,13,9,5,219,1,Tablet,Safari,Summer,1,2,0,0
3173,37,Male,42030,2,89,38,14,10,7,272,1,Tablet,Firefox,Spring,1,1,0,0
3174,33,Female,144717,5,87,28,19,4,5,261,1,Mobile,Firefox,Winter,0,4,1,206
3175,51,Male,60376,15,98,19,8,8,7,251,0,Desktop,Safari,Fall,0,1,1,327
3176,19,Male,105641,14,118,32,13,12,3,296,0,Tablet,Chrome,Summer,0,4,0,0
3177,52,Female,132021,3,96,37,20,4,9,323,0,Mobile,Edge,Spring,1,4,1,365
3178,57,Male,109831,7,100,49,9,9,1,227,0,Mobile,Safari,Spring,0,4,0,0
3179,45,Female,97400,4,34,28,25,14,2,173,1,Mobile,Edge,Spring,0,3,0,0
3180,64,Female,129518,11,91,35,5,8,4,253,0,Desktop,Firefox,Winter,0,2,1,179
3181,56,Female,98412,12,95,8,11,7,3,24,0,Mobile,Firefox,Winter,0,2,1,366
3182,23,Female,38055,15,105,41,7,0,4,285,1,Desktop,Safari,Spring,1,2,0,0
3183,26,Female,119220,6,63,23,6,12,0,126,0,Desktop,Edge,Spring,1,4,1,220
3184,37,Male,107508,1,94,40,12,2,0,256,0,Mobile,Chrome,Winter,1,4,0,0
3185,18,Female,45493,18,66,46,12,4,1,289,1,Mobile,Firefox,Summer,0,4,0,0
3186,25,Male,94861,14,71,23,6,11,1,179,0,Tablet,Edge,Summer,0,1,0,0
3187,40,Female,141184,7,35,32,4,2,7,80,1,Desktop,Chrome,Summer,0,5,0,0
3188,20,Female,136524,10,70,10,26,9,9,97,0,Tablet,Edge,Spring,0,5,0,0
3189,21,Female,136826,9,58,17,13,0,3,202,1,Desktop,Firefox,Fall,0,1,0,0
3190,42,Male,56775,2,14,35,12,13,5,30,0,Mobile,Firefox,Spring,0,5,1,20
3191,64,Male,71057,8,42,35,15,10,1,61,1,Tablet,Safari,Fall,0,5,0,0
3192,55,Male,105909,1,87,3,8,1,0,163,0,Tablet,Edge,Fall,1,3,0,0
3193,32,Male,56253,2,35,36,13,12,6,263,0,Mobile,Firefox,Winter,0,5,0,0
3194,38,Female,106717,7,33,29,11,1,3,143,0,Mobile,Edge,Spring,0,1,0,0
3195,52,Female,145000,16,29,49,11,3,3,352,0,Tablet,Safari,Fall,0,4,1,180
3196,63,Male,71884,4,36,46,11,5,1,66,1,Mobile,Firefox,Summer,0,3,1,166
3197,31,Male,142402,17,21,27,26,1,8,224,1,Mobile,Firefox,Spring,0,5,0,0
3198,53,Male,96497,4,119,31,19,13,1,220,0,Desktop,Chrome,Summer,0,1,1,16
3199,29,Female,37705,3,49,34,21,5,4,341,0,Mobile,Safari,Winter,0,2,1,340
3200,34,Male,64676,9,53,12,17,10,5,273,1,Desktop,Edge,Winter,1,2,0,0
3201,56,Male,121658,15,91,37,1,14,2,19,1,Desktop,Edge,Fall,0,3,1,88
3202,26,Female,111640,3,22,25,13,0,2,270,0,Mobile,Chrome,Winter,1,2,0,0
3203,52,Male,99045,12,79,2,25,7,5,49,1,Mobile,Safari,Winter,0,1,1,213
3204,30,Female,27101,15,56,30,20,2,4,307,1,Tablet,Edge,Winter,0,2,1,436
3205,32,Female,82495,8,24,44,9,7,4,34,0,Desktop,Edge,Spring,1,2,1,306
3206,35,Female,24743,12,66,9,23,2,4,240,0,Desktop,Chrome,Summer,0,5,0,0
3207,50,Female,28951,13,17,23,26,0,8,84,1,Mobile,Firefox,Summer,0,1,0,0
3208,23,Female,27014,15,92,9,24,3,7,176,0,Mobile,Edge,Summer,0,1,1,479
3209,44,Male,56180,11,47,20,11,2,3,323,1,Tablet,Safari,Spring,0,1,0,0
3210,40,Male,76977,17,88,1,9,7,5,314,0,Mobile,Edge,Summer,0,4,0,0
3211,44,Female,136045,12,119,39,17,0,4,334,0,Mobile,Edge,Fall,1,1,0,0
3212,51,Female,79534,18,110,23,7,8,5,149,0,Tablet,Safari,Summer,0,5,0,0
3213,63,Male,83209,16,96,18,8,10,7,283,0,Desktop,Safari,Spring,0,2,0,0
3214,55,Male,138169,3,103,42,2,13,5,157,1,Mobile,Firefox,Summer,1,2,1,191
3215,31,Female,61908,9,25,32,14,8,5,232,1,Mobile,Edge,Spring,0,2,0,0
3216,53,Male,149067,7,10,47,10,5,1,207,1,Desktop,Firefox,Fall,1,1,0,0
3217,25,Male,128575,19,75,9,9,4,6,172,0,Desktop,Safari,Summer,1,1,0,0
3218,52,Female,70918,5,97,11,28,10,2,166,0,Tablet,Chrome,Winter,1,3,0,0
3219,36,Male,28219,19,57,1,1,13,6,271,0,Desktop,Chrome,Winter,0,3,1,142
3220,47,Male,27163,10,91,11,12,11,4,15,1,Mobile,Firefox,Spring,0,3,1,423
3221,31,Male,22470,12,56,33,14,4,3,32,1,Desktop,Edge,Spring,0,4,1,484
3222,37,Male,129034,8,73,30,19,14,9,40,1,Tablet,Firefox,Spring,1,3,1,460
3223,42,Female,36543,3,90,5,29,11,0,76,1,Mobile,Edge,Spring,0,5,1,395
3224,57,Male,39276,19,13,1,11,5,7,212,0,Tablet,Chrome,Winter,0,1,0,0
3225,41,Female,140014,11,100,10,9,6,1,91,0,Tablet,Chrome,Winter,0,4,0,0
3226,31,Male,56881,8,78,13,17,7,9,258,0,Tablet,Firefox,Fall,1,5,0,0
3227,43,Female,98950,13,50,27,20,2,7,233,0,Tablet,Edge,Fall,0,2,0,0
3228,55,Female,27749,10,111,8,26,9,6,22,0,Tablet,Edge,Fall,0,3,0,0
3229,40,Male,44182,18,117,28,6,0,2,154,1,Desktop,Edge,Winter,0,3,0,0
3230,39,Female,97450,12,96,45,6,4,6,136,0,Tablet,Edge,Fall,0,1,1,399
3231,36,Female,100543,7,79,2,20,10,0,292,0,Tablet,Chrome,Spring,1,5,1,41
3232,63,Female,116487,11,75,12,10,0,4,101,0,Tablet,Chrome,Fall,0,5,1,134
3233,20,Female,130227,10,34,27,10,13,1,81,0,Mobile,Chrome,Winter,1,3,0,0
3234,59,Female,118144,3,47,13,26,1,1,121,1,Tablet,Firefox,Winter,0,3,0,0
3235,36,Male,145351,7,113,22,26,11,2,135,1,Mobile,Chrome,Fall,0,5,1,388
3236,26,Female,41383,4,63,40,17,7,6,219,0,Desktop,Safari,Spring,0,5,0,0
3237,45,Female,98578,8,119,15,21,2,1,234,0,Tablet,Firefox,Spring,0,2,0,0
3238,37,Male,136258,8,42,31,14,10,3,218,0,Tablet,Safari,Summer,0,3,0,0
3239,62,Male,45412,6,38,7,5,13,3,339,1,Tablet,Edge,Winter,0,3,1,158
3240,24,Female,33181,13,50,39,3,9,0,265,1,Desktop,Safari,Spring,1,5,0,0
3241,31,Male,64898,12,96,49,11,14,6,235,0,Mobile,Edge,Fall,0,1,1,125
3242,26,Male,79630,3,36,35,19,3,3,59,0,Tablet,Chrome,Winter,0,5,1,211
3243,36,Male,23405,6,20,7,20,10,0,65,0,Desktop,Safari,Winter,0,3,0,0
3244,64,Male,116404,19,43,12,19,5,2,246,1,Desktop,Firefox,Winter,1,2,0,0
3245,31,Male,30862,11,5,14,14,7,7,149,0,Tablet,Edge,Winter,0,3,1,149
3246,55,Male,74679,4,102,34,15,14,3,177,1,Mobile,Firefox,Spring,0,4,1,59
3247,53,Female,48688,15,109,39,3,0,0,33,0,Mobile,Firefox,Fall,0,3,1,289
3248,57,Female,68017,2,61,48,3,13,6,145,0,Desktop,Firefox,Fall,0,3,0,0
3249,34,Male,116481,15,91,9,23,1,7,269,0,Desktop,Chrome,Summer,0,3,0,0
3250,47,Male,32939,17,118,33,9,14,4,241,1,Mobile,Firefox,Winter,1,5,1,28
3251,26,Female,132271,2,24,12,11,10,8,299,1,Mobile,Safari,Summer,0,1,1,493
3252,50,Male,114467,7,86,34,15,5,6,113,0,Desktop,Chrome,Winter,0,3,1,360
3253,42,Female,124152,16,86,27,29,14,3,329,0,Mobile,Edge,Fall,0,3,1,402
3254,31,Male,59585,5,46,22,17,7,8,321,0,Tablet,Edge,Fall,0,3,0,0
3255,28,Female,136315,16,108,18,24,11,5,40,1,Mobile,Firefox,Fall,0,3,1,194
3256,52,Female,124447,19,89,46,26,7,7,162,1,Mobile,Edge,Summer,0,3,1,287
3257,58,Male,132813,2,76,44,12,12,1,36,1,Mobile,Edge,Fall,1,2,1,355
3258,31,Male,128362,15,38,18,17,2,4,206,0,Tablet,Safari,Spring,1,5,0,0
3259,47,Male,126700,4,54,37,9,3,2,235,1,Tablet,Safari,Winter,0,5,0,0
3260,58,Male,42942,2,15,7,13,9,4,107,0,Tablet,Firefox,Fall,0,3,1,405
3261,21,Female,130075,10,111,4,8,3,7,85,0,Desktop,Firefox,Winter,0,2,1,299
3262,21,Male,25272,5,119,45,22,3,5,92,0,Tablet,Safari,Fall,1,4,0,0
3263,45,Female,64134,18,47,16,6,14,0,224,0,Mobile,Safari,Summer,0,4,1,15
3264,25,Male,44265,4,14,22,27,1,6,40,1,Mobile,Firefox,Spring,1,2,0,0
3265,19,Female,143671,1,12,48,26,12,9,93,0,Desktop,Safari,Winter,0,4,1,306
3266,58,Male,68192,18,115,36,23,5,0,272,0,Desktop,Firefox,Summer,0,5,1,372
3267,63,Male,48668,6,76,20,24,7,0,353,1,Mobile,Chrome,Fall,1,4,0,0
3268,39,Female,131732,14,23,31,29,8,3,306,1,Mobile,Chrome,Spring,0,3,0,0
3269,58,Male,101560,10,69,33,7,12,8,234,0,Tablet,Edge,Spring,1,1,1,97
3270,33,Male,117435,18,59,13,29,0,7,43,0,Desktop,Edge,Summer,0,2,1,114
3271,46,Male,89283,9,56,20,1,0,9,343,1,Tablet,Firefox,Spring,1,1,0,0
3272,47,Male,29297,12,7,41,10,8,2,133,0,Tablet,Firefox,Winter,0,2,1,314
3273,29,Male,84005,10,57,42,15,10,5,65,0,Tablet,Firefox,Fall,0,2,0,0
3274,52,Female,148833,19,48,38,29,12,0,351,0,Tablet,Edge,Spring,0,2,1,199
3275,28,Male,78434,6,100,22,14,3,9,82,0,Tablet,Safari,Fall,0,5,1,349
3276,63,Female,84749,14,52,39,4,14,0,149,0,Mobile,Safari,Spring,1,5,0,0
3277,38,Male,21607,8,58,23,4,10,5,71,1,Tablet,Edge,Winter,0,2,1,232
3278,38,Male,79183,14,20,48,29,6,4,321,1,Desktop,Chrome,Fall,0,3,1,80
3279,22,Female,106994,11,34,49,9,1,5,279,1,Desktop,Firefox,Winter,1,4,1,238
3280,37,Female,76305,16,117,33,15,9,8,91,1,Tablet,Firefox,Spring,0,3,0,0
3281,54,Female,47973,6,96,41,12,0,4,255,1,Desktop,Edge,Summer,0,5,1,56
3282,20,Female,43117,15,32,30,9,10,1,162,1,Desktop,Firefox,Fall,1,2,1,210
3283,61,Female,101986,15,20,14,3,13,0,313,1,Mobile,Safari,Fall,0,5,0,0
3284,50,Male,101071,14,109,47,27,6,1,272,0,Mobile,Firefox,Winter,0,4,1,154
3285,26,Female,142688,12,55,36,15,5,7,360,0,Tablet,Safari,Winter,0,1,0,0
3286,26,Female,114891,2,37,8,25,2,0,340,1,Mobile,Edge,Summer,1,1,0,0
3287,21,Male,27645,8,29,47,21,9,5,176,0,Tablet,Chrome,Winter,0,3,0,0
3288,52,Male,62238,19,22,22,11,3,4,281,1,Desktop,Firefox,Summer,1,2,0,0
3289,34,Female,89694,14,30,4,6,12,9,196,1,Desktop,Edge,Winter,0,5,0,0
3290,51,Female,61773,5,10,35,15,12,8,160,0,Mobile,Firefox,Spring,0,3,1,42
3291,41,Female,36786,9,42,8,7,0,3,301,1,Desktop,Safari,Spring,0,3,0,0
3292,49,Male,60693,13,48,34,19,6,4,92,0,Tablet,Firefox,Summer,1,3,0,0
3293,18,Female,116447,9,71,22,14,8,4,168,1,Tablet,Edge,Spring,0,4,1,234
3294,25,Male,46578,14,47,25,4,0,1,141,0,Mobile,Edge,Summer,1,3,0,0
3295,62,Male,66408,5,10,25,21,1,1,261,1,Desktop,Safari,Spring,0,2,0,0
3296,40,Male,89702,2,82,40,1,1,8,145,0,Desktop,Firefox,Summer,0,4,1,290
3297,64,Male,104845,7,68,40,24,5,2,239,1,Tablet,Chrome,Fall,0,1,0,0
3298,57,Female,35076,16,86,17,27,4,5,71,0,Tablet,Edge,Summer,1,1,1,292
3299,29,Male,39377,11,84,16,23,13,3,187,1,Mobile,Firefox,Spring,1,1,1,494
3300,29,Male,29278,11,92,48,13,5,3,35,0,Mobile,Safari,Winter,1,2,0,0
3301,63,Female,84808,12,17,48,11,0,4,184,1,Mobile,Edge,Fall,0,2,0,0
3302,64,Male,147220,13,69,39,28,5,4,144,0,Mobile,Firefox,Winter,0,4,0,0
3303,32,Female,145446,8,42,15,29,10,6,308,1,Tablet,Safari,Fall,0,1,1,127
3304,58,Male,147368,16,68,17,18,5,6,155,1,Mobile,Firefox,Fall,1,4,1,346
3305,36,Female,53539,1,18,35,23,6,0,190,0,Tablet,Safari,Summer,0,1,0,0
3306,43,Male,146552,13,21,33,28,11,5,262,0,Desktop,Firefox,Summer,1,1,0,0
3307,46,Male,31440,11,81,40,9,1,3,103,0,Mobile,Chrome,Fall,0,1,0,0
3308,39,Female,142059,4,17,39,21,5,1,280,1,Tablet,Firefox,Spring,0,1,0,0
3309,57,Male,46245,4,77,18,11,14,5,243,1,Desktop,Safari,Fall,0,4,0,0
3310,38,Male,42097,15,10,30,6,8,6,87,1,Mobile,Chrome,Spring,1,2,1,424
3311,55,Female,93703,3,10,23,16,14,1,133,1,Mobile,Chrome,Fall,0,1,1,323
3312,37,Male,87092,19,98,37,5,8,1,199,0,Tablet,Edge,Spring,0,3,0,0
3313,46,Male,129454,2,41,47,1,1,9,86,1,Tablet,Edge,Summer,0,5,1,358
3314,21,Female,21151,6,61,7,22,4,6,93,1,Tablet,Edge,Fall,0,2,0,0
3315,24,Female,41698,8,57,10,14,12,8,181,1,Mobile,Safari,Fall,0,2,1,260
3316,45,Female,37601,17,50,16,23,6,2,159,0,Desktop,Safari,Spring,1,4,1,107
3317,45,Female,46807,5,82,28,21,4,2,35,0,Mobile,Firefox,Spring,1,5,1,191
3318,21,Female,65302,2,8,23,19,12,7,98,0,Mobile,Chrome,Fall,0,4,1,219
3319,39,Male,105864,12,38,34,6,2,1,147,0,Tablet,Safari,Spring,0,2,0,0
3320,29,Female,28039,5,70,18,28,0,8,34,0,Desktop,Firefox,Summer,0,1,0,0
3321,62,Male,136730,10,67,47,12,12,6,211,0,Mobile,Firefox,Summer,1,1,1,383
3322,20,Female,67427,9,65,23,27,6,7,169,0,Tablet,Safari,Fall,0,4,1,159
3323,39,Male,91839,8,85,20,7,14,8,122,1,Mobile,Chrome,Fall,0,2,1,459
3324,61,Male,78049,1,46,31,10,14,2,309,1,Tablet,Safari,Spring,1,2,0,0
3325,19,Female,39053,6,82,14,10,12,5,208,0,Mobile,Firefox,Summer,0,2,1,471
3326,41,Male,117180,11,68,23,28,7,7,126,1,Tablet,Safari,Winter,0,3,1,254
3327,51,Male,136801,3,119,2,25,5,0,192,1,Mobile,Edge,Summer,1,1,0,0
3328,44,Female,121281,15,21,29,13,14,5,62,0,Tablet,Firefox,Spring,0,4,1,112
3329,58,Female,130845,11,65,9,7,11,2,55,0,Mobile,Safari,Spring,0,4,0,0
3330,18,Female,106298,5,34,33,19,11,7,348,0,Desktop,Safari,Fall,0,1,0,0
3331,25,Female,109147,16,47,48,1,6,8,11,0,Desktop,Chrome,Summer,0,4,0,0
3332,40,Male,75413,7,97,44,15,8,4,240,1,Tablet,Chrome,Fall,0,4,1,258
3333,55,Male,85958,6,11,12,14,13,1,308,0,Desktop,Edge,Spring,0,4,0,0
3334,23,Male,51275,9,77,19,13,1,6,224,1,Desktop,Firefox,Fall,0,4,0,0
3335,39,Male,46597,7,50,42,7,4,5,26,0,Mobile,Edge,Fall,0,4,1,482
3336,42,Male,97521,3,27,20,12,2,5,330,0,Desktop,Edge,Fall,0,2,0,0
3337,35,Male,114243,11,40,37,8,11,0,343,0,Desktop,Edge,Fall,0,3,1,403
3338,34,Female,143410,12,18,31,15,12,0,48,0,Desktop,Chrome,Winter,0,5,0,0
3339,29,Male,134778,11,24,35,27,1,5,301,1,Desktop,Safari,Spring,0,2,0,0
3340,23,Male,88908,2,60,41,17,2,5,289,1,Tablet,Edge,Summer,0,2,0,0
3341,43,Male,101619,1,85,21,21,3,3,78,0,Desktop,Chrome,Fall,0,2,1,416
3342,44,Female,75188,2,36,47,12,13,7,9,0,Tablet,Safari,Summer,1,2,0,0
3343,25,Female,54710,14,29,46,28,1,8,334,1,Desktop,Safari,Summer,0,4,0,0
3344,36,Female,138493,13,119,43,13,1,5,228,0,Mobile,Firefox,Summer,1,5,1,15
3345,59,Female,111352,5,98,13,8,7,9,247,1,Desktop,Chrome,Spring,0,5,1,30
3346,18,Male,95486,2,53,39,10,13,7,105,0,Mobile,Edge,Fall,1,4,1,16
3347,46,Male,69050,19,61,27,7,2,7,2,1,Desktop,Firefox,Summer,1,4,0,0
3348,62,Male,69249,17,31,25,2,2,1,270,0,Desktop,Safari,Fall,1,5,0,0
3349,52,Female,54247,11,31,2,29,3,3,164,1,Mobile,Edge,Fall,1,2,0,0
3350,57,Male,90162,16,50,35,29,10,0,35,0,Tablet,Edge,Summer,0,4,0,0
3351,31,Male,46408,18,99,8,16,4,0,64,0,Mobile,Safari,Winter,0,2,1,69
3352,52,Male,96313,8,49,33,29,2,5,106,0,Tablet,Firefox,Spring,0,2,0,0
3353,62,Female,90683,2,30,25,4,5,6,244,1,Mobile,Firefox,Fall,0,4,0,0
3354,37,Female,138335,17,18,21,6,9,4,353,0,Desktop,Firefox,Fall,0,4,0,0
3355,30,Female,25443,11,52,36,7,2,7,9,1,Tablet,Safari,Winter,0,5,1,362
3356,55,Male,20079,14,89,13,23,14,8,205,0,Tablet,Chrome,Spring,0,4,1,124
3357,63,Male,116818,16,96,46,19,7,3,43,0,Desktop,Safari,Summer,0,1,0,0
3358,25,Male,58345,15,19,9,28,3,0,266,1,Tablet,Safari,Spring,1,2,1,271
3359,60,Male,32901,15,98,35,24,4,5,185,1,Mobile,Edge,Summer,0,2,1,464
3360,37,Female,87759,3,93,46,23,2,0,33,1,Tablet,Safari,Summer,1,3,1,453
3361,50,Male,120873,7,55,36,4,4,1,54,0,Mobile,Safari,Winter,0,2,0,0
3362,43,Female,62732,12,58,49,10,10,3,232,1,Mobile,Chrome,Fall,0,1,1,193
3363,56,Male,99304,3,15,47,29,12,3,269,0,Desktop,Safari,Spring,1,2,0,0
3364,38,Female,139206,19,112,44,4,6,5,152,0,Desktop,Edge,Spring,0,2,1,77
3365,59,Male,37507,10,79,46,20,2,7,62,0,Desktop,Firefox,Summer,1,3,1,397
3366,60,Male,149010,8,32,10,5,2,2,168,0,Mobile,Edge,Winter,0,2,1,490
3367,58,Female,101785,16,59,5,14,0,5,315,0,Tablet,Chrome,Winter,1,1,0,0
3368,26,Female,146691,16,73,31,11,1,2,312,0,Mobile,Edge,Summer,1,4,1,378
3369,41,Male,146354,12,96,24,2,3,1,64,1,Tablet,Firefox,Winter,1,4,0,0
3370,54,Male,55391,5,76,32,9,11,3,60,1,Mobile,Firefox,Fall,0,2,0,0
3371,58,Male,54171,6,30,49,22,8,3,279,0,Desktop,Safari,Winter,0,4,0,0
3372,34,Female,71730,6,74,49,12,2,1,155,1,Desktop,Edge,Winter,0,5,1,142
3373,41,Male,135019,8,36,3,24,9,2,108,0,Mobile,Edge,Fall,1,5,1,448
3374,38,Female,27485,17,52,16,27,4,8,317,0,Tablet,Edge,Summer,0,1,0,0
3375,56,Male,147628,12,100,41,1,8,9,300,0,Mobile,Chrome,Winter,0,2,0,0
3376,58,Male,130104,14,16,49,22,3,8,57,0,Desktop,Safari,Summer,1,4,0,0
3377,56,Male,135427,2,74,20,15,3,9,43,0,Desktop,Chrome,Summer,1,4,1,102
3378,30,Male,115320,19,81,44,6,5,6,318,1,Desktop,Chrome,Summer,1,1,1,20
3379,28,Female,148603,6,107,24,24,6,1,349,0,Tablet,Firefox,Fall,0,5,0,0
3380,63,Female,131102,18,108,34,29,13,4,112,1,Mobile,Chrome,Spring,0,2,0,0
3381,36,Male,110153,4,112,48,17,11,7,330,1,Tablet,Firefox,Summer,0,5,1,294
3382,28,Male,57748,5,65,23,21,10,0,223,0,Mobile,Edge,Spring,1,1,1,280
3383,30,Male,23878,6,38,38,15,5,0,195,1,Mobile,Safari,Spring,0,2,0,0
3384,63,Female,21949,15,91,2,14,12,5,181,0,Desktop,Firefox,Spring,0,1,1,391
3385,62,Male,105380,6,109,41,19,12,6,171,0,Desktop,Firefox,Summer,0,1,1,81
3386,18,Female,136816,8,113,5,22,12,6,360,1,Tablet,Chrome,Fall,0,4,1,123
3387,57,Female,40881,9,85,18,9,10,2,257,0,Desktop,Edge,Winter,1,5,1,36
3388,61,Female,71306,6,49,29,26,14,9,49,0,Mobile,Chrome,Spring,1,1,1,432
3389,36,Female,107150,2,116,10,3,3,3,48,0,Desktop,Firefox,Spring,0,1,0,0
3390,29,Male,109364,16,64,42,25,13,8,227,1,Mobile,Safari,Winter,0,2,1,137
3391,25,Male,135925,1,69,42,28,6,9,207,0,Tablet,Edge,Fall,1,2,1,444
3392,25,Female,29958,16,75,16,25,14,3,226,0,Desktop,Edge,Fall,0,5,1,184
3393,62,Male,79185,1,17,23,15,13,4,181,1,Desktop,Firefox,Spring,0,5,0,0
3394,29,Male,28697,1,82,30,17,11,5,11,0,Mobile,Safari,Spring,0,5,0,0
3395,50,Male,107160,7,85,6,2,10,6,317,0,Desktop,Safari,Spring,0,4,0,0
3396,62,Female,35493,16,98,44,27,9,4,121,0,Tablet,Chrome,Fall,1,4,1,160
3397,43,Male,62801,17,52,36,4,2,6,88,0,Tablet,Safari,Summer,0,1,1,47
3398,56,Male,41199,16,115,20,14,2,1,101,1,Desktop,Firefox,Spring,0,2,1,100
3399,45,Male,127890,16,53,16,11,11,6,99,0,Mobile,Chrome,Winter,0,4,1,291
3400,22,Male,85792,6,102,28,27,12,4,22,0,Tablet,Edge,Winter,0,3,0,0
3401,25,Male,54488,18,95,26,12,6,9,104,0,Desktop,Chrome,Spring,0,5,1,497
3402,42,Male,50493,3,62,22,23,11,4,71,0,Desktop,Chrome,Summer,0,2,0,0
3403,44,Male,131545,8,93,11,16,5,5,286,1,Tablet,Safari,Spring,0,1,1,256
3404,63,Male,69002,4,112,1,12,1,8,316,1,Mobile,Firefox,Winter,0,2,1,17
3405,40,Male,43731,4,103,5,2,0,3,55,1,Desktop,Edge,Winter,0,2,0,0
3406,47,Male,27076,17,77,49,7,5,4,127,0,Desktop,Firefox,Winter,0,1,1,495
3407,62,Female,21071,5,74,43,21,8,4,39,0,Mobile,Chrome,Summer,0,4,0,0
3408,64,Male,119926,14,65,46,26,2,2,139,0,Mobile,Safari,Spring,0,3,0,0
3409,40,Female,147872,15,30,41,23,8,2,132,1,Desktop,Firefox,Fall,0,4,1,414
3410,64,Male,87602,12,106,42,28,14,0,236,0,Mobile,Edge,Spring,0,5,1,423
3411,37,Female,111181,13,43,36,25,5,3,161,1,Mobile,Safari,Summer,0,3,0,0
3412,35,Female,61410,18,62,2,25,12,8,45,0,Mobile,Edge,Spring,1,3,0,0
3413,35,Male,119201,14,31,6,3,3,1,165,0,Desktop,Edge,Spring,1,4,0,0
3414,19,Female,74327,19,44,27,3,9,9,340,1,Mobile,Chrome,Fall,1,4,1,228
3415,21,Female,114948,7,35,26,13,9,3,226,0,Tablet,Firefox,Fall,0,5,1,274
3416,47,Female,81072,6,7,35,7,9,8,149,0,Tablet,Firefox,Fall,0,5,0,0
3417,50,Male,117371,5,92,13,5,13,8,314,0,Mobile,Edge,Winter,0,2,0,0
3418,53,Female,61041,4,19,12,21,13,7,307,0,Tablet,Safari,Spring,0,1,1,306
3419,35,Female,143616,18,58,18,5,11,1,327,1,Mobile,Safari,Spring,0,4,0,0
3420,54,Male,73326,14,74,38,25,12,2,144,1,Mobile,Chrome,Winter,1,1,1,49
3421,36,Female,58549,16,15,42,20,1,5,224,1,Tablet,Chrome,Fall,1,4,0,0
3422,64,Female,73096,14,34,6,22,8,1,178,0,Desktop,Firefox,Spring,0,3,0,0
3423,45,Female,75578,5,39,28,6,12,2,331,1,Mobile,Edge,Spring,1,5,1,327
3424,57,Male,66390,11,116,28,13,4,0,176,0,Mobile,Firefox,Spring,0,3,0,0
3425,37,Female,66052,12,106,25,7,13,3,29,0,Tablet,Chrome,Summer,0,4,1,489
3426,50,Male,63167,18,47,5,2,13,5,298,0,Tablet,Firefox,Fall,1,5,0,0
3427,29,Female,74587,4,65,15,22,4,0,98,0,Mobile,Edge,Fall,0,2,1,279
3428,32,Female,81292,13,44,47,29,1,0,187,1,Tablet,Firefox,Summer,0,5,0,0
3429,58,Female,112114,13,97,44,9,4,7,330,0,Desktop,Edge,Summer,0,5,1,139
3430,56,Female,95419,4,91,9,19,5,6,224,0,Desktop,Safari,Winter,1,4,1,329
3431,19,Male,62139,7,46,45,2,1,6,108,1,Desktop,Firefox,Fall,1,1,0,0
3432,46,Female,137623,2,46,48,13,0,6,84,0,Mobile,Safari,Winter,0,5,0,0
3433,58,Male,107753,18,7,2,8,5,4,258,0,Tablet,Chrome,Fall,0,4,0,0
3434,27,Female,30707,6,94,49,16,8,3,136,1,Tablet,Chrome,Spring,0,5,1,434
3435,19,Male,126392,16,82,9,1,8,6,114,1,Mobile,Edge,Summer,0,4,0,0
3436,28,Female,33140,3,87,26,11,13,2,297,0,Mobile,Chrome,Fall,0,3,1,67
3437,30,Female,135149,15,89,23,8,13,8,128,0,Tablet,Safari,Winter,0,4,1,28
3438,27,Male,31093,10,25,28,21,8,1,89,1,Mobile,Edge,Fall,1,3,0,0
3439,31,Male,102036,9,77,6,25,12,0,139,0,Tablet,Edge,Fall,1,3,0,0
3440,35,Male,124089,11,81,4,25,4,7,24,1,Tablet,Edge,Fall,0,1,0,0
3441,26,Male,92043,14,109,30,20,14,5,35,0,Mobile,Chrome,Spring,0,3,0,0
3442,56,Female,118122,12,57,47,1,9,3,133,0,Mobile,Edge,Spring,0,4,1,302
3443,45,Male,144534,7,48,18,21,14,9,106,1,Mobile,Edge,Winter,0,1,0,0
3444,20,Male,25830,11,50,30,7,0,8,270,0,Mobile,Safari,Fall,0,1,0,0
3445,37,Male,50608,17,41,27,25,2,4,274,0,Mobile,Edge,Spring,0,1,0,0
3446,23,Female,122865,9,42,44,26,7,0,104,0,Mobile,Firefox,Fall,0,3,0,0
3447,44,Female,144678,13,113,31,25,8,0,174,0,Tablet,Edge,Summer,0,4,0,0
3448,19,Female,67287,16,113,44,9,3,6,225,0,Desktop,Edge,Spring,0,5,1,82
3449,46,Female,110047,3,92,49,22,10,0,68,0,Mobile,Safari,Fall,0,5,1,411
3450,55,Male,53427,5,42,39,2,11,5,57,0,Tablet,Firefox,Winter,0,1,1,370
3451,20,Female,146117,17,114,30,21,2,6,40,1,Tablet,Chrome,Summer,1,2,0,0
3452,33,Male,104042,1,15,37,19,13,9,213,1,Tablet,Firefox,Summer,1,5,1,417
3453,47,Female,48395,9,97,12,28,1,4,173,1,Tablet,Edge,Summer,0,4,0,0
3454,57,Male,149849,17,49,17,6,14,2,112,0,Mobile,Firefox,Winter,0,1,0,0
3455,19,Male,129839,13,68,34,27,4,2,318,0,Tablet,Chrome,Winter,0,2,1,470
3456,34,Male,132306,15,48,28,5,1,1,279,0,Desktop,Firefox,Spring,0,4,0,0
3457,58,Male,112662,8,116,4,13,10,0,216,0,Mobile,Firefox,Fall,0,2,0,0
3458,29,Male,115002,8,106,34,10,8,7,201,0,Desktop,Edge,Spring,0,5,1,255
3459,52,Female,37970,2,109,46,27,9,8,83,1,Desktop,Safari,Fall,0,2,1,151
3460,60,Male,90218,10,85,14,1,10,1,219,0,Tablet,Edge,Spring,0,3,0,0
3461,18,Male,141487,5,66,13,26,8,3,104,0,Desktop,Edge,Spring,0,3,1,483
3462,62,Male,134006,16,116,49,26,12,2,51,0,Mobile,Firefox,Winter,0,1,1,291
3463,32,Male,96475,19,94,49,28,2,3,257,0,Tablet,Chrome,Spring,0,3,0,0
3464,43,Female,94362,1,65,3,18,3,3,77,0,Mobile,Safari,Winter,0,2,0,0
3465,54,Female,43371,13,94,21,27,11,7,4,0,Mobile,Edge,Spring,0,3,1,62
3466,38,Male,115482,4,16,16,21,11,2,311,0,Desktop,Firefox,Summer,1,1,0,0
3467,48,Male,109895,7,86,38,14,8,2,89,0,Desktop,Edge,Fall,0,5,1,14
3468,42,Male,39266,1,13,26,12,14,5,138,0,Mobile,Chrome,Spring,0,1,1,334
3469,40,Male,123553,2,71,6,6,0,2,250,0,Tablet,Edge,Spring,1,1,0,0
3470,41,Female,39195,16,78,18,14,6,4,363,0,Mobile,Safari,Winter,1,2,0,0
3471,55,Female,130949,14,111,41,17,1,3,30,0,Desktop,Safari,Spring,1,2,0,0
3472,45,Male,146895,5,6,6,7,8,3,224,1,Mobile,Firefox,Winter,0,4,0,0
3473,38,Male,47315,14,12,41,3,10,1,158,0,Desktop,Edge,Winter,0,3,0,0
3474,60,Male,140215,17,47,25,17,11,8,5,1,Mobile,Safari,Spring,1,5,0,0
3475,35,Male,103804,12,22,48,23,14,4,271,0,Desktop,Edge,Winter,0,4,0,0
3476,53,Male,95246,12,56,24,23,12,4,48,1,Mobile,Safari,Fall,0,2,0,0
3477,52,Female,61581,3,43,30,10,13,6,353,1,Desktop,Chrome,Spring,0,5,1,390
3478,62,Female,65537,2,35,23,3,11,2,204,1,Tablet,Chrome,Winter,0,2,1,323
3479,26,Male,147955,15,18,45,16,2,5,281,0,Tablet,Safari,Fall,1,3,0,0
3480,55,Female,99697,11,68,43,6,5,0,275,0,Tablet,Safari,Winter,0,1,0,0
3481,47,Female,117357,10,107,8,4,4,4,59,1,Tablet,Edge,Summer,0,5,1,391
3482,61,Female,139761,18,101,49,20,1,4,181,0,Mobile,Edge,Summer,0,5,0,0
3483,51,Male,95265,2,97,9,9,8,8,167,1,Mobile,Safari,Winter,1,4,1,314
3484,49,Female,133984,7,48,6,29,2,4,261,1,Desktop,Safari,Winter,0,5,1,370
3485,20,Female,134451,7,64,33,7,5,7,213,1,Mobile,Edge,Winter,0,5,1,372
3486,20,Male,112449,7,101,33,16,8,2,100,0,Mobile,Safari,Winter,0,2,1,113
3487,45,Female,140104,14,103,45,6,14,5,19,0,Desktop,Chrome,Spring,1,3,1,179
3488,61,Male,42184,2,6,7,12,7,1,324,0,Mobile,Edge,Fall,0,4,0,0
3489,32,Female,43279,2,103,42,25,9,8,24,1,Tablet,Chrome,Spring,0,2,1,322
3490,58,Male,46570,15,36,18,29,4,5,90,0,Tablet,Edge,Fall,0,4,1,423
3491,40,Male,63030,11,40,6,3,5,4,147,0,Mobile,Safari,Spring,1,4,0,0
3492,57,Female,82245,10,114,45,12,2,8,315,1,Mobile,Firefox,Summer,0,3,1,283
3493,28,Female,75467,3,59,37,20,14,0,317,1,Desktop,Edge,Spring,1,3,1,124
3494,49,Male,139618,17,118,21,14,4,2,32,0,Mobile,Edge,Fall,1,1,0,0
3495,53,Male,55133,9,91,26,14,5,1,362,0,Tablet,Firefox,Winter,0,2,0,0
3496,50,Female,98731,15,67,15,9,13,8,45,0,Desktop,Firefox,Fall,1,3,1,357
3497,41,Female,63805,14,73,44,4,2,5,232,0,Desktop,Chrome,Fall,0,4,0,0
3498,56,Female,63998,19,115,30,23,9,5,130,0,Desktop,Safari,Summer,0,4,1,338
3499,51,Female,37238,17,84,11,25,1,4,225,1,Mobile,Firefox,Fall,0,4,0,0
3500,45,Male,101088,17,44,8,20,9,3,301,1,Mobile,Edge,Winter,0,2,0,0
3501,54,Male,88264,16,28,5,25,8,3,161,1,Mobile,Firefox,Spring,0,5,0,0
3502,24,Male,135603,8,62,8,15,6,1,279,0,Desktop,Firefox,Fall,0,1,0,0
3503,21,Female,68245,7,108,5,7,3,6,226,1,Desktop,Safari,Summer,0,4,0,0
3504,54,Female,43557,12,32,10,20,12,5,106,0,Tablet,Safari,Fall,1,1,1,442
3505,18,Male,90474,1,66,15,19,2,2,69,1,Tablet,Chrome,Fall,1,5,0,0
3506,18,Male,116738,12,29,38,6,12,6,208,1,Mobile,Safari,Winter,0,1,0,0
3507,64,Male,85667,6,11,3,19,3,8,199,1,Mobile,Chrome,Winter,1,2,0,0
3508,37,Male,111228,16,42,41,7,8,9,137,0,Tablet,Firefox,Winter,0,2,1,82
3509,36,Male,105513,18,75,10,1,8,0,244,0,Tablet,Chrome,Spring,0,4,0,0
3510,46,Male,85074,19,119,7,7,11,9,361,1,Mobile,Chrome,Fall,1,1,0,0
3511,27,Female,78204,3,90,24,3,5,7,88,1,Mobile,Safari,Spring,0,3,0,0
3512,35,Male,118597,3,90,26,25,10,1,49,0,Mobile,Firefox,Winter,0,5,0,0
3513,45,Male,112800,5,95,34,6,11,0,26,1,Mobile,Chrome,Fall,1,2,1,42
3514,52,Male,45575,3,101,8,23,8,8,224,1,Tablet,Firefox,Spring,0,2,1,378
3515,60,Male,100263,19,49,39,25,13,1,283,0,Mobile,Edge,Winter,0,5,0,0
3516,64,Male,96024,5,36,5,6,8,6,169,0,Mobile,Edge,Winter,0,3,1,202
3517,48,Male,40069,14,107,36,26,5,6,339,1,Tablet,Edge,Fall,0,3,0,0
3518,44,Male,44400,16,36,43,11,4,0,211,0,Tablet,Firefox,Spring,1,4,0,0
3519,28,Female,44146,1,5,26,2,10,9,107,1,Mobile,Edge,Winter,0,5,0,0
3520,55,Male,26846,17,78,10,6,2,0,343,1,Mobile,Safari,Winter,0,3,0,0
3521,22,Female,60352,11,49,33,22,0,6,322,0,Desktop,Firefox,Winter,0,3,0,0
3522,25,Female,43694,9,68,36,18,3,5,317,1,Mobile,Edge,Winter,0,2,1,358
3523,51,Female,41740,4,72,31,23,0,3,323,0,Mobile,Edge,Winter,1,1,1,383
3524,29,Male,69438,2,97,38,14,12,2,322,0,Tablet,Chrome,Winter,0,5,1,137
3525,55,Male,50996,9,11,25,12,11,4,205,1,Mobile,Firefox,Fall,1,5,0,0
3526,18,Male,83874,5,42,45,9,0,4,224,0,Mobile,Edge,Summer,0,2,1,398
3527,48,Male,117661,4,74,13,13,13,2,43,0,Desktop,Firefox,Summer,1,4,1,114
3528,21,Male,126945,5,57,1,26,14,5,107,0,Mobile,Firefox,Winter,0,2,0,0
3529,62,Male,79682,18,79,36,20,5,2,62,0,Mobile,Safari,Winter,0,4,1,197
3530,22,Male,64200,13,77,36,27,10,3,13,0,Tablet,Edge,Fall,0,1,0,0
3531,47,Male,42970,5,34,24,21,4,2,83,0,Desktop,Safari,Fall,0,2,1,459
3532,41,Male,30895,19,26,27,22,6,5,280,1,Mobile,Edge,Winter,0,5,0,0
3533,20,Male,58071,3,62,18,1,0,8,353,0,Desktop,Firefox,Spring,0,3,0,0
3534,28,Female,72268,18,107,47,8,0,2,77,0,Mobile,Firefox,Spring,1,1,1,468
3535,62,Male,42258,6,77,15,28,7,0,95,1,Mobile,Firefox,Summer,1,2,0,0
3536,21,Male,108890,6,59,17,29,5,6,166,0,Tablet,Firefox,Fall,0,5,1,377
3537,43,Male,116177,5,106,29,9,7,4,8,0,Mobile,Edge,Summer,0,5,1,479
3538,44,Female,77300,1,119,5,17,14,3,314,1,Desktop,Chrome,Summer,0,5,0,0
3539,63,Male,81915,8,50,11,13,13,2,158,0,Desktop,Firefox,Spring,0,3,0,0
3540,60,Male,28444,1,101,16,4,5,6,19,0,Mobile,Edge,Summer,0,5,0,0
3541,44,Female,95147,6,30,34,6,5,1,286,0,Desktop,Firefox,Winter,1,3,1,199
3542,59,Male,96064,14,68,17,13,9,3,55,1,Tablet,Chrome,Summer,0,2,1,154
3543,23,Female,135923,11,84,33,26,14,1,174,1,Desktop,Edge,Summer,0,4,1,246
3544,32,Female,86535,2,13,49,17,6,9,166,0,Desktop,Firefox,Winter,1,1,1,172
3545,47,Female,23760,4,91,31,19,11,7,273,0,Mobile,Safari,Winter,0,1,1,131
3546,59,Female,56884,13,19,18,23,1,2,354,1,Desktop,Chrome,Summer,1,2,0,0
3547,54,Male,122715,7,23,25,24,2,4,37,0,Tablet,Safari,Spring,0,2,0,0
3548,54,Female,145491,6,110,5,29,11,3,311,0,Desktop,Safari,Summer,1,5,0,0
3549,59,Female,107477,3,20,30,8,12,4,325,0,Tablet,Firefox,Spring,0,5,1,36
3550,54,Male,46022,9,29,45,21,3,3,42,1,Tablet,Safari,Spring,0,2,0,0
3551,52,Male,74504,14,103,23,17,14,7,255,1,Tablet,Edge,Winter,0,1,1,451
3552,40,Male,63130,11,55,38,17,13,5,65,0,Tablet,Chrome,Spring,1,2,0,0
3553,23,Female,63881,5,81,45,24,0,0,336,0,Desktop,Edge,Fall,1,5,1,73
3554,21,Male,82399,14,50,18,21,8,4,94,0,Desktop,Safari,Summer,0,2,0,0
3555,35,Female,56451,19,11,32,15,8,0,10,0,Mobile,Edge,Spring,0,5,0,0
3556,26,Female,71413,8,38,30,27,3,2,180,0,Tablet,Chrome,Spring,1,1,0,0
3557,46,Male,112057,7,62,29,25,0,5,280,0,Mobile,Safari,Summer,0,4,1,81
3558,30,Male,82278,7,82,36,1,0,8,21,0,Tablet,Chrome,Winter,0,1,1,152
3559,64,Male,133286,3,27,9,2,5,2,180,0,Tablet,Firefox,Fall,0,3,0,0
3560,34,Male,49639,3,27,23,20,1,3,359,0,Tablet,Firefox,Spring,0,5,0,0
3561,62,Male,54621,18,21,3,10,0,9,79,1,Desktop,Edge,Fall,1,2,0,0
3562,49,Male,116985,13,17,22,27,9,0,133,0,Tablet,Edge,Summer,0,2,0,0
3563,39,Female,143479,1,31,40,16,10,9,164,1,Tablet,Safari,Spring,1,5,1,248
3564,21,Female,33079,5,70,45,23,11,1,115,0,Mobile,Safari,Spring,1,3,1,293
3565,22,Male,147015,4,105,31,4,1,6,278,0,Tablet,Firefox,Spring,0,5,1,435
3566,54,Female,26895,16,34,22,8,6,7,52,0,Mobile,Firefox,Fall,0,2,1,338
3567,58,Female,113515,15,8,11,16,13,0,84,1,Desktop,Chrome,Fall,0,4,0,0
3568,30,Female,72142,18,98,42,7,3,8,284,0,Desktop,Firefox,Spring,1,3,1,155
3569,51,Female,131239,17,71,43,5,6,5,287,0,Tablet,Firefox,Summer,1,2,0,0
3570,62,Female,147157,14,18,3,23,6,0,309,0,Tablet,Chrome,Spring,0,1,0,0
3571,39,Female,32552,14,15,14,8,3,3,152,1,Mobile,Firefox,Summer,0,3,0,0
3572,40,Male,112930,19,44,46,3,12,3,254,1,Mobile,Edge,Winter,0,5,1,479
3573,20,Male,68821,6,91,19,3,1,6,301,1,Desktop,Chrome,Winter,0,1,0,0
3574,59,Male,117812,13,109,31,18,8,0,130,0,Tablet,Firefox,Winter,0,4,1,172
3575,51,Female,53630,18,116,36,4,14,9,63,1,Tablet,Chrome,Summer,0,4,1,103
3576,49,Male,90063,15,100,32,27,13,8,339,0,Mobile,Firefox,Fall,0,5,0,0
3577,62,Male,32247,7,7,26,4,13,0,41,1,Mobile,Firefox,Summer,0,5,0,0
3578,38,Male,37603,19,110,1,15,12,9,89,1,Desktop,Safari,Summer,1,1,1,202
3579,63,Female,122099,17,5,2,15,9,2,279,0,Desktop,Chrome,Winter,0,2,1,389
3580,61,Male,65564,9,13,6,29,13,0,178,1,Tablet,Edge,Spring,0,3,0,0
3581,38,Female,131038,11,116,45,4,9,0,330,1,Mobile,Firefox,Summer,0,3,0,0
3582,61,Male,20527,5,77,14,2,2,3,161,0,Desktop,Edge,Winter,0,1,0,0
3583,28,Male,76521,2,80,28,23,0,1,43,1,Mobile,Safari,Summer,1,5,0,0
3584,56,Male,88458,15,5,33,26,10,8,55,0,Desktop,Edge,Fall,0,5,1,473
3585,21,Female,25849,12,20,25,3,7,0,51,1,Tablet,Safari,Summer,0,2,1,377
3586,18,Female,115836,10,98,40,28,3,2,354,0,Desktop,Chrome,Winter,0,4,0,0
3587,45,Female,113316,10,76,18,10,8,1,165,0,Desktop,Safari,Summer,0,4,0,0
3588,41,Female,70314,11,114,46,1,7,0,63,0,Mobile,Firefox,Summer,0,1,1,406
3589,52,Female,65724,10,50,34,18,10,8,323,1,Desktop,Safari,Summer,0,1,1,369
3590,30,Male,113676,7,14,12,5,10,4,249,1,Mobile,Chrome,Winter,0,4,0,0
3591,64,Male,37230,14,37,27,9,6,5,327,0,Tablet,Chrome,Winter,0,2,1,30
3592,51,Female,112229,13,106,24,20,14,7,107,0,Tablet,Firefox,Summer,0,2,1,16
3593,28,Female,92495,5,45,33,6,8,6,177,1,Desktop,Firefox,Winter,0,1,1,398
3594,53,Male,121390,19,55,15,19,1,6,129,0,Tablet,Edge,Summer,0,3,0,0
3595,34,Female,62730,10,26,43,9,3,8,255,1,Mobile,Firefox,Summer,0,3,0,0
3596,52,Male,105203,8,20,32,18,12,2,193,1,Mobile,Safari,Summer,0,4,0,0
3597,35,Female,111937,18,87,17,24,13,9,94,1,Desktop,Firefox,Summer,0,5,1,267
3598,57,Male,133723,1,79,35,15,4,7,96,1,Tablet,Edge,Spring,1,5,0,0
3599,39,Female,23323,5,66,47,15,4,5,177,1,Mobile,Firefox,Spring,0,3,0,0
3600,41,Female,20445,11,57,45,27,11,7,47,0,Mobile,Edge,Fall,1,2,1,12
3601,36,Male,102945,11,79,35,14,0,3,127,0,Mobile,Firefox,Summer,1,4,0,0
3602,54,Male,29963,16,18,13,3,8,0,266,0,Mobile,Chrome,Summer,0,1,0,0
3603,56,Female,70511,10,107,9,8,14,2,300,1,Mobile,Firefox,Winter,0,5,1,338
3604,38,Female,142898,15,63,10,19,8,9,240,1,Tablet,Safari,Summer,0,3,0,0
3605,25,Male,140801,7,30,1,11,4,2,300,0,Desktop,Chrome,Winter,0,5,1,283
3606,45,Female,143440,15,48,34,28,9,0,225,0,Desktop,Firefox,Fall,0,2,0,0
3607,22,Male,35437,16,24,46,28,2,4,4,0,Mobile,Firefox,Spring,1,2,0,0
3608,34,Male,36855,6,88,37,4,7,5,64,1,Tablet,Chrome,Spring,0,5,0,0
3609,54,Female,101947,11,9,25,15,6,8,310,0,Tablet,Chrome,Winter,0,2,0,0
3610,53,Male,143439,17,69,22,24,4,7,236,0,Mobile,Chrome,Summer,0,1,0,0
3611,36,Male,30847,15,15,10,10,11,3,253,0,Tablet,Safari,Winter,0,1,0,0
3612,44,Female,23236,16,51,26,20,0,5,169,0,Desktop,Firefox,Fall,0,3,1,391
3613,51,Male,81897,2,14,19,11,6,2,30,0,Mobile,Edge,Spring,0,4,0,0
3614,28,Male,143824,4,65,40,25,10,0,71,0,Mobile,Firefox,Summer,0,2,0,0
3615,62,Male,138636,19,115,45,9,0,8,230,1,Desktop,Firefox,Summer,0,4,0,0
3616,64,Male,33487,6,96,41,22,0,7,350,0,Desktop,Chrome,Summer,0,5,0,0
3617,29,Female,97384,18,49,4,17,8,5,136,0,Tablet,Edge,Spring,0,3,1,416
3618,38,Male,82423,11,51,40,9,5,2,85,0,Tablet,Firefox,Summer,0,2,0,0
3619,28,Female,33155,9,38,5,25,6,4,327,1,Desktop,Firefox,Fall,0,1,0,0
3620,56,Male,31255,3,17,29,29,1,8,197,0,Tablet,Chrome,Fall,1,5,1,444
3621,45,Female,140860,2,112,38,23,14,6,160,0,Desktop,Firefox,Spring,0,1,0,0
3622,22,Male,21979,18,93,5,9,10,1,208,0,Tablet,Safari,Spring,0,5,0,0
3623,34,Female,145596,15,27,1,24,14,5,40,0,Tablet,Firefox,Spring,0,1,1,269
3624,37,Male,41305,18,40,28,25,7,8,190,0,Mobile,Safari,Winter,0,1,1,130
3625,58,Male,94543,19,67,19,9,14,9,218,0,Mobile,Chrome,Spring,0,3,0,0
3626,63,Male,55094,15,80,36,23,6,0,155,0,Desktop,Firefox,Spring,1,3,0,0
3627,29,Male,55098,17,51,1,22,4,4,123,0,Desktop,Safari,Winter,0,2,0,0
3628,23,Female,109566,18,113,29,2,7,8,220,1,Desktop,Firefox,Summer,0,1,1,183
3629,34,Female,53770,18,70,36,13,1,2,289,1,Tablet,Chrome,Winter,1,4,1,116
3630,36,Male,29734,11,88,32,23,5,2,322,0,Mobile,Chrome,Fall,1,5,0,0
3631,43,Female,91984,18,84,14,1,3,9,105,0,Mobile,Firefox,Fall,0,2,1,480
3632,61,Male,59605,3,18,32,6,6,8,79,0,Desktop,Chrome,Summer,0,3,0,0
3633,61,Male,97932,13,57,46,6,5,2,199,0,Tablet,Safari,Winter,1,5,0,0
3634,49,Female,75619,14,70,9,16,11,8,212,0,Desktop,Chrome,Summer,0,5,1,494
3635,23,Female,144109,4,53,19,12,5,9,13,0,Mobile,Chrome,Fall,0,3,1,319
3636,53,Female,47881,18,20,11,15,4,2,352,1,Mobile,Safari,Winter,0,2,0,0
3637,55,Male,83401,5,72,48,7,10,7,285,1,Mobile,Firefox,Winter,0,4,1,346
3638,28,Male,51177,14,47,4,2,4,9,324,1,Mobile,Chrome,Fall,0,4,1,152
3639,50,Female,60122,12,81,41,29,1,8,138,0,Desktop,Firefox,Spring,0,3,1,292
3640,41,Male,132555,7,106,25,12,10,2,356,1,Desktop,Safari,Summer,0,5,1,337
3641,40,Female,55297,12,117,17,20,6,0,76,1,Desktop,Firefox,Fall,0,3,0,0
3642,32,Female,131513,8,69,47,2,6,8,186,1,Tablet,Chrome,Fall,0,5,0,0
3643,44,Female,136118,3,13,8,4,7,6,214,0,Mobile,Chrome,Winter,0,1,0,0
3644,28,Female,56680,1,25,45,3,3,5,355,1,Desktop,Chrome,Winter,0,5,1,432
3645,34,Female,103452,3,86,1,2,10,3,186,0,Desktop,Safari,Summer,0,1,0,0
3646,31,Female,71044,11,111,2,18,10,4,360,0,Mobile,Chrome,Fall,1,5,1,193
3647,44,Male,116775,18,100,10,3,10,6,209,0,Desktop,Firefox,Fall,1,1,1,282
3648,35,Male,64084,7,114,27,10,12,8,70,1,Tablet,Edge,Winter,0,2,0,0
3649,45,Female,54189,9,102,27,12,8,5,45,1,Mobile,Edge,Fall,0,4,0,0
3650,64,Female,33510,4,88,13,4,9,3,178,1,Desktop,Chrome,Winter,1,1,0,0
3651,64,Female,110502,10,47,11,23,2,3,176,1,Tablet,Safari,Spring,0,5,0,0
3652,21,Male,42152,18,70,14,20,2,9,270,0,Desktop,Firefox,Spring,0,1,0,0
3653,24,Female,104738,16,8,32,27,12,2,353,1,Mobile,Firefox,Summer,0,5,1,451
3654,62,Female,46445,12,113,16,7,1,1,172,0,Mobile,Safari,Summer,0,4,0,0
3655,52,Female,96688,19,106,29,20,9,3,244,0,Mobile,Firefox,Fall,1,2,1,128
3656,26,Male,91153,3,11,38,19,6,5,156,1,Tablet,Chrome,Fall,0,1,0,0
3657,25,Female,21195,8,90,34,8,11,0,189,1,Mobile,Firefox,Fall,0,5,1,101
3658,62,Male,124533,19,88,26,3,9,1,199,1,Mobile,Edge,Fall,0,4,1,410
3659,34,Male,79949,9,62,5,27,1,7,75,1,Tablet,Safari,Spring,0,3,0,0
3660,34,Female,45433,19,103,19,15,6,2,33,0,Tablet,Firefox,Winter,1,3,1,492
3661,50,Male,25305,17,8,39,8,2,0,195,0,Mobile,Firefox,Winter,0,1,1,110
3662,49,Male,146107,13,24,28,18,14,1,93,1,Tablet,Safari,Fall,1,4,1,166
3663,25,Male,78860,2,39,28,29,0,2,134,0,Tablet,Firefox,Spring,0,1,1,101
3664,36,Female,93613,4,101,17,14,10,1,192,0,Desktop,Safari,Fall,0,5,0,0
3665,55,Male,68648,11,119,37,19,7,3,106,0,Desktop,Chrome,Winter,0,5,1,290
3666,20,Female,83090,2,63,44,4,7,3,231,0,Mobile,Safari,Summer,0,3,1,409
3667,22,Female,116921,4,89,19,3,13,9,299,0,Desktop,Firefox,Spring,0,5,1,332
3668,30,Female,62113,4,49,27,22,12,1,28,0,Mobile,Firefox,Winter,1,5,1,326
3669,64,Male,135530,1,18,12,9,9,0,314,1,Tablet,Chrome,Winter,0,1,1,39
3670,63,Female,123504,11,99,3,10,0,2,15,1,Desktop,Firefox,Summer,0,3,1,393
3671,48,Male,140609,2,26,4,8,10,3,152,0,Tablet,Edge,Summer,1,2,0,0
3672,33,Male,62642,19,52,47,20,5,5,363,1,Desktop,Edge,Summer,0,5,0,0
3673,49,Male,53062,8,34,47,2,3,4,90,0,Desktop,Firefox,Summer,0,3,1,174
3674,39,Male,91633,4,33,11,26,4,1,190,1,Desktop,Firefox,Spring,1,2,1,191
3675,46,Female,124716,16,40,34,1,13,3,193,0,Tablet,Firefox,Fall,0,2,1,74
3676,39,Female,61604,15,117,18,27,7,5,26,1,Desktop,Safari,Spring,1,3,1,247
3677,60,Male,130129,5,46,35,4,7,3,110,1,Desktop,Firefox,Spring,0,1,1,152
3678,20,Female,26678,5,33,18,16,6,6,351,0,Desktop,Safari,Winter,0,3,0,0
3679,27,Female,52121,15,11,46,5,4,5,129,1,Tablet,Firefox,Winter,0,2,0,0
3680,59,Female,68503,17,36,6,18,5,5,82,0,Mobile,Firefox,Winter,1,2,1,221
3681,38,Male,145015,3,17,34,14,7,9,209,1,Desktop,Firefox,Winter,0,2,0,0
3682,33,Female,106940,18,17,33,13,4,1,46,0,Desktop,Chrome,Winter,0,3,0,0
3683,29,Male,91279,11,58,8,16,2,6,1,1,Desktop,Safari,Spring,0,5,0,0
3684,19,Female,36494,6,18,42,29,8,8,51,0,Mobile,Chrome,Summer,1,2,1,200
3685,58,Male,127079,12,10,20,15,8,5,164,1,Mobile,Firefox,Fall,0,3,0,0
3686,41,Male,64185,17,20,20,19,9,7,325,1,Tablet,Chrome,Spring,1,1,0,0
3687,52,Male,29678,14,45,43,29,0,5,325,0,Desktop,Chrome,Fall,1,5,0,0
3688,47,Female,57632,6,56,18,4,6,5,322,1,Mobile,Edge,Fall,0,4,1,274
3689,47,Male,66235,10,116,27,19,3,3,99,0,Tablet,Chrome,Summer,1,1,1,164
3690,64,Female,21648,16,89,48,24,5,5,286,1,Mobile,Safari,Fall,1,5,1,219
3691,52,Male,101213,18,112,5,13,12,9,258,0,Desktop,Firefox,Summer,1,1,0,0
3692,36,Female,134222,6,20,7,11,6,3,100,0,Mobile,Firefox,Spring,0,4,0,0
3693,25,Male,108301,19,9,22,28,7,9,359,0,Mobile,Edge,Summer,1,2,1,329
3694,43,Female,87917,3,28,34,18,10,5,25,1,Mobile,Edge,Summer,0,1,1,379
3695,57,Male,36489,12,47,43,25,4,0,147,0,Desktop,Safari,Winter,0,1,1,365
3696,24,Male,97281,16,69,13,11,4,6,243,0,Mobile,Safari,Winter,1,5,0,0
3697,47,Male,25818,3,14,32,22,11,1,71,0,Desktop,Firefox,Summer,0,3,1,487
3698,24,Female,128190,16,111,24,1,5,5,360,0,Tablet,Firefox,Summer,1,5,1,252
3699,20,Male,144613,4,115,16,15,14,8,14,0,Desktop,Chrome,Fall,0,3,1,183
3700,18,Male,53149,13,63,14,24,6,9,289,0,Desktop,Safari,Fall,0,4,0,0
3701,53,Male,47312,4,39,39,10,14,2,293,1,Desktop,Edge,Summer,0,5,0,0
3702,42,Male,57124,4,35,7,22,4,3,363,0,Desktop,Firefox,Fall,0,1,0,0
3703,54,Female,124222,7,83,44,4,4,4,286,1,Desktop,Firefox,Spring,1,4,0,0
3704,18,Male,21316,12,15,12,6,11,7,206,0,Mobile,Chrome,Fall,0,5,0,0
3705,32,Male,90990,2,13,20,2,3,9,269,1,Tablet,Edge,Fall,0,2,1,494
3706,54,Female,80046,16,70,33,17,0,5,338,0,Desktop,Firefox,Summer,0,4,0,0
3707,30,Female,98643,7,48,6,12,13,7,294,0,Desktop,Safari,Fall,0,2,1,461
3708,57,Female,89610,19,98,40,22,6,2,73,0,Tablet,Safari,Summer,0,5,1,88
3709,25,Male,106724,11,20,27,24,6,2,87,0,Desktop,Safari,Winter,0,5,1,471
3710,22,Female,133115,1,52,13,29,12,8,351,0,Mobile,Chrome,Fall,0,5,1,315
3711,26,Female,117504,9,57,5,5,5,5,322,0,Tablet,Chrome,Summer,1,3,0,0
3712,18,Female,135594,5,69,24,24,9,7,166,0,Mobile,Safari,Summer,0,4,0,0
3713,53,Male,84042,17,52,10,19,1,3,297,0,Tablet,Edge,Fall,0,4,0,0
3714,52,Male,125925,1,74,46,29,1,4,231,1,Mobile,Firefox,Winter,1,2,0,0
3715,19,Male,135350,17,50,32,6,5,8,192,0,Tablet,Firefox,Summer,0,2,1,122
3716,57,Female,148295,12,79,9,17,11,6,56,1,Tablet,Firefox,Summer,1,2,0,0
3717,40,Male,43102,13,37,49,29,12,4,215,0,Mobile,Safari,Fall,0,4,0,0
3718,26,Female,149665,11,56,35,19,8,6,305,0,Mobile,Safari,Spring,0,2,0,0
3719,51,Female,134430,13,85,44,20,4,8,187,0,Desktop,Safari,Summer,0,1,1,58
3720,63,Female,126958,13,59,12,21,6,2,96,1,Tablet,Chrome,Fall,0,5,0,0
3721,31,Male,145782,6,55,11,3,1,2,245,1,Tablet,Chrome,Fall,0,2,0,0
3722,21,Female,51957,6,102,36,8,5,3,167,1,Tablet,Safari,Winter,0,1,1,72
3723,47,Female,32872,10,114,8,5,10,9,311,0,Mobile,Safari,Summer,0,2,1,211
3724,48,Male,70094,19,44,10,23,5,6,259,1,Mobile,Edge,Summer,0,5,1,278
3725,55,Female,67719,3,29,14,5,9,4,136,0,Tablet,Firefox,Summer,0,1,1,96
3726,28,Female,93885,7,67,30,24,5,4,207,0,Desktop,Chrome,Fall,0,5,0,0
3727,52,Female,141103,5,26,1,17,5,3,249,0,Tablet,Firefox,Summer,0,3,0,0
3728,25,Male,148826,8,94,12,19,13,7,254,0,Tablet,Safari,Winter,0,5,1,141
3729,20,Female,39693,5,95,5,19,3,2,329,0,Tablet,Safari,Winter,0,4,0,0
3730,31,Male,70478,12,42,14,26,4,1,16,1,Desktop,Edge,Summer,0,5,0,0
3731,30,Male,118163,4,13,36,10,3,3,282,0,Tablet,Edge,Summer,1,3,1,380
3732,62,Female,63677,19,41,17,3,5,7,160,0,Mobile,Chrome,Fall,0,2,0,0
3733,49,Female,80012,18,9,22,22,8,3,338,0,Desktop,Chrome,Winter,0,4,0,0
3734,51,Female,30760,3,86,31,25,12,7,264,0,Desktop,Firefox,Spring,0,3,1,194
3735,62,Female,31584,7,26,26,13,4,4,359,0,Mobile,Firefox,Summer,0,5,0,0
3736,36,Male,22106,8,114,13,16,4,8,60,0,Desktop,Chrome,Summer,0,3,1,464
3737,55,Male,33669,15,16,3,12,2,1,268,0,Desktop,Safari,Fall,0,2,0,0
3738,33,Female,139487,17,64,43,22,12,7,187,0,Desktop,Chrome,Winter,0,4,1,72
3739,19,Male,45223,19,48,11,21,10,6,187,1,Tablet,Firefox,Summer,0,1,0,0
3740,57,Female,80666,4,26,5,28,6,1,44,1,Mobile,Chrome,Fall,0,3,0,0
3741,34,Female,55706,16,10,38,17,4,4,166,0,Mobile,Firefox,Summer,1,3,0,0
3742,51,Female,88019,13,104,4,2,13,5,153,1,Mobile,Firefox,Fall,1,5,0,0
3743,59,Female,81585,12,31,32,16,1,8,152,0,Desktop,Firefox,Fall,0,4,0,0
3744,33,Male,47482,4,115,10,11,8,7,97,0,Tablet,Edge,Fall,0,1,0,0
3745,55,Male,80369,12,59,10,1,4,6,189,1,Tablet,Safari,Summer,1,3,0,0
3746,19,Female,54143,17,19,44,12,6,0,137,0,Desktop,Firefox,Summer,0,1,0,0
3747,19,Female,44240,9,68,18,6,11,9,217,1,Tablet,Safari,Winter,0,1,1,441
3748,43,Male,30015,12,21,47,19,6,2,340,0,Mobile,Safari,Summer,0,2,0,0
3749,30,Male,102164,15,7,23,28,9,0,304,1,Mobile,Chrome,Spring,1,5,0,0
3750,64,Male,83023,2,14,18,29,11,9,209,0,Desktop,Edge,Winter,0,1,1,19
3751,48,Female,71500,9,67,35,5,7,5,52,1,Desktop,Edge,Fall,1,5,0,0
3752,51,Male,83925,14,67,3,22,3,2,198,0,Desktop,Safari,Winter,0,2,1,68
3753,56,Female,110979,4,93,1,21,6,1,36,0,Desktop,Safari,Spring,1,1,0,0
3754,20,Female,116355,4,66,17,3,2,9,105,1,Mobile,Chrome,Spring,0,5,1,377
3755,25,Male,100596,6,89,42,18,8,1,360,1,Desktop,Chrome,Fall,1,4,1,305
3756,40,Female,112973,5,108,6,18,14,7,12,1,Mobile,Firefox,Summer,0,5,0,0
3757,31,Male,69631,17,13,11,12,14,0,168,0,Tablet,Edge,Spring,0,4,0,0
3758,44,Female,96190,13,28,14,18,7,8,214,1,Tablet,Edge,Summer,0,2,1,334
3759,46,Female,83652,17,36,49,10,11,6,42,1,Desktop,Safari,Fall,0,2,1,414
3760,56,Female,71087,19,7,28,4,14,0,349,0,Mobile,Firefox,Summer,0,4,0,0
3761,56,Female,99789,1,37,39,20,9,4,342,0,Mobile,Safari,Summer,0,3,1,325
3762,18,Female,74909,17,47,36,28,8,4,67,0,Tablet,Safari,Winter,0,1,1,394
3763,34,Female,31565,3,113,11,19,1,1,169,0,Desktop,Firefox,Summer,1,1,1,201
3764,58,Male,47597,14,16,41,24,3,0,152,1,Desktop,Edge,Summer,0,4,0,0
3765,47,Male,113304,12,97,40,4,0,6,197,0,Tablet,Safari,Winter,0,1,1,34
3766,30,Female,85623,15,89,4,24,7,8,13,0,Desktop,Safari,Summer,1,2,0,0
3767,38,Male,29432,6,107,48,11,12,7,229,0,Tablet,Chrome,Winter,0,3,1,309
3768,36,Female,94300,2,102,6,3,3,6,162,1,Tablet,Edge,Winter,0,4,1,243
3769,36,Male,143693,4,101,38,27,3,3,103,0,Mobile,Safari,Summer,0,2,1,417
3770,42,Male,85714,13,36,19,15,6,9,131,0,Tablet,Firefox,Summer,1,2,1,115
3771,39,Female,111837,13,24,31,16,13,6,96,1,Tablet,Safari,Summer,0,4,1,401
3772,48,Male,69314,17,71,2,12,5,7,216,1,Tablet,Chrome,Winter,0,4,1,295
3773,34,Female,120944,6,72,43,18,2,8,201,0,Tablet,Edge,Spring,1,5,1,343
3774,40,Male,61965,11,21,25,24,7,8,131,1,Desktop,Edge,Winter,1,2,0,0
3775,49,Female,117449,19,118,41,6,1,4,202,1,Mobile,Chrome,Spring,0,1,1,274
3776,27,Male,104268,16,85,48,15,12,4,291,1,Mobile,Chrome,Fall,0,3,1,225
3777,27,Female,87957,8,23,11,2,0,5,276,1,Desktop,Firefox,Spring,1,5,0,0
3778,53,Male,63715,1,8,46,23,11,7,361,0,Desktop,Chrome,Fall,0,2,1,413
3779,25,Female,73450,10,97,40,12,11,2,332,0,Desktop,Safari,Summer,0,4,1,302
3780,37,Male,106062,2,21,45,10,12,2,48,1,Desktop,Edge,Winter,0,3,1,295
3781,49,Female,81902,19,68,42,23,11,4,43,0,Mobile,Edge,Winter,1,3,1,69
3782,31,Male,48317,14,26,44,4,14,0,81,1,Mobile,Safari,Fall,0,2,1,137
3783,45,Female,139191,3,70,21,8,1,4,68,0,Mobile,Safari,Winter,1,1,0,0
3784,63,Male,86753,9,46,3,15,8,8,234,0,Mobile,Safari,Winter,1,3,0,0
3785,41,Female,55242,8,80,2,19,14,4,241,0,Desktop,Firefox,Fall,0,2,0,0
3786,32,Female,20929,11,49,11,16,4,6,199,1,Tablet,Firefox,Spring,0,3,0,0
3787,39,Female,126262,15,15,24,13,4,9,183,1,Tablet,Safari,Summer,0,1,0,0
3788,47,Female,143196,6,57,24,25,5,8,210,0,Desktop,Edge,Spring,1,5,1,355
3789,21,Male,119806,2,108,21,15,2,7,154,0,Desktop,Edge,Spring,0,2,0,0
3790,30,Male,118724,1,64,25,14,0,4,159,0,Mobile,Safari,Fall,0,2,1,253
3791,40,Male,33580,3,33,4,15,12,1,182,1,Tablet,Edge,Fall,1,5,0,0
3792,25,Female,134144,18,24,40,12,7,4,184,0,Mobile,Chrome,Fall,1,4,0,0
3793,35,Female,124134,14,9,43,11,6,9,56,0,Tablet,Firefox,Fall,1,2,1,473
3794,29,Female,115967,17,29,47,21,11,7,127,0,Mobile,Safari,Spring,0,4,1,353
3795,48,Female,40742,2,38,23,3,14,0,53,0,Tablet,Chrome,Fall,0,2,1,112
3796,31,Female,37833,19,16,24,25,13,9,200,1,Mobile,Firefox,Winter,0,3,0,0
3797,51,Male,116421,9,32,21,14,7,3,34,0,Mobile,Safari,Spring,0,1,0,0
3798,35,Male,91347,8,102,2,2,8,0,46,0,Desktop,Chrome,Fall,0,3,0,0
3799,51,Male,94155,10,10,23,18,1,4,208,1,Mobile,Firefox,Winter,0,2,0,0
3800,28,Female,109791,9,23,15,3,4,1,340,1,Tablet,Edge,Winter,0,4,0,0
3801,58,Female,110508,8,16,26,9,1,1,330,1,Mobile,Firefox,Fall,0,4,0,0
3802,29,Female,33527,7,29,26,11,12,6,50,0,Mobile,Firefox,Fall,0,5,1,321
3803,32,Female,78139,6,17,28,26,7,3,197,0,Desktop,Safari,Winter,0,5,0,0
3804,48,Female,134527,2,85,26,3,3,1,11,0,Tablet,Firefox,Winter,1,5,0,0
3805,46,Female,118410,9,80,45,5,10,2,231,0,Desktop,Safari,Spring,0,1,1,107
3806,43,Female,89585,9,7,2,9,3,2,86,1,Mobile,Edge,Spring,0,5,0,0
3807,35,Male,61057,19,28,35,10,9,1,331,1,Tablet,Safari,Winter,1,4,1,411
3808,49,Male,87439,9,12,32,6,7,6,146,1,Mobile,Firefox,Fall,0,3,0,0
3809,39,Female,142337,2,116,30,6,6,0,159,0,Mobile,Safari,Fall,0,2,0,0
3810,55,Female,138258,19,104,46,11,0,8,318,1,Tablet,Edge,Summer,0,5,0,0
3811,34,Female,64261,16,94,20,17,6,4,23,0,Desktop,Safari,Winter,1,1,1,58
3812,40,Male,90912,14,49,13,27,13,3,360,0,Desktop,Chrome,Fall,1,3,0,0
3813,41,Male,20042,1,76,27,2,9,2,181,1,Desktop,Firefox,Spring,0,4,1,294
3814,25,Female,42769,13,100,23,9,2,2,62,0,Mobile,Chrome,Winter,0,1,0,0
3815,58,Male,87113,2,100,16,24,4,2,74,0,Tablet,Chrome,Spring,0,2,1,80
3816,23,Male,97918,14,5,31,18,7,0,17,1,Tablet,Firefox,Fall,0,5,0,0
3817,22,Male,42449,1,7,12,5,5,1,297,1,Desktop,Safari,Spring,1,2,1,305
3818,61,Female,58653,15,69,33,21,7,6,255,1,Desktop,Edge,Fall,0,2,1,215
3819,46,Male,48859,18,19,38,6,4,2,264,0,Mobile,Chrome,Summer,0,4,0,0
3820,45,Male,28576,9,54,45,4,9,5,305,0,Tablet,Edge,Spring,0,3,1,285
3821,28,Female,65874,8,24,32,9,8,3,185,1,Desktop,Safari,Fall,0,5,1,383
3822,18,Female,97199,7,7,2,5,12,9,181,0,Mobile,Safari,Winter,0,4,0,0
3823,60,Male,56345,9,65,49,4,14,4,218,0,Mobile,Chrome,Spring,0,3,1,298
3824,36,Female,137926,9,19,23,9,12,7,106,0,Desktop,Edge,Fall,0,3,0,0
3825,26,Male,134446,11,63,32,18,13,1,55,1,Tablet,Safari,Winter,1,1,1,135
3826,44,Male,90780,4,58,15,27,10,9,137,0,Desktop,Firefox,Summer,0,4,1,20
3827,51,Female,144576,7,64,40,11,5,4,288,1,Mobile,Chrome,Summer,0,4,0,0
3828,61,Female,120438,7,41,41,16,10,1,343,1,Mobile,Safari,Fall,0,3,0,0
3829,21,Male,89428,4,25,40,2,14,8,352,1,Mobile,Chrome,Spring,0,5,0,0
3830,53,Female,112648,12,110,8,29,8,1,57,0,Desktop,Chrome,Summer,0,1,0,0
3831,35,Female,24321,17,107,43,16,12,0,100,0,Tablet,Firefox,Spring,0,5,0,0
3832,32,Male,25776,3,27,49,19,3,3,5,1,Desktop,Safari,Summer,1,2,0,0
3833,30,Male,128888,9,108,22,10,1,6,112,1,Desktop,Firefox,Spring,0,3,1,279
3834,36,Male,36119,5,103,38,4,13,1,95,0,Desktop,Chrome,Spring,0,2,0,0
3835,23,Male,50569,16,22,34,12,7,9,319,0,Desktop,Safari,Winter,0,5,1,450
3836,29,Male,147493,8,21,1,26,4,8,223,0,Mobile,Edge,Spring,0,1,0,0
3837,54,Male,58596,16,35,10,9,1,0,186,0,Tablet,Chrome,Winter,0,3,0,0
3838,34,Female,72967,19,68,40,13,5,0,137,0,Mobile,Safari,Fall,0,3,1,65
3839,40,Female,53063,16,52,16,5,12,7,225,0,Mobile,Firefox,Fall,0,1,0,0
3840,43,Male,118717,18,30,24,2,2,4,251,1,Tablet,Chrome,Spring,1,4,0,0
3841,46,Female,42340,15,26,46,3,0,8,355,0,Desktop,Safari,Spring,0,5,1,388
3842,50,Female,95723,18,49,24,8,11,7,26,0,Desktop,Firefox,Spring,0,3,0,0
3843,44,Male,75430,14,40,48,6,5,5,191,0,Desktop,Edge,Summer,0,3,0,0
3844,42,Female,132620,16,68,14,29,10,3,194,0,Tablet,Firefox,Summer,0,2,0,0
3845,27,Female,26668,5,39,26,5,7,5,290,1,Desktop,Chrome,Spring,0,2,0,0
3846,64,Male,100880,8,79,39,4,0,1,337,0,Tablet,Firefox,Summer,0,1,0,0
3847,40,Female,28195,16,95,18,20,2,4,6,1,Desktop,Safari,Spring,0,1,0,0
3848,38,Female,102097,1,102,20,16,5,9,318,0,Tablet,Chrome,Winter,0,4,0,0
3849,38,Male,143625,11,86,41,8,14,2,351,0,Mobile,Chrome,Fall,0,3,1,356
3850,60,Female,122658,11,31,36,12,9,2,220,0,Tablet,Safari,Winter,1,5,0,0
3851,30,Female,77995,2,72,24,22,12,0,213,0,Tablet,Firefox,Spring,0,4,1,413
3852,54,Female,107834,19,21,26,5,2,7,75,1,Mobile,Safari,Winter,0,5,0,0
3853,50,Male,58250,5,74,29,5,6,9,310,0,Tablet,Safari,Winter,0,5,1,186
3854,41,Male,146769,3,110,48,22,14,2,164,1,Tablet,Chrome,Fall,0,3,1,181
3855,61,Female,36076,8,15,22,13,5,0,231,0,Desktop,Chrome,Summer,0,1,1,213
3856,28,Female,35376,4,9,11,11,8,3,240,0,Tablet,Safari,Fall,0,1,0,0
3857,34,Male,121575,13,62,41,11,12,0,91,1,Tablet,Edge,Winter,0,1,0,0
3858,21,Male,75839,14,86,49,19,5,0,340,1,Desktop,Edge,Spring,0,5,1,407
3859,64,Female,84723,1,61,11,7,6,0,113,0,Mobile,Edge,Summer,0,4,0,0
3860,42,Male,63442,5,93,3,17,1,1,340,0,Mobile,Edge,Spring,0,1,0,0
3861,47,Female,25392,7,78,21,5,9,0,130,1,Tablet,Firefox,Spring,1,3,1,370
3862,26,Female,134977,6,109,11,6,3,5,101,1,Mobile,Chrome,Spring,0,2,1,477
3863,38,Male,143682,15,84,8,29,4,6,27,1,Desktop,Edge,Winter,1,2,0,0
3864,37,Male,47106,15,78,31,18,1,0,18,0,Tablet,Safari,Fall,0,4,0,0
3865,36,Female,99845,8,78,10,18,10,9,205,1,Tablet,Chrome,Winter,0,2,1,233
3866,36,Female,44809,2,104,6,9,9,0,210,1,Tablet,Firefox,Summer,0,2,0,0
3867,29,Male,135095,14,89,17,18,9,9,11,1,Mobile,Chrome,Fall,0,2,1,444
3868,54,Female,20693,16,18,38,19,9,8,4,0,Mobile,Edge,Spring,0,2,0,0
3869,59,Male,119473,10,76,7,17,6,8,103,0,Mobile,Firefox,Winter,1,2,0,0
3870,34,Male,114769,15,5,32,9,3,0,205,1,Mobile,Firefox,Fall,0,1,0,0
3871,54,Male,79821,4,20,13,1,13,7,83,1,Mobile,Safari,Fall,0,5,1,352
3872,56,Male,94159,12,30,6,20,8,2,43,0,Desktop,Safari,Fall,1,3,0,0
3873,45,Male,126086,10,53,3,23,13,6,252,0,Desktop,Firefox,Spring,1,3,0,0
3874,58,Female,132160,2,46,27,18,7,0,39,0,Mobile,Chrome,Winter,0,3,0,0
3875,52,Male,145424,4,74,45,24,9,6,315,0,Desktop,Safari,Spring,0,2,1,84
3876,64,Male,94710,6,107,42,13,8,0,153,0,Mobile,Edge,Spring,1,4,0,0
3877,35,Male,31352,14,118,26,8,7,2,335,0,Tablet,Firefox,Spring,0,5,0,0
3878,31,Male,72196,3,70,4,28,4,6,243,1,Desktop,Chrome,Winter,0,3,0,0
3879,52,Male,91066,15,57,37,14,8,0,84,1,Tablet,Chrome,Winter,1,3,0,0
3880,61,Male,24992,1,13,21,3,4,8,337,1,Mobile,Safari,Winter,0,1,0,0
3881,58,Male,73076,19,73,28,4,7,4,55,1,Desktop,Chrome,Winter,0,3,1,141
3882,24,Female,43354,1,44,18,11,3,1,321,0,Desktop,Safari,Summer,0,5,0,0
3883,58,Female,23312,13,60,32,7,12,3,93,0,Tablet,Chrome,Spring,0,4,0,0
3884,30,Female,65833,8,9,39,21,4,7,108,0,Mobile,Chrome,Winter,0,1,0,0
3885,35,Female,24318,18,60,33,5,10,3,339,0,Desktop,Firefox,Winter,0,5,0,0
3886,54,Male,132363,3,115,26,2,3,9,350,0,Mobile,Chrome,Spring,0,3,1,437
3887,30,Female,119992,18,76,17,6,1,4,220,1,Desktop,Chrome,Fall,1,1,0,0
3888,53,Male,86003,9,9,29,20,3,1,37,0,Desktop,Chrome,Spring,0,4,0,0
3889,48,Female,47192,6,73,20,5,10,4,234,0,Desktop,Edge,Spring,1,5,0,0
3890,19,Female,127841,2,56,30,15,14,6,122,0,Desktop,Safari,Fall,1,4,1,435
3891,33,Male,120726,4,85,5,11,4,8,75,0,Mobile,Edge,Winter,0,4,0,0
3892,26,Male,109199,18,77,6,5,5,7,208,1,Mobile,Firefox,Summer,0,2,0,0
3893,26,Female,116782,7,102,42,18,3,9,338,0,Mobile,Firefox,Fall,0,5,1,223
3894,55,Female,139195,11,37,10,8,10,5,310,0,Tablet,Edge,Summer,1,3,0,0
3895,28,Female,132908,5,26,6,11,13,8,73,0,Mobile,Chrome,Fall,0,1,0,0
3896,39,Female,57489,8,89,10,17,9,6,91,0,Desktop,Firefox,Summer,0,5,1,343
3897,50,Male,140059,11,111,42,14,12,2,308,0,Desktop,Chrome,Summer,0,5,1,275
3898,53,Female,127507,15,19,21,2,11,0,294,0,Tablet,Safari,Fall,0,1,1,91
3899,62,Female,60309,3,69,44,7,3,4,300,1,Desktop,Chrome,Spring,0,5,1,345
3900,40,Female,128173,7,75,4,23,5,8,343,0,Tablet,Edge,Summer,0,5,1,483
3901,62,Female,48273,8,27,13,18,14,7,235,1,Mobile,Chrome,Summer,1,1,0,0
3902,62,Female,67553,11,119,10,1,6,5,318,1,Tablet,Chrome,Summer,0,5,0,0
3903,51,Male,49473,10,115,16,15,12,7,214,0,Desktop,Chrome,Summer,0,1,0,0
3904,26,Male,81410,9,10,19,29,6,7,68,0,Tablet,Safari,Fall,1,1,0,0
3905,41,Male,144772,15,88,6,26,3,2,224,0,Desktop,Firefox,Spring,1,3,1,172
3906,25,Male,148536,5,62,26,1,4,5,216,0,Mobile,Chrome,Fall,1,5,1,106
3907,24,Male,33679,15,30,9,17,14,6,166,0,Tablet,Firefox,Fall,0,3,0,0
3908,53,Female,112981,4,110,46,22,2,1,61,0,Mobile,Chrome,Fall,0,3,0,0
3909,35,Male,65310,5,16,10,26,4,6,284,0,Desktop,Firefox,Spring,0,3,0,0
3910,20,Male,103406,15,81,40,28,9,9,70,0,Desktop,Safari,Winter,0,2,0,0
3911,45,Female,80683,17,115,3,7,4,5,353,1,Desktop,Firefox,Spring,0,4,0,0
3912,23,Male,132765,8,119,49,16,13,1,31,0,Desktop,Firefox,Summer,1,5,0,0
3913,61,Male,45992,19,117,19,2,3,1,185,1,Desktop,Safari,Fall,1,3,1,390
3914,61,Male,49433,9,81,35,15,5,5,127,1,Desktop,Firefox,Fall,0,2,0,0
3915,38,Male,96574,10,6,46,22,4,2,138,1,Mobile,Chrome,Fall,0,2,0,0
3916,45,Female,45933,5,36,6,20,7,5,140,1,Mobile,Edge,Fall,0,5,1,251
3917,57,Female,65020,10,54,29,29,12,8,263,0,Mobile,Chrome,Winter,0,5,1,335
3918,18,Male,49236,1,99,19,25,12,9,88,0,Mobile,Safari,Winter,1,4,1,40
3919,53,Female,78735,4,65,44,11,1,0,156,0,Tablet,Safari,Fall,0,4,0,0
3920,38,Male,29770,5,15,15,24,5,2,331,0,Desktop,Safari,Spring,0,2,0,0
3921,60,Female,89285,7,105,38,24,1,1,276,0,Tablet,Chrome,Winter,0,1,0,0
3922,52,Female,130121,5,72,21,2,11,2,120,0,Tablet,Edge,Spring,1,3,1,404
3923,30,Female,142747,8,38,44,11,5,1,321,1,Desktop,Firefox,Winter,0,5,0,0
3924,27,Female,55271,17,84,39,21,3,2,164,0,Mobile,Edge,Summer,1,5,0,0
3925,61,Female,93391,1,99,23,16,12,3,326,0,Tablet,Safari,Summer,0,4,1,281
3926,64,Female,131682,18,93,20,2,0,6,138,0,Desktop,Edge,Summer,0,3,0,0
3927,27,Female,129633,12,107,42,19,5,1,231,0,Desktop,Edge,Winter,0,5,0,0
3928,63,Female,43439,3,12,2,16,2,1,300,1,Tablet,Chrome,Spring,0,4,0,0
3929,30,Female,115826,14,12,45,8,12,1,202,1,Tablet,Edge,Winter,1,1,1,304
3930,54,Female,31101,16,102,32,21,14,5,90,0,Mobile,Firefox,Summer,1,3,0,0
3931,55,Female,112776,18,19,47,20,6,7,233,0,Desktop,Chrome,Winter,0,3,1,91
3932,41,Male,102319,10,9,28,5,2,3,74,0,Desktop,Firefox,Summer,0,4,0,0
3933,19,Female,139070,15,23,4,8,9,9,289,0,Mobile,Edge,Summer,0,4,0,0
3934,39,Male,64917,10,78,7,26,3,2,165,0,Tablet,Safari,Spring,0,2,0,0
3935,34,Female,112345,1,13,3,14,8,8,141,1,Desktop,Safari,Fall,0,5,0,0
3936,53,Male,132923,19,61,25,14,6,0,358,0,Mobile,Chrome,Summer,0,1,0,0
3937,31,Male,103459,2,58,48,23,3,9,350,0,Desktop,Firefox,Spring,0,4,0,0
3938,27,Male,133289,13,33,9,22,1,1,88,1,Desktop,Edge,Fall,1,2,1,424
3939,52,Female,100562,16,108,23,18,4,6,354,0,Tablet,Chrome,Winter,1,5,0,0
3940,42,Female,61196,8,105,23,26,7,2,293,1,Desktop,Firefox,Fall,0,3,1,108
3941,20,Female,43569,3,23,49,5,1,8,19,1,Tablet,Chrome,Fall,1,3,1,342
3942,64,Female,139598,19,81,26,10,8,0,322,1,Desktop,Firefox,Spring,0,2,1,306
3943,55,Male,61887,14,50,40,15,4,8,30,0,Desktop,Safari,Spring,1,1,1,77
3944,34,Female,40893,11,108,18,13,5,5,214,0,Desktop,Chrome,Summer,0,5,1,264
3945,29,Female,107971,12,84,24,9,6,0,252,0,Mobile,Edge,Fall,0,2,1,435
3946,41,Female,75304,11,66,27,25,12,8,168,0,Tablet,Firefox,Summer,1,3,1,211
3947,46,Female,143299,11,98,45,9,8,8,143,0,Mobile,Edge,Spring,0,4,1,413
3948,60,Female,122428,18,64,2,19,6,9,198,0,Desktop,Chrome,Summer,1,3,0,0
3949,42,Female,52399,10,9,1,25,3,4,356,1,Tablet,Chrome,Fall,1,1,1,167
3950,53,Female,137083,16,37,48,9,4,6,364,0,Mobile,Firefox,Winter,0,3,1,483
3951,43,Female,45236,8,87,16,5,11,2,336,1,Mobile,Firefox,Winter,0,1,1,102
3952,55,Male,112735,6,59,43,29,2,7,85,0,Tablet,Chrome,Summer,0,3,1,259
3953,18,Male,105870,19,23,24,6,0,2,354,1,Tablet,Chrome,Spring,0,3,0,0
3954,37,Female,134679,13,21,36,23,2,9,104,1,Mobile,Firefox,Winter,0,1,0,0
3955,45,Female,118753,15,92,11,10,12,6,118,0,Tablet,Safari,Fall,0,1,0,0
3956,33,Female,69531,13,96,26,26,0,3,38,1,Desktop,Edge,Spring,0,1,0,0
3957,64,Female,100570,1,46,6,10,4,4,136,1,Mobile,Edge,Winter,1,3,0,0
3958,34,Male,116621,2,105,26,6,6,6,76,1,Tablet,Chrome,Fall,1,1,0,0
3959,57,Male,29442,13,26,29,21,8,1,295,1,Tablet,Chrome,Winter,0,5,1,345
3960,45,Female,76437,2,43,43,29,3,3,316,0,Tablet,Firefox,Summer,1,4,1,402
3961,29,Male,145339,11,84,1,1,9,6,109,0,Desktop,Edge,Fall,0,2,0,0
3962,44,Male,80342,13,103,9,20,13,2,56,1,Mobile,Edge,Summer,0,3,1,329
3963,59,Female,98179,10,31,27,13,9,3,18,1,Desktop,Chrome,Fall,1,1,1,18
3964,64,Female,55069,15,80,7,8,0,9,104,1,Tablet,Safari,Spring,0,1,1,443
3965,47,Female,93246,1,50,3,24,6,7,149,0,Mobile,Chrome,Summer,1,5,0,0
3966,58,Male,58560,14,32,9,28,2,2,219,1,Tablet,Chrome,Summer,1,3,0,0
3967,51,Male,78070,10,56,2,13,0,8,6,0,Mobile,Chrome,Fall,0,2,0,0
3968,54,Female,62427,18,69,10,6,3,4,159,0,Tablet,Edge,Summer,1,3,0,0
3969,23,Female,145608,11,43,17,29,13,1,98,0,Desktop,Safari,Fall,0,4,0,0
3970,24,Male,80496,7,22,31,19,10,7,327,1,Desktop,Safari,Winter,1,3,1,305
3971,49,Male,84557,15,91,1,12,8,9,251,0,Mobile,Edge,Fall,0,2,1,464
3972,49,Female,92752,3,26,18,15,14,7,61,0,Desktop,Safari,Spring,1,4,0,0
3973,42,Male,97248,2,72,6,8,5,0,68,1,Mobile,Edge,Spring,1,4,1,497
3974,50,Female,90441,8,116,38,23,5,8,253,0,Tablet,Firefox,Fall,0,2,1,353
3975,24,Female,68534,8,15,41,11,6,1,317,0,Desktop,Firefox,Fall,0,5,0,0
3976,29,Male,124303,11,86,42,9,0,3,112,0,Tablet,Edge,Spring,0,1,0,0
3977,33,Male,47930,16,68,47,19,4,5,17,0,Desktop,Edge,Summer,0,5,1,99
3978,33,Male,116728,2,116,4,11,3,8,157,0,Tablet,Edge,Spring,1,4,0,0
3979,60,Female,143295,5,75,40,6,3,0,67,1,Desktop,Edge,Spring,0,2,0,0
3980,53,Female,109042,7,89,4,15,6,8,315,1,Desktop,Edge,Winter,1,5,0,0
3981,30,Female,135287,13,61,35,17,1,7,3,0,Tablet,Edge,Fall,1,5,0,0
3982,24,Female,27288,2,39,4,12,4,6,103,0,Desktop,Safari,Spring,0,1,1,463
3983,53,Female,129570,3,41,1,24,6,1,155,0,Mobile,Firefox,Summer,0,5,1,178
3984,64,Female,115547,9,54,41,2,2,6,1,0,Tablet,Firefox,Winter,0,3,1,82
3985,26,Male,149483,10,34,43,21,13,1,335,0,Mobile,Chrome,Winter,0,2,0,0
3986,49,Female,101122,13,21,31,22,1,8,334,0,Mobile,Firefox,Winter,0,5,0,0
3987,28,Female,81518,13,37,19,4,11,3,4,1,Tablet,Firefox,Fall,0,1,1,120
3988,25,Female,52400,5,20,21,25,0,1,203,0,Mobile,Chrome,Spring,0,4,1,31
3989,50,Female,142609,7,19,30,3,4,4,33,1,Mobile,Chrome,Fall,1,3,1,467
3990,40,Male,21567,17,17,7,2,11,8,11,0,Mobile,Edge,Winter,0,3,0,0
3991,42,Female,67878,15,107,5,19,11,3,204,0,Mobile,Edge,Winter,0,1,0,0
3992,25,Male,68850,5,7,2,5,4,4,207,1,Mobile,Firefox,Winter,0,4,0,0
3993,62,Male,21094,7,28,3,17,3,7,185,0,Tablet,Chrome,Spring,1,5,0,0
3994,39,Female,31135,2,27,15,16,7,2,154,1,Tablet,Edge,Winter,1,3,0,0
3995,21,Female,99044,18,63,39,16,1,5,344,0,Mobile,Safari,Spring,1,2,0,0
3996,57,Male,65113,10,113,37,26,14,0,182,1,Mobile,Edge,Fall,0,3,1,98
3997,20,Male,78791,1,116,10,12,12,2,155,0,Mobile,Edge,Summer,0,3,1,232
3998,46,Female,29684,14,59,9,4,11,7,228,1,Mobile,Chrome,Fall,0,3,0,0
3999,58,Male,112783,19,69,23,17,3,9,102,0,Tablet,Firefox,Fall,0,3,0,0
4000,46,Female,91727,16,36,14,25,4,9,182,0,Tablet,Firefox,Spring,1,4,1,323
4001,51,Female,103378,19,101,45,19,8,5,258,1,Mobile,Safari,Fall,1,1,1,169
4002,51,Male,78552,6,64,33,2,2,9,265,1,Mobile,Firefox,Summer,0,3,0,0
4003,45,Female,28046,12,116,16,5,12,3,72,1,Tablet,Chrome,Summer,0,5,0,0
4004,30,Female,24934,3,34,20,1,0,7,360,0,Mobile,Safari,Summer,0,1,1,200
4005,32,Female,79556,7,70,8,26,13,2,320,1,Mobile,Firefox,Fall,0,3,0,0
4006,40,Male,66806,3,22,49,14,3,1,241,0,Mobile,Chrome,Winter,0,3,0,0
4007,61,Male,21354,17,63,38,23,9,9,115,0,Desktop,Chrome,Spring,0,2,1,80
4008,43,Male,124777,15,57,34,9,5,7,65,0,Mobile,Edge,Spring,0,4,1,188
4009,21,Female,115352,19,68,31,17,6,3,277,0,Mobile,Firefox,Winter,1,1,0,0
4010,43,Male,143092,19,34,45,12,3,8,143,1,Tablet,Edge,Spring,0,3,1,284
4011,57,Male,73046,11,22,8,24,3,2,217,1,Mobile,Firefox,Fall,0,1,1,255
4012,26,Male,131098,2,9,25,24,5,8,167,0,Mobile,Firefox,Winter,0,4,1,26
4013,22,Female,85064,7,73,41,23,0,9,16,0,Mobile,Edge,Winter,0,1,1,438
4014,49,Female,77184,19,12,13,26,4,5,35,0,Desktop,Edge,Fall,0,2,0,0
4015,37,Male,22963,7,13,18,20,10,4,279,0,Tablet,Edge,Fall,0,1,0,0
4016,28,Male,47424,10,36,41,12,2,1,140,0,Mobile,Firefox,Spring,0,1,0,0
4017,32,Male,100039,12,18,34,15,7,5,240,1,Mobile,Chrome,Fall,0,2,1,465
4018,49,Female,23042,18,17,36,16,4,3,308,1,Tablet,Firefox,Summer,0,4,0,0
4019,45,Male,115777,6,22,17,23,6,4,275,0,Desktop,Edge,Summer,1,5,0,0
4020,39,Female,125277,8,72,12,18,7,5,354,1,Desktop,Chrome,Fall,0,4,0,0
4021,58,Female,27139,5,118,16,22,7,6,115,1,Desktop,Chrome,Summer,1,3,1,108
4022,34,Female,31226,3,26,13,14,12,3,87,0,Desktop,Chrome,Winter,0,3,1,83
4023,43,Male,125234,2,24,11,12,1,7,139,0,Mobile,Edge,Summer,0,2,0,0
4024,61,Male,100298,6,19,14,11,12,4,43,0,Mobile,Firefox,Winter,0,1,1,467
4025,24,Female,103652,7,11,42,15,14,6,354,0,Mobile,Chrome,Winter,0,2,0,0
4026,59,Female,142558,8,81,28,21,1,5,69,0,Desktop,Safari,Summer,0,1,0,0
4027,43,Female,58108,4,102,24,21,12,4,165,1,Mobile,Firefox,Fall,0,3,1,11
4028,42,Female,90647,12,109,17,27,14,6,153,1,Tablet,Safari,Summer,1,3,1,62
4029,27,Male,88617,12,34,9,8,14,3,152,1,Tablet,Firefox,Winter,0,1,1,335
4030,62,Male,49815,17,9,46,17,9,6,106,1,Tablet,Firefox,Fall,0,5,0,0
4031,36,Female,27802,19,5,30,8,4,2,290,1,Desktop,Safari,Winter,0,5,0,0
4032,28,Female,62230,9,64,37,4,12,7,338,0,Mobile,Firefox,Summer,0,3,1,234
4033,30,Female,142215,12,35,3,29,2,9,359,0,Mobile,Edge,Spring,1,4,1,86
4034,25,Male,83372,17,119,8,10,11,3,79,0,Desktop,Firefox,Fall,1,2,0,0
4035,57,Female,133884,10,24,18,6,11,3,111,0,Tablet,Chrome,Winter,0,2,0,0
4036,21,Male,74020,19,87,30,6,9,0,268,1,Desktop,Edge,Fall,0,4,1,452
4037,64,Female,103449,11,68,3,17,0,7,148,0,Tablet,Firefox,Winter,0,2,0,0
4038,48,Male,37465,13,68,34,8,7,4,335,0,Desktop,Safari,Summer,0,1,1,383
4039,45,Male,27994,4,33,43,13,5,8,336,1,Desktop,Safari,Summer,1,1,0,0
4040,28,Female,23531,15,113,28,15,2,2,317,1,Mobile,Firefox,Summer,1,5,1,193
4041,60,Male,29343,12,106,37,4,7,4,71,0,Tablet,Chrome,Winter,1,1,1,220
4042,18,Male,79066,10,14,25,29,12,3,241,0,Mobile,Safari,Summer,0,4,0,0
4043,64,Male,119020,7,33,30,28,10,6,228,0,Desktop,Edge,Spring,0,2,0,0
4044,55,Male,26229,2,35,7,25,0,9,150,0,Tablet,Edge,Spring,1,1,0,0
4045,41,Female,114311,7,79,46,15,2,4,73,1,Mobile,Firefox,Summer,0,2,0,0
4046,64,Female,112302,8,91,29,23,8,1,17,1,Desktop,Firefox,Winter,0,1,0,0
4047,48,Female,102124,19,34,2,14,5,5,97,0,Tablet,Safari,Summer,0,5,0,0
4048,58,Female,108704,6,29,26,11,0,3,258,0,Mobile,Chrome,Summer,0,5,0,0
4049,63,Female,64789,8,84,41,20,8,5,263,0,Desktop,Edge,Winter,1,1,0,0
4050,43,Male,64069,4,62,42,28,6,0,223,1,Desktop,Chrome,Spring,0,2,0,0
4051,22,Male,122398,9,61,49,17,0,0,14,0,Desktop,Safari,Spring,1,3,0,0
4052,37,Male,107402,5,91,7,25,0,3,260,1,Mobile,Safari,Winter,0,2,0,0
4053,58,Male,140428,6,67,18,10,4,6,173,0,Mobile,Safari,Summer,0,5,0,0
4054,28,Female,29524,19,101,6,6,10,6,191,0,Mobile,Safari,Summer,0,5,0,0
4055,50,Female,141907,12,119,41,6,3,0,266,0,Desktop,Edge,Winter,1,5,1,461
4056,55,Male,144928,5,41,40,1,11,4,45,1,Desktop,Chrome,Spring,0,2,1,168
4057,44,Female,108074,5,62,27,5,7,5,216,0,Mobile,Safari,Winter,0,3,0,0
4058,51,Male,128345,18,32,41,4,12,4,300,1,Tablet,Edge,Fall,0,5,0,0
4059,32,Male,106762,6,31,24,11,1,6,183,0,Mobile,Chrome,Winter,0,3,0,0
4060,49,Female,83103,9,74,33,17,5,5,146,0,Tablet,Chrome,Spring,1,1,0,0
4061,38,Female,28103,11,106,31,7,14,4,11,0,Desktop,Chrome,Winter,1,2,1,320
4062,63,Female,78581,14,41,34,20,7,4,242,1,Desktop,Edge,Fall,1,5,1,159
4063,22,Female,103938,2,10,22,3,0,8,182,1,Tablet,Firefox,Summer,0,1,0,0
4064,23,Female,74203,14,93,24,2,2,2,129,0,Mobile,Firefox,Summer,0,4,1,338
4065,55,Female,35090,19,81,36,8,0,8,53,0,Desktop,Firefox,Fall,0,3,0,0
4066,39,Female,35915,10,66,28,5,6,1,352,1,Tablet,Safari,Fall,0,5,1,220
4067,35,Male,61477,5,101,20,26,0,9,208,0,Desktop,Firefox,Winter,0,3,1,231
4068,31,Female,76987,4,37,18,25,11,6,206,0,Mobile,Firefox,Winter,1,1,1,205
4069,27,Male,119742,7,93,42,5,8,5,33,0,Mobile,Edge,Spring,0,5,1,351
4070,63,Male,73238,13,82,32,10,7,7,83,1,Tablet,Safari,Winter,1,2,1,236
4071,30,Female,107047,10,44,33,12,14,8,25,1,Tablet,Edge,Fall,0,1,1,252
4072,48,Male,136740,10,45,10,17,10,5,74,0,Mobile,Edge,Summer,0,4,0,0
4073,47,Female,142217,4,46,9,14,2,1,132,0,Tablet,Firefox,Spring,1,5,0,0
4074,20,Male,35029,16,106,25,26,11,9,152,0,Mobile,Chrome,Fall,0,5,0,0
4075,47,Male,116367,15,13,13,5,12,3,190,0,Desktop,Chrome,Winter,0,1,0,0
4076,23,Male,109067,11,22,47,5,11,2,340,0,Tablet,Safari,Fall,1,3,1,108
4077,46,Female,73520,19,19,45,24,3,2,218,0,Desktop,Edge,Summer,1,4,0,0
4078,25,Male,90053,3,8,5,6,14,4,318,1,Mobile,Safari,Winter,0,4,0,0
4079,61,Male,71464,15,38,31,15,8,9,225,1,Tablet,Chrome,Winter,1,5,1,431
4080,62,Male,41961,16,66,31,27,9,0,318,0,Desktop,Edge,Spring,0,2,0,0
4081,60,Female,46835,14,42,34,5,5,8,76,1,Tablet,Edge,Winter,0,5,0,0
4082,61,Male,47725,5,85,26,29,4,3,166,1,Desktop,Safari,Spring,0,2,1,140
4083,50,Female,45357,17,75,7,8,12,6,145,0,Mobile,Edge,Fall,0,2,0,0
4084,34,Male,129209,18,100,41,1,14,6,10,0,Desktop,Edge,Spring,0,5,1,354
4085,28,Male,21244,19,27,46,21,4,6,171,0,Mobile,Safari,Fall,0,1,1,342
4086,30,Male,87952,1,24,49,3,0,4,289,1,Tablet,Safari,Winter,0,2,0,0
4087,28,Female,68061,9,115,20,21,11,3,37,0,Tablet,Edge,Spring,0,1,1,126
4088,48,Male,26490,14,60,43,19,13,3,120,1,Tablet,Edge,Fall,0,1,1,140
4089,45,Male,140856,11,57,22,15,14,4,174,1,Tablet,Safari,Spring,0,1,1,134
4090,61,Male,143855,2,6,5,4,14,5,38,0,Mobile,Chrome,Spring,1,4,0,0
4091,23,Male,97219,5,25,12,27,0,9,21,1,Tablet,Edge,Fall,0,5,1,329
4092,58,Female,146305,15,80,21,25,2,6,161,1,Mobile,Safari,Spring,0,3,0,0
4093,33,Male,25839,12,46,9,2,1,4,218,0,Desktop,Firefox,Fall,0,1,0,0
4094,21,Male,44992,14,61,29,26,9,8,244,1,Desktop,Safari,Winter,1,4,0,0
4095,52,Male,133154,11,53,27,28,13,8,43,0,Tablet,Safari,Fall,0,2,0,0
4096,43,Male,143094,9,95,17,17,0,0,118,1,Mobile,Chrome,Spring,0,5,0,0
4097,29,Female,64938,8,118,40,12,11,4,94,0,Desktop,Firefox,Winter,1,3,1,296
4098,28,Male,144015,12,116,24,20,4,1,324,1,Mobile,Edge,Summer,1,1,1,148
4099,54,Male,76249,3,14,27,8,13,3,198,0,Desktop,Safari,Fall,0,4,1,232
4100,42,Female,64735,15,76,8,29,13,6,251,0,Tablet,Safari,Winter,1,5,0,0
4101,35,Male,123313,8,65,44,5,10,9,192,0,Desktop,Chrome,Spring,1,3,0,0
4102,36,Male,70734,7,25,29,25,2,5,320,0,Tablet,Safari,Fall,0,5,0,0
4103,40,Male,67080,17,64,19,10,14,6,125,1,Tablet,Safari,Spring,1,3,1,147
4104,55,Female,147403,12,90,10,19,14,2,37,0,Desktop,Edge,Summer,0,3,1,459
4105,35,Male,94460,18,17,24,29,13,4,79,1,Tablet,Safari,Summer,1,5,1,455
4106,43,Female,145626,18,52,34,9,6,5,104,1,Mobile,Chrome,Winter,0,5,1,496
4107,23,Female,101457,15,44,40,16,7,5,151,1,Mobile,Safari,Summer,0,3,1,318
4108,21,Female,44260,3,67,31,1,9,5,234,1,Mobile,Firefox,Spring,1,2,1,375
4109,61,Female,79607,19,80,46,15,5,8,73,0,Desktop,Safari,Winter,0,1,0,0
4110,46,Female,81852,15,85,4,2,11,5,34,0,Desktop,Chrome,Fall,1,1,0,0
4111,51,Female,48380,16,116,41,25,4,1,363,0,Desktop,Firefox,Spring,1,4,0,0
4112,34,Female,104347,17,13,45,14,14,8,162,0,Mobile,Chrome,Spring,0,5,0,0
4113,60,Male,91257,1,61,31,25,9,3,208,0,Mobile,Safari,Spring,0,3,0,0
4114,60,Male,61191,11,55,9,26,11,6,260,1,Desktop,Safari,Fall,1,3,0,0
4115,33,Female,24930,6,117,26,21,4,5,337,0,Tablet,Chrome,Fall,1,3,1,495
4116,19,Female,24353,9,44,13,16,0,8,204,0,Tablet,Edge,Spring,0,1,1,141
4117,51,Female,27832,16,80,48,10,11,9,197,1,Desktop,Safari,Summer,0,4,1,159
4118,25,Female,140063,6,77,26,12,5,2,230,1,Tablet,Firefox,Winter,1,4,1,261
4119,30,Female,69554,12,68,1,13,5,7,100,1,Tablet,Chrome,Spring,0,3,1,213
4120,59,Female,108487,19,98,40,20,2,4,94,1,Desktop,Safari,Spring,0,3,0,0
4121,25,Male,74017,13,74,9,9,14,5,63,0,Desktop,Firefox,Winter,0,3,0,0
4122,47,Male,77298,13,68,31,28,3,2,334,0,Desktop,Safari,Spring,1,3,1,213
4123,49,Female,134752,4,29,24,26,3,2,194,0,Desktop,Safari,Winter,0,4,1,300
4124,53,Female,71389,9,32,45,2,5,6,284,0,Tablet,Edge,Winter,0,5,1,296
4125,64,Female,93306,14,14,49,19,13,5,277,0,Desktop,Edge,Summer,1,4,0,0
4126,47,Male,45525,14,109,22,15,7,1,207,1,Desktop,Chrome,Winter,0,3,0,0
4127,18,Female,102092,17,32,9,15,11,9,364,0,Desktop,Firefox,Winter,0,2,1,110
4128,60,Male,100630,5,97,39,24,12,7,87,0,Mobile,Firefox,Fall,0,5,0,0
4129,56,Male,93471,19,40,23,1,12,4,138,1,Mobile,Firefox,Winter,1,2,0,0
4130,34,Male,88211,2,15,20,18,8,6,26,0,Tablet,Safari,Spring,0,1,1,365
4131,37,Female,51280,13,25,42,21,8,2,290,0,Desktop,Safari,Winter,0,3,1,207
4132,41,Female,144130,11,106,21,7,4,9,258,1,Desktop,Chrome,Winter,0,2,1,52
4133,39,Male,31240,2,30,27,10,7,4,172,1,Desktop,Chrome,Fall,1,3,0,0
4134,46,Male,85092,1,22,5,29,14,2,239,0,Mobile,Safari,Summer,0,3,0,0
4135,39,Male,89541,3,72,17,9,12,2,43,0,Desktop,Safari,Summer,0,1,0,0
4136,61,Male,82851,12,112,34,19,7,0,308,1,Mobile,Firefox,Summer,1,5,0,0
4137,26,Female,26544,7,45,9,11,9,2,110,0,Desktop,Safari,Fall,0,3,1,342
4138,54,Male,77981,1,19,34,4,3,6,147,1,Desktop,Firefox,Summer,1,5,0,0
4139,27,Female,37332,9,27,10,26,3,8,123,1,Mobile,Chrome,Winter,1,4,0,0
4140,53,Male,46836,18,45,44,1,2,0,305,1,Desktop,Safari,Spring,1,1,0,0
4141,54,Female,34388,6,10,2,12,12,3,239,1,Mobile,Safari,Spring,0,4,1,491
4142,45,Male,133263,9,111,47,1,4,9,191,1,Tablet,Firefox,Spring,0,1,1,272
4143,45,Female,21694,8,75,25,17,7,6,116,0,Mobile,Chrome,Summer,0,2,0,0
4144,59,Female,147727,18,114,3,20,7,5,157,1,Tablet,Edge,Fall,1,2,1,342
4145,60,Female,106677,15,64,34,9,8,3,332,0,Desktop,Safari,Fall,0,3,0,0
4146,38,Male,108202,1,116,7,8,13,2,207,1,Mobile,Firefox,Summer,0,5,1,484
4147,41,Female,133057,14,83,28,4,0,5,53,1,Tablet,Safari,Fall,0,5,0,0
4148,59,Male,69294,18,56,9,8,13,3,98,0,Desktop,Edge,Winter,1,5,1,31
4149,57,Female,58769,19,13,11,23,11,4,28,1,Mobile,Edge,Fall,0,5,0,0
4150,19,Female,59420,19,119,29,22,3,1,213,0,Desktop,Chrome,Summer,0,1,0,0
4151,25,Male,133289,10,34,16,10,5,8,145,1,Tablet,Firefox,Fall,1,3,1,476
4152,44,Female,122885,6,48,39,28,4,1,245,0,Mobile,Edge,Fall,0,5,1,126
4153,39,Female,57855,17,66,29,18,3,3,248,0,Desktop,Firefox,Winter,0,3,0,0
4154,54,Male,21460,14,47,13,15,12,7,338,0,Desktop,Firefox,Winter,1,3,1,470
4155,44,Female,122191,13,32,35,19,14,6,24,0,Tablet,Chrome,Spring,0,5,0,0
4156,46,Female,67646,8,98,11,20,10,3,253,0,Mobile,Edge,Fall,0,3,1,471
4157,20,Female,61252,10,12,35,23,2,7,344,0,Mobile,Firefox,Summer,1,1,1,69
4158,61,Female,29835,9,103,47,24,1,5,332,0,Desktop,Chrome,Summer,1,3,1,329
4159,30,Male,133947,5,55,8,11,8,7,36,0,Tablet,Safari,Winter,0,5,0,0
4160,62,Female,30910,4,103,7,24,14,3,197,1,Desktop,Safari,Spring,1,3,0,0
4161,27,Female,102757,6,94,5,4,9,4,184,0,Desktop,Edge,Winter,0,3,0,0
4162,53,Female,111149,6,34,6,9,2,3,67,0,Mobile,Firefox,Winter,0,5,0,0
4163,26,Female,116889,13,103,35,8,3,6,33,0,Desktop,Safari,Winter,1,1,1,264
4164,44,Female,124150,4,106,30,16,14,3,167,1,Mobile,Safari,Summer,0,5,1,272
4165,51,Female,28463,8,15,11,27,0,4,340,1,Mobile,Safari,Fall,0,2,0,0
4166,18,Female,33336,5,24,38,13,0,8,186,1,Mobile,Edge,Fall,0,2,0,0
4167,49,Female,46534,2,114,27,5,9,7,12,0,Desktop,Firefox,Summer,0,3,1,316
4168,42,Male,22369,9,35,21,13,8,1,245,1,Mobile,Firefox,Summer,0,4,0,0
4169,46,Male,45381,11,38,14,19,10,6,84,0,Mobile,Edge,Spring,0,2,0,0
4170,24,Male,132296,11,16,49,2,3,1,337,0,Mobile,Chrome,Summer,1,2,0,0
4171,20,Male,105094,7,52,35,12,9,9,43,0,Tablet,Edge,Spring,1,2,1,359
4172,37,Female,107905,14,32,29,9,3,2,107,0,Tablet,Edge,Fall,0,4,1,231
4173,37,Female,119186,6,71,24,1,5,0,13,0,Mobile,Safari,Fall,0,4,0,0
4174,47,Male,116490,4,67,36,23,1,1,339,1,Desktop,Chrome,Spring,1,1,1,300
4175,52,Male,45407,6,52,41,27,5,2,90,1,Desktop,Chrome,Summer,1,4,1,456
4176,52,Male,82552,3,46,45,29,12,4,116,0,Tablet,Edge,Summer,0,1,1,44
4177,56,Female,55939,6,56,32,14,6,5,106,0,Tablet,Safari,Spring,1,5,0,0
4178,44,Female,112303,3,9,6,7,0,6,173,0,Desktop,Edge,Summer,0,1,0,0
4179,43,Male,87576,1,81,10,17,7,4,345,0,Mobile,Chrome,Winter,0,1,1,184
4180,31,Male,148081,18,16,20,23,12,4,23,1,Tablet,Firefox,Spring,0,2,1,452
4181,34,Male,108652,4,63,20,14,5,7,291,1,Mobile,Safari,Summer,0,3,0,0
4182,35,Male,46170,6,69,26,17,8,0,241,0,Tablet,Safari,Spring,0,2,0,0
4183,62,Male,91908,17,56,21,2,12,8,96,0,Desktop,Safari,Spring,0,2,0,0
4184,46,Female,144506,18,47,45,9,3,2,310,1,Tablet,Edge,Summer,0,5,1,247
4185,37,Male,42369,6,87,23,15,10,5,125,0,Tablet,Firefox,Summer,0,1,0,0
4186,44,Female,93098,2,97,46,24,1,3,234,0,Tablet,Chrome,Spring,1,1,0,0
4187,35,Male,64544,12,67,12,16,8,1,177,1,Mobile,Firefox,Summer,0,2,0,0
4188,21,Male,25900,12,115,13,9,7,5,70,1,Desktop,Chrome,Summer,0,4,0,0
4189,18,Female,60733,4,54,10,28,1,9,206,1,Tablet,Firefox,Spring,0,3,0,0
4190,18,Male,107236,16,116,7,25,7,7,233,0,Mobile,Firefox,Winter,0,2,0,0
4191,43,Female,126769,10,43,37,4,10,3,120,0,Desktop,Safari,Fall,1,3,1,208
4192,62,Female,20589,10,46,12,15,7,7,293,1,Mobile,Firefox,Summer,0,2,1,348
4193,37,Male,80044,7,93,25,21,4,6,119,0,Desktop,Firefox,Fall,0,2,1,468
4194,40,Male,85311,14,84,2,10,6,0,22,0,Mobile,Chrome,Winter,1,5,0,0
4195,27,Female,77926,7,21,40,7,6,4,249,0,Desktop,Chrome,Winter,0,2,0,0
4196,28,Female,90599,12,96,26,6,3,7,212,0,Mobile,Firefox,Winter,0,4,1,318
4197,58,Male,105553,11,107,40,15,5,5,185,0,Tablet,Safari,Winter,0,4,0,0
4198,58,Female,103910,17,47,5,25,9,8,327,0,Desktop,Safari,Fall,0,1,0,0
4199,22,Male,108435,11,53,8,2,5,6,188,1,Mobile,Chrome,Summer,0,2,0,0
4200,18,Female,69008,3,9,42,24,12,1,183,0,Tablet,Edge,Fall,0,1,0,0
4201,34,Male,86794,19,5,45,15,5,0,41,1,Tablet,Chrome,Winter,0,1,1,363
4202,39,Female,99134,4,71,9,18,8,8,28,1,Desktop,Safari,Spring,0,3,0,0
4203,51,Female,22866,8,116,39,14,14,4,287,1,Mobile,Edge,Summer,0,5,1,338
4204,62,Male,72890,14,28,20,18,1,1,21,1,Tablet,Chrome,Fall,0,3,1,399
4205,58,Female,135259,14,33,11,3,14,3,74,0,Tablet,Chrome,Fall,0,4,0,0
4206,46,Female,61504,16,19,40,20,9,9,307,0,Desktop,Edge,Summer,0,3,0,0
4207,21,Female,115668,15,8,22,22,7,5,36,1,Tablet,Chrome,Fall,0,5,0,0
4208,22,Female,73374,12,48,16,14,14,8,19,1,Mobile,Safari,Fall,0,4,0,0
4209,28,Female,49404,16,69,42,6,7,7,262,0,Tablet,Edge,Fall,0,3,0,0
4210,38,Female,85223,19,117,38,14,0,5,176,1,Tablet,Safari,Winter,0,5,1,85
4211,52,Female,131008,5,83,42,2,10,3,15,0,Desktop,Firefox,Summer,0,2,1,347
4212,29,Male,20637,12,92,10,22,12,9,110,0,Tablet,Chrome,Fall,0,2,0,0
4213,43,Female,110152,5,35,25,16,13,4,109,0,Tablet,Firefox,Winter,0,1,0,0
4214,36,Female,123186,10,24,19,24,13,3,124,0,Mobile,Firefox,Winter,1,3,0,0
4215,62,Male,35828,17,14,4,16,1,3,305,1,Desktop,Firefox,Summer,0,4,0,0
4216,24,Female,73544,15,15,19,21,12,7,18,0,Desktop,Chrome,Spring,0,1,1,138
4217,64,Female,111732,8,86,3,17,13,3,84,0,Desktop,Edge,Summer,0,3,0,0
4218,24,Male,121976,8,102,17,16,3,2,193,0,Desktop,Safari,Summer,0,4,0,0
4219,43,Female,65097,8,32,14,16,4,1,188,0,Desktop,Chrome,Summer,0,2,0,0
4220,57,Female,133271,10,42,10,8,4,9,164,1,Desktop,Safari,Spring,0,1,0,0
4221,22,Male,52022,13,84,6,6,14,0,210,0,Desktop,Edge,Summer,0,4,0,0
4222,38,Male,52202,16,28,31,18,5,4,20,1,Tablet,Chrome,Summer,0,3,0,0
4223,31,Female,48704,9,43,31,23,6,3,251,0,Mobile,Safari,Fall,0,1,0,0
4224,21,Female,111411,16,55,48,14,0,9,113,1,Desktop,Firefox,Summer,0,4,0,0
4225,40,Male,149688,10,80,9,16,6,8,317,0,Tablet,Chrome,Summer,0,3,0,0
4226,59,Female,43641,3,54,12,8,5,8,357,0,Tablet,Safari,Summer,1,4,0,0
4227,37,Male,57479,14,110,44,18,4,4,315,0,Mobile,Firefox,Fall,1,1,0,0
4228,32,Male,98771,13,11,46,14,14,4,150,0,Desktop,Edge,Spring,0,3,1,183
4229,62,Male,42027,4,104,26,17,13,5,324,0,Desktop,Firefox,Summer,0,5,0,0
4230,46,Female,118463,4,85,2,22,5,3,260,0,Mobile,Firefox,Fall,1,1,0,0
4231,25,Male,62912,6,117,42,29,10,5,83,1,Tablet,Firefox,Summer,1,4,0,0
4232,58,Male,133097,19,72,4,22,7,7,314,1,Desktop,Safari,Winter,0,5,0,0
4233,36,Male,128227,11,57,32,8,12,4,58,0,Desktop,Safari,Fall,0,3,0,0
4234,56,Female,112558,8,41,28,16,11,7,54,1,Mobile,Edge,Summer,0,2,0,0
4235,63,Female,91474,14,101,6,23,5,7,28,0,Tablet,Firefox,Winter,0,4,1,10
4236,45,Female,148773,8,87,30,24,4,2,361,1,Tablet,Firefox,Summer,0,4,1,306
4237,63,Male,129658,14,58,28,10,5,5,205,1,Tablet,Firefox,Summer,0,1,0,0
4238,44,Female,62692,7,94,13,10,8,0,57,0,Desktop,Firefox,Summer,0,2,0,0
4239,21,Female,118884,18,59,46,21,11,4,64,1,Tablet,Firefox,Fall,1,1,0,0
4240,32,Male,52209,12,79,36,18,0,6,92,0,Mobile,Chrome,Fall,1,5,0,0
4241,52,Male,77563,14,35,10,21,13,4,286,1,Mobile,Edge,Fall,0,2,0,0
4242,54,Female,76738,15,69,10,18,2,2,342,0,Mobile,Safari,Winter,0,2,0,0
4243,18,Female,57242,18,108,5,9,14,1,23,1,Mobile,Safari,Spring,0,1,0,0
4244,20,Male,29941,12,104,29,21,2,1,18,0,Tablet,Chrome,Spring,0,2,1,258
4245,64,Female,27073,10,97,36,1,8,8,254,0,Mobile,Safari,Fall,0,4,1,86
4246,41,Male,127966,12,93,12,25,14,1,81,0,Desktop,Firefox,Spring,1,3,0,0
4247,44,Male,57827,8,63,22,16,2,6,182,0,Desktop,Safari,Summer,0,1,1,266
4248,57,Female,66225,6,51,46,10,5,8,351,0,Desktop,Firefox,Spring,0,5,0,0
4249,53,Female,57096,19,53,39,15,8,2,136,0,Tablet,Edge,Spring,1,1,1,319
4250,51,Female,70546,1,22,2,5,14,6,107,0,Tablet,Safari,Winter,0,1,0,0
4251,46,Female,86457,13,7,14,27,9,0,134,0,Tablet,Chrome,Spring,0,5,0,0
4252,41,Male,149257,16,22,10,17,4,5,200,0,Tablet,Safari,Fall,1,5,0,0
4253,41,Female,88309,18,62,48,9,9,1,254,0,Mobile,Firefox,Summer,0,5,0,0
4254,59,Female,89998,12,75,3,25,10,9,296,0,Mobile,Chrome,Summer,0,3,0,0
4255,21,Female,106496,5,96,8,26,8,0,179,0,Mobile,Firefox,Fall,0,5,1,110
4256,20,Male,50268,13,85,17,26,8,4,47,1,Mobile,Edge,Fall,1,5,1,269
4257,51,Female,105354,8,29,4,25,14,5,223,1,Mobile,Safari,Summer,0,2,1,132
4258,40,Female,125037,6,22,21,6,5,1,115,1,Mobile,Edge,Winter,0,1,0,0
4259,40,Male,130078,3,56,30,26,7,3,326,0,Desktop,Edge,Fall,0,5,0,0
4260,62,Male,62078,4,108,19,26,8,2,196,1,Tablet,Chrome,Summer,0,5,1,363
4261,22,Male,21865,12,47,15,2,8,0,249,0,Tablet,Firefox,Winter,0,3,1,187
4262,48,Male,116242,13,71,20,28,7,0,226,0,Mobile,Safari,Summer,1,5,1,478
4263,58,Male,48887,2,93,42,13,12,2,283,0,Desktop,Chrome,Summer,0,3,1,171
4264,23,Female,69876,19,11,30,23,3,1,54,0,Mobile,Safari,Winter,1,5,0,0
4265,54,Male,116047,4,115,10,18,14,1,142,0,Mobile,Edge,Fall,1,4,0,0
4266,27,Male,53479,13,78,23,20,7,9,233,0,Mobile,Chrome,Fall,0,4,0,0
4267,57,Male,148863,19,48,24,4,1,4,150,1,Tablet,Edge,Spring,1,2,0,0
4268,24,Male,60478,8,48,12,10,2,4,197,0,Tablet,Safari,Fall,0,2,0,0
4269,56,Male,46401,8,55,9,23,8,6,56,0,Desktop,Edge,Fall,1,3,0,0
4270,55,Male,48502,16,87,15,22,9,4,364,1,Desktop,Edge,Winter,0,4,1,396
4271,38,Male,139768,11,83,29,28,3,2,210,0,Mobile,Chrome,Winter,0,3,0,0
4272,37,Male,131750,18,89,18,11,1,9,316,1,Desktop,Edge,Summer,1,4,1,89
4273,20,Female,33394,4,25,20,28,2,5,51,0,Desktop,Edge,Winter,0,5,0,0
4274,39,Female,118694,1,41,1,13,6,2,128,0,Desktop,Firefox,Winter,0,2,0,0
4275,64,Female,29262,1,32,3,28,8,7,257,1,Mobile,Safari,Summer,0,5,0,0
4276,21,Male,24487,14,113,8,26,14,5,12,1,Mobile,Safari,Summer,1,3,0,0
4277,45,Male,47341,4,36,39,23,6,6,24,1,Tablet,Edge,Spring,0,4,1,76
4278,29,Male,147360,11,61,31,22,7,2,126,0,Mobile,Safari,Winter,1,3,0,0
4279,55,Female,128924,18,45,47,17,2,6,331,1,Tablet,Chrome,Spring,1,3,1,481
4280,53,Male,33570,16,58,8,11,6,8,171,0,Desktop,Chrome,Spring,0,4,0,0
4281,64,Male,77268,17,31,15,4,14,7,105,1,Desktop,Safari,Spring,1,2,0,0
4282,58,Male,141435,2,91,22,14,0,1,221,1,Mobile,Chrome,Fall,0,4,1,159
4283,22,Female,49605,4,78,32,3,11,9,57,1,Tablet,Firefox,Summer,1,2,0,0
4284,30,Female,91602,3,44,5,23,5,9,149,0,Desktop,Edge,Winter,0,5,0,0
4285,40,Male,122798,15,45,44,29,2,1,40,0,Desktop,Safari,Spring,0,3,0,0
4286,47,Female,46723,2,74,44,23,1,6,33,0,Desktop,Firefox,Summer,1,5,1,279
4287,54,Male,89108,19,28,9,12,13,9,161,1,Tablet,Safari,Summer,0,2,0,0
4288,42,Male,98206,9,22,41,28,14,3,108,1,Tablet,Safari,Fall,0,5,1,395
4289,44,Female,80098,10,78,15,27,3,8,65,0,Mobile,Safari,Winter,0,1,1,136
4290,31,Female,113375,19,60,47,4,10,5,76,0,Mobile,Firefox,Spring,0,2,0,0
4291,64,Female,68707,5,19,44,16,13,8,46,1,Desktop,Chrome,Fall,1,2,1,120
4292,53,Female,69028,14,113,37,7,8,2,364,1,Desktop,Firefox,Summer,0,4,1,180
4293,56,Male,113937,10,111,33,20,5,5,235,0,Mobile,Firefox,Spring,0,2,0,0
4294,33,Male,76921,16,102,22,25,11,5,114,1,Tablet,Firefox,Winter,0,5,0,0
4295,39,Female,80760,6,76,11,19,8,7,308,0,Tablet,Edge,Fall,1,3,0,0
4296,38,Female,30249,8,118,6,26,13,6,124,1,Tablet,Safari,Spring,0,3,1,283
4297,38,Male,87847,2,39,17,18,14,2,286,0,Mobile,Edge,Summer,0,4,0,0
4298,25,Male,117547,18,31,46,21,7,0,143,0,Tablet,Chrome,Spring,0,1,0,0
4299,33,Male,63839,8,93,44,9,4,1,137,0,Mobile,Chrome,Fall,0,5,0,0
4300,48,Male,125077,5,7,5,11,7,9,247,1,Desktop,Chrome,Summer,0,1,0,0
4301,59,Female,59673,17,25,39,19,1,1,288,0,Tablet,Chrome,Spring,0,1,0,0
4302,27,Female,23642,16,43,48,17,7,0,72,0,Tablet,Firefox,Winter,0,2,0,0
4303,49,Female,26338,5,36,9,25,0,3,283,1,Mobile,Edge,Fall,0,3,0,0
4304,51,Male,134650,17,54,29,21,10,5,42,1,Tablet,Edge,Fall,0,2,1,297
4305,26,Male,71761,4,89,23,18,12,3,264,0,Tablet,Chrome,Fall,0,5,1,101
4306,34,Female,29622,1,13,47,6,11,3,221,0,Mobile,Edge,Fall,1,1,1,67
4307,28,Female,68423,6,54,36,3,2,8,267,0,Mobile,Edge,Winter,0,4,1,425
4308,49,Female,62873,1,5,31,14,6,1,243,0,Tablet,Edge,Summer,0,4,0,0
4309,27,Male,124544,4,8,20,9,3,0,44,0,Desktop,Edge,Winter,0,1,1,84
4310,39,Female,67565,2,8,23,3,12,6,289,0,Mobile,Edge,Winter,0,1,0,0
4311,34,Male,27806,13,117,7,2,14,4,67,1,Mobile,Firefox,Spring,0,1,1,310
4312,21,Female,20757,14,94,46,19,10,4,311,0,Mobile,Firefox,Spring,1,4,1,153
4313,64,Female,112246,17,38,36,6,6,1,269,0,Mobile,Edge,Spring,1,4,1,353
4314,42,Female,41470,11,31,4,3,0,5,36,1,Mobile,Edge,Spring,0,2,0,0
4315,38,Male,26220,3,19,24,25,6,4,87,1,Mobile,Edge,Spring,0,4,0,0
4316,54,Male,128408,7,113,14,25,13,4,26,0,Mobile,Chrome,Winter,1,2,0,0
4317,55,Male,111851,10,36,25,9,2,5,294,0,Tablet,Chrome,Fall,0,5,0,0
4318,18,Male,74754,11,45,7,18,1,1,100,1,Desktop,Edge,Winter,1,1,0,0
4319,42,Male,113329,10,75,15,7,8,4,151,1,Desktop,Firefox,Summer,0,5,1,415
4320,53,Male,147636,8,65,44,28,1,0,136,1,Desktop,Chrome,Spring,0,4,0,0
4321,34,Female,99852,5,67,46,2,2,7,270,0,Mobile,Safari,Summer,1,3,1,330
4322,58,Male,127630,2,65,13,1,2,0,280,0,Mobile,Chrome,Fall,0,3,0,0
4323,41,Female,42505,15,112,19,5,3,6,101,1,Desktop,Chrome,Spring,0,4,1,390
4324,19,Male,48288,16,112,12,27,10,5,153,0,Tablet,Safari,Fall,0,3,1,176
4325,57,Female,94492,4,18,48,27,6,7,118,1,Mobile,Edge,Spring,1,5,1,460
4326,32,Female,39109,16,27,26,24,6,4,239,0,Desktop,Chrome,Winter,0,2,0,0
4327,49,Male,138056,12,115,48,3,14,5,17,1,Desktop,Chrome,Fall,0,3,1,285
4328,56,Female,23497,14,69,33,7,8,3,132,0,Desktop,Edge,Spring,1,5,1,293
4329,23,Male,77326,12,36,15,6,14,9,251,0,Desktop,Chrome,Spring,0,2,0,0
4330,18,Male,29864,16,45,37,27,9,9,85,0,Tablet,Chrome,Winter,1,3,0,0
4331,64,Male,117046,16,30,6,29,7,0,212,1,Mobile,Edge,Spring,0,5,0,0
4332,40,Male,113517,12,52,25,1,5,6,105,0,Tablet,Chrome,Fall,0,3,0,0
4333,56,Female,107562,2,77,17,28,5,1,337,0,Tablet,Edge,Winter,0,5,0,0
4334,34,Male,94310,14,20,43,23,4,0,99,0,Mobile,Chrome,Spring,1,5,1,316
4335,51,Female,139454,11,35,36,19,1,0,41,1,Tablet,Edge,Fall,0,4,0,0
4336,58,Female,132343,9,70,46,20,5,0,60,0,Mobile,Safari,Fall,0,1,1,464
4337,46,Female,41017,7,36,9,14,5,1,87,0,Mobile,Chrome,Winter,0,4,0,0
4338,26,Male,21821,12,14,28,10,11,0,43,0,Desktop,Safari,Fall,1,4,0,0
4339,30,Female,70337,17,29,35,2,4,3,308,1,Tablet,Firefox,Summer,0,3,0,0
4340,23,Male,65485,9,86,3,11,13,9,21,1,Tablet,Firefox,Spring,0,4,1,286
4341,23,Female,103557,6,113,11,16,5,9,152,0,Mobile,Safari,Summer,0,4,0,0
4342,37,Male,76388,12,102,20,17,4,6,122,1,Desktop,Chrome,Fall,1,3,1,195
4343,20,Male,30372,10,97,23,5,10,9,172,1,Desktop,Safari,Spring,1,5,0,0
4344,34,Male,126684,9,49,30,22,13,2,211,1,Desktop,Safari,Spring,0,1,0,0
4345,29,Male,120050,12,28,37,27,11,8,133,1,Mobile,Edge,Summer,0,3,1,455
4346,64,Female,113938,1,7,36,18,3,1,300,1,Mobile,Safari,Summer,1,3,0,0
4347,62,Female,91333,2,66,44,16,2,1,219,1,Tablet,Safari,Winter,0,5,1,45
4348,18,Male,36283,19,83,12,10,13,6,334,0,Tablet,Edge,Spring,0,1,0,0
4349,34,Female,60857,1,71,36,6,0,8,65,1,Mobile,Edge,Summer,0,4,0,0
4350,20,Male,71772,16,59,35,22,10,5,159,0,Tablet,Edge,Spring,0,2,1,352
4351,43,Male,130441,16,99,34,24,3,0,301,1,Tablet,Safari,Winter,0,4,1,270
4352,32,Female,79670,18,14,4,8,12,5,114,0,Tablet,Chrome,Summer,1,5,0,0
4353,53,Male,93133,18,106,24,6,14,3,74,0,Mobile,Firefox,Fall,0,1,0,0
4354,49,Male,115856,13,59,36,23,8,4,311,1,Mobile,Safari,Winter,1,3,0,0
4355,49,Male,51261,12,26,28,4,6,3,60,0,Mobile,Chrome,Spring,0,1,0,0
4356,21,Male,77154,9,18,39,5,6,2,254,1,Mobile,Edge,Fall,0,5,1,323
4357,35,Male,26107,5,77,2,6,6,1,243,1,Tablet,Safari,Fall,0,1,0,0
4358,36,Female,111296,9,86,43,15,13,1,115,0,Tablet,Safari,Winter,0,5,1,427
4359,60,Female,55561,13,12,5,6,3,9,295,0,Mobile,Safari,Winter,1,1,0,0
4360,52,Female,96674,16,106,28,19,11,3,104,1,Tablet,Edge,Winter,1,1,1,261
4361,57,Male,55268,10,19,13,25,6,2,48,1,Tablet,Edge,Winter,0,1,0,0
4362,31,Male,51608,16,114,36,20,10,5,80,0,Tablet,Firefox,Spring,1,2,1,333
4363,50,Male,33138,14,19,9,8,1,9,27,1,Tablet,Edge,Winter,1,3,1,126
4364,31,Male,126665,2,56,39,13,11,2,272,1,Desktop,Edge,Fall,0,2,0,0
4365,51,Male,57693,19,74,30,4,7,2,233,0,Desktop,Edge,Fall,0,1,0,0
4366,21,Male,145625,11,58,27,22,9,3,254,1,Mobile,Edge,Winter,0,3,1,69
4367,41,Female,103000,19,80,13,17,7,4,347,1,Mobile,Chrome,Winter,0,4,0,0
4368,46,Male,144143,11,46,42,14,8,8,137,0,Tablet,Chrome,Winter,0,1,1,198
4369,36,Female,41248,14,23,39,18,4,4,153,1,Desktop,Safari,Winter,0,1,1,35
4370,23,Male,122757,15,44,28,15,9,0,344,0,Mobile,Chrome,Fall,0,3,0,0
4371,50,Female,38632,7,73,18,22,7,8,58,1,Mobile,Edge,Winter,1,4,1,481
4372,57,Male,67547,15,31,34,19,1,1,220,0,Desktop,Edge,Spring,0,1,0,0
4373,36,Female,32100,8,78,21,11,9,3,18,0,Mobile,Firefox,Winter,1,1,0,0
4374,18,Female,67930,4,47,1,7,9,9,90,0,Mobile,Edge,Spring,0,5,0,0
4375,22,Male,86861,18,56,45,1,7,5,330,0,Desktop,Edge,Winter,0,2,1,57
4376,44,Male,96905,14,50,23,3,9,8,177,1,Tablet,Safari,Spring,0,3,1,444
4377,33,Female,73025,18,18,34,19,8,1,44,0,Desktop,Edge,Summer,1,2,1,350
4378,23,Male,95876,4,68,36,28,5,8,203,0,Mobile,Safari,Spring,0,1,0,0
4379,57,Male,98944,2,65,9,1,5,8,110,1,Desktop,Edge,Fall,1,2,1,46
4380,30,Male,70840,6,102,8,4,3,0,193,0,Tablet,Safari,Summer,0,4,0,0
4381,52,Female,39369,11,62,30,24,12,5,337,1,Mobile,Safari,Summer,0,1,0,0
4382,36,Male,38460,1,53,48,11,7,5,128,0,Mobile,Safari,Spring,1,3,1,226
4383,29,Female,111641,15,83,36,7,6,8,10,0,Mobile,Chrome,Summer,0,5,0,0
4384,33,Female,116920,12,33,36,7,11,5,319,1,Tablet,Edge,Summer,1,1,1,147
4385,60,Male,21461,18,30,18,14,8,1,94,1,Mobile,Edge,Fall,0,3,0,0
4386,27,Female,62362,5,31,2,15,0,7,302,0,Mobile,Firefox,Fall,0,4,0,0
4387,42,Male,118376,11,71,11,5,9,0,225,1,Tablet,Safari,Fall,0,5,0,0
4388,37,Male,147229,19,71,36,14,7,4,258,0,Desktop,Edge,Summer,1,1,1,38
4389,48,Female,48610,1,39,31,13,7,9,224,1,Tablet,Firefox,Winter,0,2,1,272
4390,21,Female,124334,17,64,31,20,14,2,259,1,Desktop,Edge,Fall,0,2,1,456
4391,61,Female,40995,8,65,24,26,8,5,36,0,Mobile,Safari,Winter,0,1,0,0
4392,40,Female,104716,16,103,46,22,6,4,261,1,Tablet,Chrome,Fall,0,3,1,108
4393,19,Female,27717,11,118,21,18,8,9,276,1,Tablet,Firefox,Spring,0,4,1,91
4394,39,Male,98867,19,74,32,1,9,3,259,0,Desktop,Firefox,Spring,1,3,1,35
4395,54,Female,99472,11,82,49,13,7,2,259,0,Tablet,Safari,Winter,1,3,1,107
4396,25,Male,84022,15,94,30,23,8,0,356,1,Desktop,Safari,Fall,0,2,0,0
4397,24,Male,73668,8,7,8,29,8,7,326,1,Desktop,Firefox,Spring,1,1,0,0
4398,31,Female,71645,14,37,33,20,0,4,228,0,Desktop,Edge,Fall,1,5,0,0
4399,20,Female,49550,1,46,39,7,2,7,88,0,Tablet,Chrome,Spring,1,2,1,58
4400,33,Female,106151,10,17,1,6,14,8,303,1,Mobile,Edge,Fall,0,2,0,0
4401,36,Female,23576,7,33,33,27,5,7,102,0,Tablet,Safari,Fall,0,1,0,0
4402,35,Female,60868,18,13,42,9,11,5,293,0,Desktop,Safari,Winter,0,5,0,0
4403,33,Male,118039,12,36,13,28,10,9,8,0,Mobile,Edge,Winter,0,5,0,0
4404,25,Male,66380,2,26,22,10,14,7,102,0,Tablet,Safari,Fall,0,3,1,43
4405,50,Male,25728,18,90,5,22,6,4,113,0,Mobile,Safari,Winter,0,2,0,0
4406,29,Female,52800,7,62,12,3,3,8,208,0,Mobile,Firefox,Winter,0,3,0,0
4407,28,Female,30886,12,61,29,7,9,5,363,0,Mobile,Firefox,Summer,1,5,0,0
4408,22,Male,99614,14,102,3,25,1,1,45,1,Desktop,Edge,Winter,1,1,0,0
4409,44,Female,89909,10,14,36,11,13,6,10,0,Desktop,Safari,Winter,0,3,1,494
4410,29,Female,67236,9,29,47,26,11,0,342,0,Mobile,Safari,Winter,0,1,0,0
4411,34,Female,65805,15,66,45,12,3,9,232,1,Mobile,Chrome,Winter,0,3,1,239
4412,23,Male,138286,10,67,11,12,5,0,233,0,Desktop,Safari,Winter,0,1,1,230
4413,50,Female,52532,19,80,26,13,12,7,343,0,Desktop,Edge,Summer,0,1,0,0
4414,22,Male,132765,19,119,2,22,3,4,169,1,Desktop,Chrome,Fall,1,2,0,0
4415,45,Female,120696,12,7,29,23,11,9,268,0,Desktop,Chrome,Winter,0,1,0,0
4416,31,Female,48688,12,87,41,8,9,8,237,0,Desktop,Safari,Summer,0,5,0,0
4417,22,Male,31063,9,101,29,4,1,5,264,0,Desktop,Edge,Summer,0,1,0,0
4418,50,Female,43089,4,51,44,21,8,0,301,0,Tablet,Safari,Fall,0,1,1,153
4419,58,Female,75942,1,59,36,20,0,5,88,1,Desktop,Safari,Summer,0,4,0,0
4420,36,Female,71829,16,30,19,1,14,0,154,0,Mobile,Chrome,Fall,0,2,0,0
4421,39,Male,70553,1,17,10,6,14,4,342,0,Tablet,Firefox,Fall,1,2,0,0
4422,22,Female,53585,13,11,11,23,9,2,107,0,Desktop,Chrome,Spring,0,2,1,242
4423,19,Female,91739,3,38,7,2,6,9,217,1,Desktop,Safari,Fall,1,2,0,0
4424,47,Female,79004,12,26,13,22,8,9,159,1,Desktop,Edge,Fall,0,2,1,169
4425,64,Female,139250,9,88,41,14,2,8,312,0,Desktop,Chrome,Fall,0,4,0,0
4426,56,Female,139411,4,111,44,27,10,0,354,0,Mobile,Firefox,Fall,1,1,0,0
4427,21,Male,22438,2,27,2,18,5,5,37,1,Mobile,Edge,Summer,1,3,0,0
4428,50,Male,113095,9,52,30,10,8,2,72,0,Tablet,Firefox,Winter,0,1,0,0
4429,30,Female,43212,13,18,22,29,8,8,121,1,Mobile,Chrome,Winter,0,2,1,57
4430,37,Female,70362,14,98,1,21,14,1,172,1,Desktop,Edge,Spring,0,5,0,0
4431,24,Male,92177,3,91,27,1,3,6,227,1,Desktop,Chrome,Winter,0,4,0,0
4432,32,Female,36983,18,115,7,3,11,8,217,0,Tablet,Safari,Summer,0,3,1,427
4433,40,Female,34026,9,56,1,20,7,2,95,0,Tablet,Firefox,Summer,0,2,0,0
4434,31,Female,140168,15,87,25,4,7,2,177,0,Desktop,Chrome,Summer,0,3,0,0
4435,40,Female,70998,10,43,48,18,10,2,87,0,Mobile,Edge,Fall,0,4,1,194
4436,36,Female,144735,17,45,4,8,6,0,102,1,Tablet,Chrome,Summer,1,2,1,234
4437,46,Female,75744,13,40,30,22,5,8,324,1,Tablet,Chrome,Spring,0,4,1,199
4438,37,Female,77013,1,10,8,9,2,8,356,1,Mobile,Chrome,Summer,0,4,0,0
4439,46,Female,71039,11,27,49,22,11,5,127,0,Tablet,Safari,Fall,1,1,1,81
4440,41,Male,69831,5,14,21,19,14,8,70,1,Mobile,Safari,Winter,1,2,0,0
4441,35,Male,105172,9,103,4,28,3,8,223,0,Desktop,Chrome,Fall,0,2,1,110
4442,27,Female,54603,7,89,4,2,13,0,260,0,Mobile,Edge,Fall,0,5,1,162
4443,58,Female,97758,7,100,8,9,11,2,277,0,Tablet,Edge,Winter,0,1,1,183
4444,25,Female,87713,2,64,42,3,8,2,298,0,Desktop,Edge,Summer,0,2,0,0
4445,43,Female,126446,19,34,26,22,9,0,84,0,Tablet,Safari,Spring,0,2,0,0
4446,46,Male,118452,18,101,29,26,6,5,134,0,Mobile,Chrome,Spring,1,3,0,0
4447,27,Male,136183,10,74,16,2,10,3,255,1,Tablet,Edge,Summer,1,5,0,0
4448,34,Male,33105,5,9,19,7,7,7,11,0,Tablet,Chrome,Summer,0,4,0,0
4449,19,Male,120048,16,83,1,17,12,5,210,0,Mobile,Firefox,Summer,0,5,0,0
4450,23,Female,87182,5,61,37,25,5,3,73,1,Desktop,Firefox,Winter,0,1,0,0
4451,22,Female,72147,15,47,34,17,14,4,140,0,Desktop,Edge,Winter,0,5,1,447
4452,45,Female,141331,16,56,29,9,11,1,287,0,Tablet,Edge,Spring,0,5,1,404
4453,58,Male,95400,4,93,27,27,0,9,159,1,Mobile,Edge,Fall,0,5,1,186
4454,22,Female,66434,14,81,48,1,10,0,171,1,Tablet,Safari,Winter,0,3,1,414
4455,35,Female,46515,17,10,45,1,11,6,186,0,Desktop,Edge,Spring,1,1,1,158
4456,43,Male,109298,17,105,30,8,8,9,50,0,Mobile,Chrome,Spring,1,4,1,316
4457,37,Male,78001,16,6,6,17,10,2,247,0,Tablet,Edge,Spring,0,1,0,0
4458,58,Male,121971,9,21,36,8,2,2,354,0,Tablet,Edge,Winter,1,4,0,0
4459,44,Male,78397,2,92,39,19,12,5,208,1,Mobile,Edge,Winter,0,3,0,0
4460,29,Male,81415,11,16,2,4,12,2,41,0,Tablet,Safari,Spring,0,1,0,0
4461,24,Female,36960,15,48,42,18,2,6,112,0,Desktop,Edge,Fall,0,3,1,299
4462,20,Female,129591,3,58,14,13,8,6,204,0,Mobile,Firefox,Spring,1,3,0,0
4463,27,Male,113143,16,82,8,22,3,4,205,0,Tablet,Safari,Fall,1,2,0,0
4464,51,Female,101838,19,11,3,7,14,0,172,0,Desktop,Chrome,Summer,0,5,1,309
4465,42,Female,65778,6,94,35,26,7,8,127,0,Desktop,Safari,Spring,0,4,1,337
4466,52,Female,50941,14,36,27,3,14,1,66,0,Desktop,Chrome,Spring,1,2,0,0
4467,33,Female,116857,5,33,34,14,13,3,271,1,Tablet,Firefox,Summer,0,3,1,282
4468,19,Male,115849,5,50,28,9,11,9,34,0,Tablet,Edge,Spring,0,3,0,0
4469,41,Female,123083,6,107,31,3,10,9,198,0,Mobile,Firefox,Winter,1,2,1,78
4470,27,Female,60955,18,77,17,7,14,1,44,0,Mobile,Safari,Winter,1,4,0,0
4471,55,Female,98565,18,82,19,15,11,0,253,1,Mobile,Safari,Spring,0,5,1,217
4472,39,Male,121276,19,57,42,4,12,0,161,1,Mobile,Chrome,Summer,1,1,0,0
4473,43,Female,76908,2,85,44,5,3,0,335,0,Mobile,Safari,Summer,0,5,0,0
4474,60,Male,84067,17,117,11,28,1,6,355,1,Desktop,Safari,Winter,0,5,1,205
4475,56,Male,138636,1,29,9,9,12,8,348,1,Mobile,Chrome,Winter,1,2,1,434
4476,44,Male,75696,9,57,30,3,4,0,362,0,Desktop,Firefox,Summer,0,2,1,404
4477,46,Male,38429,13,98,45,16,10,9,118,0,Tablet,Safari,Fall,1,2,1,341
4478,64,Female,114048,4,113,6,16,2,5,296,1,Mobile,Edge,Fall,0,4,1,354
4479,55,Male,96676,5,33,14,19,3,4,262,0,Desktop,Safari,Spring,0,2,0,0
4480,37,Male,136315,18,97,31,25,11,2,75,0,Tablet,Firefox,Spring,0,2,1,252
4481,44,Male,34847,10,86,11,9,2,1,14,0,Mobile,Chrome,Fall,1,2,0,0
4482,58,Male,67191,4,99,5,29,0,1,5,0,Mobile,Safari,Fall,1,3,1,483
4483,37,Male,54256,13,87,31,20,3,1,301,1,Tablet,Chrome,Spring,0,4,0,0
4484,61,Female,147025,13,85,2,1,8,6,187,0,Mobile,Safari,Spring,1,1,0,0
4485,36,Male,48774,17,10,39,17,6,3,201,0,Tablet,Edge,Fall,0,5,0,0
4486,37,Female,147343,8,80,17,12,12,6,299,0,Mobile,Chrome,Summer,0,1,0,0
4487,52,Female,29127,4,42,38,9,5,9,251,0,Tablet,Edge,Summer,0,4,0,0
4488,64,Male,138251,3,7,46,22,13,0,155,0,Desktop,Safari,Summer,0,3,0,0
4489,19,Female,48205,11,115,36,5,9,9,197,1,Desktop,Chrome,Spring,0,5,1,392
4490,47,Female,128210,12,39,3,29,8,3,69,0,Tablet,Chrome,Spring,0,2,1,276
4491,51,Female,120106,9,59,43,28,3,8,48,1,Tablet,Safari,Fall,0,4,1,330
4492,39,Male,101163,15,51,29,15,5,6,249,0,Desktop,Safari,Fall,0,5,0,0
4493,20,Male,78764,13,37,33,26,14,9,232,0,Desktop,Edge,Winter,0,5,1,11
4494,23,Male,138279,5,97,14,13,2,5,111,0,Desktop,Safari,Summer,0,1,1,165
4495,32,Male,121824,5,7,38,19,2,6,329,0,Desktop,Safari,Summer,0,5,0,0
4496,44,Male,58664,19,73,29,3,9,1,281,1,Mobile,Firefox,Spring,0,5,1,479
4497,27,Male,76795,11,63,23,2,9,0,136,0,Desktop,Safari,Spring,0,1,0,0
4498,26,Male,141729,9,82,17,13,7,9,78,0,Desktop,Chrome,Spring,1,3,1,328
4499,50,Female,52333,3,104,49,7,4,8,231,1,Mobile,Safari,Spring,0,3,0,0
4500,49,Female,133548,18,96,11,9,14,1,255,1,Mobile,Edge,Summer,0,5,1,287
4501,23,Male,56079,13,109,28,22,7,1,160,1,Mobile,Safari,Fall,0,4,0,0
4502,58,Female,104225,12,100,7,10,8,2,61,0,Desktop,Firefox,Spring,0,4,0,0
4503,53,Male,44259,9,22,45,1,1,2,87,1,Tablet,Firefox,Winter,0,5,1,61
4504,19,Male,46571,10,110,40,22,12,2,1,1,Desktop,Firefox,Spring,0,5,0,0
4505,46,Male,71119,13,108,8,16,6,3,111,0,Tablet,Chrome,Winter,0,5,1,471
4506,21,Female,28009,13,81,41,11,12,0,159,0,Mobile,Firefox,Fall,0,3,1,254
4507,18,Male,130210,9,70,29,24,12,0,234,1,Mobile,Edge,Winter,0,5,1,207
4508,36,Male,130531,10,29,25,8,13,3,70,0,Mobile,Firefox,Fall,0,4,0,0
4509,43,Male,81829,19,24,7,26,13,0,364,1,Desktop,Edge,Spring,1,2,0,0
4510,42,Male,58230,6,75,22,13,11,3,81,0,Tablet,Safari,Spring,0,1,0,0
4511,27,Female,131364,7,79,9,16,1,1,202,1,Desktop,Chrome,Winter,0,2,0,0
4512,32,Male,76049,15,73,11,3,13,6,93,0,Desktop,Safari,Fall,0,4,0,0
4513,39,Female,121762,19,33,34,13,6,5,362,0,Mobile,Edge,Spring,0,4,0,0
4514,38,Female,143273,14,22,27,17,10,1,72,0,Mobile,Chrome,Winter,1,5,0,0
4515,39,Male,139466,16,76,22,21,12,1,57,1,Mobile,Edge,Winter,0,2,1,119
4516,53,Male,56498,14,31,3,6,2,0,11,0,Mobile,Chrome,Fall,0,2,0,0
4517,51,Female,139053,2,46,48,10,7,3,146,0,Mobile,Firefox,Spring,0,3,0,0
4518,47,Female,48820,9,70,40,9,3,1,148,0,Mobile,Safari,Fall,0,3,0,0
4519,42,Female,60315,3,103,8,18,8,4,208,0,Desktop,Firefox,Winter,0,3,0,0
4520,62,Female,115018,6,30,6,17,11,3,91,0,Desktop,Chrome,Winter,1,2,0,0
4521,45,Male,52795,5,27,25,7,3,0,87,1,Tablet,Edge,Winter,0,5,1,49
4522,18,Female,133812,14,9,2,2,1,4,109,0,Desktop,Chrome,Fall,0,1,0,0
4523,62,Female,105411,15,84,16,11,12,4,283,0,Mobile,Chrome,Fall,0,2,0,0
4524,21,Female,59191,18,110,41,18,3,4,205,1,Mobile,Firefox,Summer,0,5,1,279
4525,24,Female,74453,17,15,21,3,4,1,97,1,Tablet,Chrome,Spring,0,1,0,0
4526,26,Male,32453,9,23,15,14,7,3,265,1,Mobile,Safari,Spring,0,5,1,400
4527,53,Male,140848,19,84,34,20,2,4,269,0,Tablet,Safari,Summer,0,5,0,0
4528,36,Male,70325,9,100,47,13,8,5,264,0,Tablet,Firefox,Winter,1,3,1,458
4529,18,Female,69490,16,16,43,23,14,6,114,1,Mobile,Firefox,Summer,1,2,1,383
4530,27,Female,94796,6,6,20,17,8,9,312,1,Desktop,Safari,Fall,0,1,1,381
4531,53,Male,134165,8,47,44,29,10,2,219,0,Desktop,Firefox,Winter,0,3,0,0
4532,26,Male,69993,3,26,31,22,9,2,233,1,Desktop,Safari,Spring,0,1,0,0
4533,62,Female,130780,5,30,15,11,2,9,97,1,Tablet,Safari,Spring,0,1,0,0
4534,63,Male,65706,7,37,48,7,7,1,7,1,Desktop,Firefox,Spring,0,4,0,0
4535,59,Female,134981,1,28,28,3,5,8,77,1,Tablet,Edge,Fall,0,1,0,0
4536,49,Female,62817,4,73,6,3,10,0,128,0,Tablet,Firefox,Winter,0,5,1,392
4537,49,Female,84544,16,25,3,2,5,2,184,1,Mobile,Edge,Summer,0,1,1,359
4538,23,Female,111434,14,50,38,21,1,2,104,0,Mobile,Firefox,Fall,0,3,0,0
4539,55,Female,75710,1,22,23,16,7,7,84,1,Desktop,Safari,Fall,1,4,1,325
4540,34,Female,70799,4,107,3,23,6,5,293,0,Mobile,Edge,Summer,1,4,0,0
4541,27,Male,139586,10,9,45,11,1,2,64,1,Desktop,Firefox,Summer,0,5,0,0
4542,44,Male,80964,11,12,44,28,3,0,233,0,Tablet,Firefox,Winter,0,3,0,0
4543,52,Male,73678,7,89,8,14,4,2,17,1,Mobile,Safari,Spring,0,4,1,478
4544,38,Female,91150,4,115,2,3,8,3,93,0,Desktop,Edge,Spring,1,4,1,461
4545,42,Male,117379,1,61,7,7,9,0,277,1,Mobile,Firefox,Fall,0,4,1,121
4546,45,Female,80438,1,9,17,8,13,2,78,0,Mobile,Chrome,Spring,0,2,1,393
4547,64,Female,129987,17,17,7,13,1,3,361,1,Tablet,Chrome,Spring,0,3,1,337
4548,32,Female,97223,10,87,33,19,11,6,111,0,Mobile,Firefox,Summer,0,4,0,0
4549,21,Female,81926,5,97,36,11,11,3,342,1,Desktop,Safari,Spring,0,3,0,0
4550,46,Male,23801,7,70,47,1,6,0,308,1,Mobile,Safari,Spring,1,5,0,0
4551,26,Male,61048,8,41,4,19,4,8,77,1,Tablet,Firefox,Spring,0,3,0,0
4552,44,Male,60144,2,94,44,13,1,5,234,0,Tablet,Firefox,Spring,0,5,1,225
4553,43,Female,114478,9,33,16,22,9,8,95,0,Tablet,Safari,Winter,0,2,0,0
4554,36,Male,30148,4,73,21,17,11,6,268,1,Desktop,Safari,Fall,0,5,1,166
4555,45,Male,132364,12,36,18,9,2,3,352,0,Tablet,Safari,Winter,0,5,0,0
4556,34,Male,102819,11,106,46,19,4,0,46,1,Tablet,Firefox,Summer,1,1,1,351
4557,60,Female,39861,5,52,46,19,9,6,326,0,Desktop,Safari,Spring,0,5,0,0
4558,58,Male,120048,12,6,28,28,0,8,215,0,Desktop,Firefox,Winter,1,2,0,0
4559,59,Female,81717,4,73,43,23,6,5,327,1,Desktop,Edge,Summer,0,5,0,0
4560,37,Male,42480,13,115,16,23,0,0,276,1,Desktop,Chrome,Winter,1,5,1,390
4561,62,Female,38637,1,101,47,29,5,8,68,0,Desktop,Edge,Fall,0,2,0,0
4562,57,Male,64621,18,55,22,6,11,6,341,0,Mobile,Chrome,Summer,0,5,1,152
4563,56,Male,80304,4,39,6,7,5,0,300,1,Tablet,Firefox,Fall,1,5,0,0
4564,40,Male,67431,4,87,30,5,0,3,286,0,Desktop,Firefox,Summer,0,3,0,0
4565,64,Female,119937,8,19,45,8,11,4,287,0,Tablet,Edge,Spring,0,1,1,308
4566,49,Male,108921,6,103,28,26,14,1,127,1,Mobile,Firefox,Summer,1,5,1,227
4567,64,Male,76172,4,76,17,14,6,2,233,0,Mobile,Firefox,Spring,1,4,0,0
4568,50,Female,45437,4,115,36,18,7,1,182,0,Desktop,Safari,Spring,1,2,0,0
4569,63,Female,28149,11,69,12,21,2,3,14,0,Tablet,Edge,Spring,1,4,0,0
4570,22,Female,34671,9,42,40,27,14,6,102,1,Tablet,Chrome,Summer,0,4,0,0
4571,60,Female,123005,14,90,12,25,11,4,151,1,Mobile,Edge,Fall,0,4,1,395
4572,51,Male,43119,4,21,36,20,9,6,325,0,Mobile,Firefox,Summer,1,4,1,132
4573,57,Male,66117,13,84,40,24,0,0,180,0,Mobile,Firefox,Summer,1,2,0,0
4574,28,Female,119317,6,49,29,3,1,2,178,1,Desktop,Edge,Spring,1,1,0,0
4575,20,Male,36279,13,5,2,22,0,1,213,0,Desktop,Firefox,Summer,0,4,0,0
4576,50,Female,88835,3,7,29,8,8,0,33,1,Mobile,Firefox,Winter,0,3,1,432
4577,28,Male,119810,7,74,30,14,3,4,9,0,Tablet,Firefox,Spring,0,5,1,201
4578,33,Female,146085,1,56,36,25,6,2,351,0,Desktop,Safari,Fall,1,4,0,0
4579,35,Male,24803,11,57,44,14,14,7,264,1,Tablet,Firefox,Winter,0,4,0,0
4580,47,Female,102897,2,7,25,29,4,4,203,0,Mobile,Firefox,Summer,0,5,0,0
4581,27,Female,80805,5,115,21,7,8,4,263,0,Desktop,Firefox,Fall,0,5,0,0
4582,35,Male,38201,14,98,22,6,8,6,149,0,Mobile,Firefox,Winter,0,2,1,222
4583,55,Male,146564,13,51,10,27,5,7,92,0,Desktop,Firefox,Fall,0,5,0,0
4584,36,Male,48634,16,79,31,6,4,0,53,1,Tablet,Firefox,Winter,0,1,1,29
4585,53,Female,34760,15,95,47,12,9,4,15,1,Mobile,Firefox,Winter,0,3,1,360
4586,30,Male,30826,3,90,9,22,0,8,52,0,Tablet,Chrome,Fall,0,4,0,0
4587,63,Female,106821,6,10,41,15,14,8,200,0,Tablet,Edge,Fall,1,2,0,0
4588,20,Male,132125,9,106,39,26,3,6,37,0,Tablet,Chrome,Spring,0,4,0,0
4589,27,Male,65775,3,109,34,25,4,3,347,1,Desktop,Firefox,Summer,0,1,0,0
4590,55,Female,146546,13,50,39,19,12,1,79,1,Tablet,Edge,Spring,0,4,0,0
4591,18,Female,134090,13,99,41,4,13,4,317,1,Tablet,Chrome,Fall,0,3,0,0
4592,44,Male,94676,7,65,23,3,8,3,150,0,Desktop,Edge,Fall,0,1,1,288
4593,63,Female,26798,5,47,12,13,1,0,36,1,Mobile,Firefox,Summer,0,4,1,498
4594,25,Female,135161,8,60,7,25,1,6,94,1,Tablet,Edge,Fall,0,5,1,497
4595,63,Male,86103,8,74,32,16,14,2,353,1,Desktop,Edge,Spring,0,5,1,180
4596,59,Female,97160,7,118,19,13,2,5,191,0,Mobile,Edge,Winter,0,3,0,0
4597,34,Male,97751,19,24,22,21,2,4,166,0,Desktop,Edge,Winter,1,1,1,225
4598,26,Male,93502,7,51,16,10,11,3,40,0,Desktop,Firefox,Spring,1,2,0,0
4599,23,Female,71410,4,58,8,13,6,2,64,0,Desktop,Safari,Winter,0,5,1,11
4600,60,Male,60888,10,45,30,8,13,8,184,0,Mobile,Safari,Winter,1,5,1,485
4601,42,Female,69047,13,79,6,12,0,4,270,1,Mobile,Edge,Summer,0,4,1,237
4602,56,Male,115289,4,70,2,8,1,9,130,1,Tablet,Firefox,Fall,1,1,1,233
4603,45,Female,129640,19,35,34,9,10,6,239,0,Tablet,Firefox,Summer,1,5,1,463
4604,50,Female,122614,10,106,29,10,0,3,275,1,Tablet,Safari,Spring,0,4,1,95
4605,54,Female,65955,7,68,40,7,13,0,78,0,Tablet,Firefox,Summer,1,2,1,184
4606,26,Female,132393,5,94,42,3,8,1,327,1,Tablet,Edge,Spring,0,2,1,345
4607,35,Female,21982,3,95,43,5,9,9,125,0,Mobile,Edge,Spring,0,5,1,469
4608,38,Male,53864,2,62,20,3,8,4,9,1,Desktop,Safari,Summer,0,5,0,0
4609,19,Male,141298,11,59,3,18,12,7,289,0,Tablet,Firefox,Spring,0,5,1,435
4610,60,Female,99118,10,50,48,19,2,7,127,0,Desktop,Edge,Winter,1,1,0,0
4611,55,Male,105490,13,114,35,28,11,7,216,0,Desktop,Safari,Winter,0,5,0,0
4612,57,Female,59265,7,99,8,10,2,8,116,0,Tablet,Chrome,Winter,0,4,0,0
4613,53,Female,66313,10,28,12,9,0,1,317,0,Desktop,Safari,Spring,1,2,0,0
4614,60,Male,64350,4,81,45,25,4,3,106,1,Desktop,Firefox,Summer,0,1,0,0
4615,54,Male,35378,16,93,43,24,2,9,213,1,Desktop,Chrome,Spring,1,2,0,0
4616,32,Female,129168,6,41,32,7,1,5,44,1,Desktop,Edge,Winter,0,1,1,479
4617,45,Female,138334,9,45,29,1,12,5,65,0,Desktop,Firefox,Fall,1,2,1,215
4618,35,Female,137107,13,29,45,25,13,4,85,1,Desktop,Edge,Winter,0,5,1,359
4619,51,Female,89815,7,33,21,10,2,1,57,1,Desktop,Safari,Winter,0,5,0,0
4620,39,Female,47924,18,35,3,2,7,7,232,1,Desktop,Firefox,Summer,1,4,0,0
4621,28,Female,102593,14,111,38,6,7,0,280,0,Desktop,Chrome,Winter,1,5,1,135
4622,30,Male,137490,5,107,27,26,0,0,102,0,Desktop,Chrome,Spring,0,2,1,210
4623,21,Female,27312,13,6,3,21,1,0,172,0,Mobile,Edge,Winter,1,4,0,0
4624,39,Female,50353,8,16,1,6,14,8,105,0,Mobile,Edge,Fall,0,2,0,0
4625,24,Male,133744,15,9,46,24,0,4,6,1,Mobile,Safari,Summer,0,3,0,0
4626,60,Female,120673,19,65,20,8,7,1,34,1,Desktop,Edge,Spring,0,4,0,0
4627,41,Female,106450,9,95,7,26,13,0,27,1,Tablet,Firefox,Winter,1,4,1,329
4628,21,Male,36192,6,60,41,18,0,3,18,0,Tablet,Chrome,Summer,0,1,1,259
4629,45,Female,37450,14,102,1,7,5,1,5,0,Mobile,Firefox,Summer,0,2,0,0
4630,32,Male,25432,10,82,10,18,9,2,118,0,Desktop,Safari,Fall,1,2,1,417
4631,18,Female,77225,9,75,45,1,12,1,96,1,Tablet,Chrome,Winter,1,2,1,247
4632,20,Male,116548,17,41,12,28,10,7,213,0,Tablet,Edge,Summer,0,5,0,0
4633,31,Male,118991,13,40,4,24,7,2,255,0,Desktop,Chrome,Winter,1,1,1,370
4634,55,Male,98711,17,78,7,25,12,1,44,0,Desktop,Safari,Spring,1,1,0,0
4635,18,Female,85604,19,33,10,14,7,5,354,0,Mobile,Edge,Spring,0,2,0,0
4636,55,Female,30295,13,84,22,23,6,6,93,0,Desktop,Chrome,Summer,0,5,1,138
4637,55,Male,26774,9,42,25,20,7,8,247,1,Mobile,Chrome,Spring,1,2,0,0
4638,38,Male,135107,1,89,29,7,7,9,261,0,Desktop,Chrome,Fall,0,5,0,0
4639,46,Female,32190,1,106,39,20,13,3,317,1,Desktop,Edge,Winter,1,3,1,403
4640,22,Female,51286,5,45,15,7,9,4,251,1,Tablet,Safari,Spring,1,1,0,0
4641,27,Female,96325,8,37,19,4,13,5,242,0,Desktop,Chrome,Spring,0,3,1,133
4642,45,Female,114450,18,97,39,25,2,2,348,1,Mobile,Firefox,Winter,1,4,1,210
4643,38,Female,117480,4,116,46,5,1,2,134,0,Desktop,Edge,Fall,1,1,1,64
4644,24,Male,92427,1,85,46,23,11,2,75,1,Mobile,Edge,Winter,0,3,0,0
4645,20,Female,107513,15,17,18,27,3,4,295,1,Tablet,Chrome,Summer,1,3,1,104
4646,62,Male,84014,4,10,42,24,4,5,240,1,Tablet,Chrome,Winter,0,4,0,0
4647,64,Female,115887,9,70,3,21,1,8,136,0,Mobile,Chrome,Fall,0,5,1,267
4648,37,Male,95852,10,12,6,1,14,8,227,1,Mobile,Safari,Winter,0,4,1,291
4649,36,Male,75256,15,68,22,20,10,4,84,1,Tablet,Edge,Fall,0,5,1,432
4650,52,Female,148477,3,100,41,3,7,7,246,1,Desktop,Firefox,Fall,0,4,1,443
4651,21,Male,138580,2,104,46,13,7,6,243,0,Desktop,Safari,Spring,0,1,1,132
4652,22,Male,118743,5,13,31,7,12,3,86,0,Desktop,Safari,Winter,0,3,1,436
4653,18,Male,78630,1,27,21,6,11,0,112,0,Desktop,Edge,Fall,0,3,0,0
4654,21,Male,135896,11,75,8,6,3,2,69,1,Desktop,Chrome,Winter,0,5,0,0
4655,29,Female,111190,12,99,1,2,11,9,362,0,Mobile,Safari,Spring,1,4,1,395
4656,44,Male,82771,3,25,3,16,4,4,286,1,Mobile,Chrome,Summer,1,2,0,0
4657,59,Female,71715,16,5,29,6,10,9,151,0,Desktop,Edge,Winter,0,1,0,0
4658,40,Male,27466,14,50,6,8,11,2,176,0,Tablet,Firefox,Fall,0,2,0,0
4659,42,Female,146503,12,66,33,21,14,3,198,0,Tablet,Firefox,Fall,0,3,0,0
4660,38,Female,37637,16,6,18,25,4,8,42,1,Desktop,Firefox,Spring,0,4,0,0
4661,41,Female,146237,8,108,42,11,4,8,29,0,Desktop,Chrome,Summer,0,5,1,351
4662,42,Male,88745,17,79,49,18,8,8,85,0,Mobile,Safari,Fall,1,5,1,343
4663,62,Female,56317,17,105,1,23,8,8,327,0,Tablet,Firefox,Summer,1,5,1,52
4664,63,Female,69766,7,86,22,6,14,0,229,1,Desktop,Safari,Fall,0,3,1,215
4665,49,Male,23078,15,48,31,14,13,8,173,1,Mobile,Firefox,Fall,1,1,1,50
4666,49,Female,47299,9,92,23,15,10,1,41,0,Mobile,Chrome,Summer,1,2,0,0
4667,22,Male,121794,4,87,8,11,3,7,201,0,Desktop,Chrome,Fall,0,3,0,0
4668,53,Male,23543,8,9,29,27,0,8,319,0,Desktop,Chrome,Summer,1,4,1,173
4669,63,Female,142790,10,97,44,15,7,7,100,0,Mobile,Firefox,Spring,0,5,1,136
4670,59,Male,114627,15,43,46,13,10,8,351,1,Mobile,Safari,Summer,0,4,0,0
4671,59,Male,71052,18,70,19,6,0,4,220,1,Mobile,Chrome,Spring,0,3,1,371
4672,56,Male,114483,14,85,49,4,6,9,147,0,Desktop,Safari,Summer,0,4,1,151
4673,33,Female,42064,5,49,16,14,11,6,65,0,Mobile,Safari,Spring,1,2,0,0
4674,50,Male,92287,9,79,19,13,12,2,93,0,Mobile,Firefox,Summer,0,5,0,0
4675,38,Male,100442,13,105,37,10,3,3,202,1,Tablet,Safari,Spring,1,2,1,462
4676,26,Male,140550,19,17,22,25,0,3,292,0,Desktop,Chrome,Winter,1,5,0,0
4677,23,Female,103632,11,97,19,22,3,9,210,0,Mobile,Edge,Fall,1,5,1,210
4678,62,Male,34425,12,36,4,29,6,3,220,0,Desktop,Edge,Winter,0,4,0,0
4679,52,Female,71481,3,113,5,12,12,7,300,0,Tablet,Chrome,Spring,1,4,1,329
4680,56,Male,97347,2,108,5,24,7,1,263,1,Mobile,Safari,Summer,0,5,0,0
4681,39,Female,103114,15,47,25,8,1,1,38,0,Desktop,Edge,Winter,0,5,0,0
4682,58,Female,92317,5,12,24,20,12,4,105,1,Tablet,Edge,Winter,0,4,1,88
4683,22,Female,142850,7,78,1,5,8,5,251,1,Desktop,Chrome,Spring,1,4,1,339
4684,59,Male,106826,4,93,28,2,4,3,254,0,Tablet,Edge,Spring,0,3,1,187
4685,40,Male,70530,5,63,47,20,13,6,278,0,Desktop,Firefox,Spring,0,4,1,306
4686,34,Male,101099,16,15,21,12,10,9,237,0,Mobile,Chrome,Spring,1,2,1,67
4687,29,Female,45888,15,32,19,6,11,3,203,1,Desktop,Safari,Spring,0,3,1,68
4688,40,Male,47491,16,101,23,15,13,7,54,1,Tablet,Edge,Winter,0,2,1,17
4689,33,Male,133101,4,43,14,18,7,1,211,1,Mobile,Safari,Spring,0,3,1,46
4690,20,Female,52352,6,30,6,18,1,9,6,1,Tablet,Safari,Summer,1,3,0,0
4691,47,Male,135437,18,76,32,10,1,3,201,1,Desktop,Safari,Spring,1,5,1,68
4692,39,Male,41676,3,106,32,7,3,6,364,1,Desktop,Firefox,Fall,1,3,0,0
4693,26,Female,85836,5,30,8,10,3,4,285,1,Mobile,Edge,Fall,0,1,0,0
4694,46,Female,57463,2,36,37,5,2,9,43,0,Desktop,Edge,Fall,0,3,0,0
4695,64,Male,130478,16,50,22,16,4,1,195,0,Tablet,Edge,Summer,0,3,1,485
4696,54,Female,68990,6,32,8,29,1,2,248,1,Mobile,Safari,Winter,1,2,1,168
4697,40,Male,106544,15,11,38,19,0,3,318,0,Tablet,Chrome,Fall,0,3,1,36
4698,30,Male,83627,18,39,10,3,11,4,269,1,Mobile,Edge,Winter,0,4,1,405
4699,49,Male,40221,6,70,3,7,3,6,192,0,Mobile,Edge,Fall,0,2,0,0
4700,63,Male,134965,13,26,13,19,5,2,47,0,Mobile,Firefox,Spring,0,2,1,376
4701,64,Male,114870,13,118,39,12,13,8,188,1,Desktop,Chrome,Winter,0,2,1,315
4702,40,Female,129054,1,26,30,10,5,9,271,0,Desktop,Edge,Winter,0,2,1,484
4703,62,Female,148345,16,7,4,5,1,2,261,1,Mobile,Safari,Summer,0,4,0,0
4704,34,Male,105837,4,50,45,29,5,4,69,0,Mobile,Firefox,Winter,1,2,1,233
4705,57,Female,92843,17,54,6,2,3,4,258,1,Desktop,Firefox,Spring,0,2,0,0
4706,38,Female,71313,18,113,16,3,9,6,114,0,Desktop,Chrome,Winter,1,4,1,47
4707,19,Male,49251,16,12,22,14,14,5,294,0,Tablet,Edge,Fall,0,3,0,0
4708,54,Female,66586,1,8,27,15,0,2,242,1,Tablet,Edge,Winter,0,1,1,221
4709,23,Female,119693,6,19,21,20,0,0,94,0,Mobile,Edge,Summer,1,3,1,428
4710,61,Male,94418,11,48,29,13,14,5,182,0,Mobile,Chrome,Summer,0,4,1,85
4711,35,Male,73884,6,114,1,17,1,5,295,0,Tablet,Safari,Fall,0,3,0,0
4712,47,Male,72620,17,43,30,20,3,3,253,0,Mobile,Firefox,Spring,1,2,0,0
4713,39,Male,30040,4,80,24,4,7,1,20,1,Tablet,Edge,Winter,0,4,1,70
4714,50,Male,91677,14,33,13,19,2,8,250,0,Tablet,Edge,Winter,1,4,0,0
4715,47,Male,65878,14,77,30,26,14,5,285,0,Tablet,Edge,Summer,0,1,0,0
4716,34,Male,25969,8,110,26,15,10,0,17,1,Desktop,Safari,Winter,0,1,0,0
4717,60,Female,33162,2,108,34,15,4,7,51,0,Mobile,Firefox,Fall,1,3,0,0
4718,49,Male,85435,5,66,20,9,2,9,136,0,Tablet,Edge,Fall,1,2,0,0
4719,59,Female,138504,4,88,6,3,7,6,149,0,Desktop,Chrome,Summer,0,1,0,0
4720,31,Female,94667,10,38,43,2,13,5,151,0,Desktop,Edge,Fall,1,3,0,0
4721,27,Male,148658,3,30,49,7,3,0,115,1,Mobile,Safari,Fall,0,3,0,0
4722,64,Female,25037,16,116,9,9,10,9,347,1,Tablet,Edge,Fall,0,5,0,0
4723,53,Female,80526,10,89,37,22,7,4,262,1,Mobile,Firefox,Spring,0,5,0,0
4724,51,Female,107914,15,91,37,5,12,3,180,1,Tablet,Chrome,Summer,0,2,0,0
4725,26,Male,34693,4,22,16,17,7,6,136,1,Tablet,Chrome,Fall,0,5,1,340
4726,59,Female,146189,1,67,4,3,8,1,99,1,Desktop,Safari,Fall,0,2,0,0
4727,45,Female,112162,15,56,32,9,1,0,325,1,Tablet,Safari,Fall,0,2,0,0
4728,28,Male,79090,10,58,20,8,10,6,289,0,Desktop,Firefox,Fall,0,4,1,412
4729,31,Female,22451,18,92,29,9,9,7,190,0,Tablet,Edge,Spring,0,3,0,0
4730,56,Female,85560,16,46,31,24,6,4,191,0,Mobile,Safari,Winter,0,5,0,0
4731,64,Female,25962,9,97,45,17,9,7,216,0,Tablet,Chrome,Winter,0,1,0,0
4732,36,Female,120860,19,106,17,24,13,3,160,0,Desktop,Safari,Summer,1,2,1,20
4733,32,Female,116951,17,106,41,8,13,7,311,1,Desktop,Edge,Spring,0,2,1,123
4734,45,Male,109552,10,58,25,21,0,2,289,0,Desktop,Edge,Summer,0,3,0,0
4735,41,Female,36444,19,56,45,14,12,6,166,0,Desktop,Edge,Winter,0,3,0,0
4736,25,Male,60443,8,17,16,22,3,5,258,0,Desktop,Edge,Summer,0,5,0,0
4737,60,Female,36506,19,36,20,16,3,0,236,0,Desktop,Safari,Winter,0,5,1,316
4738,26,Male,58384,5,87,42,18,3,4,209,0,Mobile,Edge,Summer,1,2,0,0
4739,64,Male,128598,2,85,10,17,6,3,229,0,Tablet,Edge,Spring,1,4,0,0
4740,50,Male,135874,15,70,48,24,12,5,66,0,Mobile,Firefox,Spring,1,1,1,104
4741,50,Female,117229,17,86,23,7,13,8,222,0,Mobile,Firefox,Fall,0,1,0,0
4742,36,Female,132314,10,62,33,20,4,3,15,1,Mobile,Chrome,Spring,0,2,1,343
4743,20,Female,139846,2,43,43,15,4,1,317,1,Tablet,Edge,Summer,0,3,0,0
4744,27,Female,44248,9,31,13,27,2,7,159,0,Mobile,Chrome,Winter,0,2,0,0
4745,57,Female,66162,2,82,25,28,9,0,245,1,Desktop,Safari,Summer,1,2,0,0
4746,64,Male,62690,18,58,37,7,4,5,251,1,Tablet,Firefox,Winter,0,1,1,333
4747,59,Male,147521,12,83,36,2,4,3,166,0,Mobile,Firefox,Fall,1,2,0,0
4748,18,Male,89625,15,76,24,27,7,5,157,0,Mobile,Edge,Fall,1,2,0,0
4749,46,Female,132752,6,77,6,2,14,2,206,1,Tablet,Chrome,Spring,1,3,1,237
4750,51,Female,88008,18,89,15,7,10,8,121,0,Tablet,Firefox,Fall,0,4,1,167
4751,30,Male,80309,13,47,34,19,1,2,171,0,Desktop,Safari,Fall,0,1,0,0
4752,18,Female,63237,4,103,4,6,14,2,122,0,Desktop,Firefox,Spring,0,4,1,175
4753,51,Female,146967,12,56,14,28,13,4,279,0,Tablet,Chrome,Summer,1,3,1,419
4754,46,Male,125754,9,18,4,12,13,6,25,0,Desktop,Firefox,Winter,0,5,1,286
4755,64,Male,55732,2,95,28,15,7,5,156,0,Desktop,Firefox,Winter,0,2,1,125
4756,30,Female,28104,16,12,29,13,3,6,99,0,Mobile,Chrome,Winter,0,4,1,476
4757,46,Female,103230,1,39,18,7,8,8,350,1,Desktop,Safari,Summer,0,2,0,0
4758,56,Male,110266,4,22,20,7,7,2,219,1,Mobile,Edge,Fall,0,2,0,0
4759,41,Female,54980,15,59,48,15,4,4,200,1,Desktop,Safari,Winter,0,1,1,164
4760,43,Male,149985,1,82,41,26,4,4,83,0,Mobile,Chrome,Fall,0,4,0,0
4761,34,Male,146133,15,56,32,4,8,2,364,0,Desktop,Edge,Fall,0,5,1,123
4762,24,Male,94990,3,76,8,3,12,9,276,0,Desktop,Firefox,Fall,0,1,0,0
4763,30,Female,59560,13,53,43,1,13,8,222,0,Desktop,Firefox,Fall,0,2,1,208
4764,22,Male,29554,18,12,46,7,4,8,29,0,Mobile,Chrome,Summer,0,4,0,0
4765,43,Male,111049,13,41,49,9,12,5,136,0,Tablet,Safari,Spring,0,4,0,0
4766,20,Female,127007,10,112,13,1,8,4,62,0,Desktop,Safari,Spring,0,1,1,210
4767,24,Male,65987,7,70,40,5,5,3,166,0,Desktop,Safari,Spring,0,5,1,385
4768,56,Female,50985,8,85,46,15,10,3,131,1,Tablet,Edge,Fall,0,1,1,195
4769,18,Female,110298,1,81,43,4,10,4,259,0,Mobile,Safari,Fall,0,5,1,346
4770,34,Female,68167,18,82,9,10,0,1,311,1,Desktop,Safari,Spring,0,1,0,0
4771,60,Male,136533,12,45,40,2,10,7,206,1,Mobile,Safari,Fall,1,4,0,0
4772,42,Male,60428,18,109,46,23,11,6,163,0,Desktop,Edge,Fall,0,2,1,388
4773,20,Female,87238,12,77,47,7,11,6,300,1,Mobile,Safari,Summer,1,5,1,276
4774,32,Female,135078,9,31,33,29,7,0,172,1,Mobile,Edge,Summer,0,4,0,0
4775,46,Female,82723,2,24,12,24,13,7,169,0,Tablet,Edge,Summer,0,5,1,288
4776,60,Male,37038,14,42,37,19,0,0,155,1,Mobile,Chrome,Spring,1,5,0,0
4777,49,Female,42219,4,16,25,6,1,8,92,1,Desktop,Firefox,Spring,1,5,0,0
4778,43,Female,24271,15,46,46,15,5,5,156,0,Tablet,Safari,Winter,0,1,1,174
4779,33,Female,47397,17,90,25,20,4,7,5,1,Tablet,Firefox,Summer,1,5,1,187
4780,42,Male,94491,19,105,16,12,1,0,171,0,Mobile,Edge,Winter,0,2,0,0
4781,45,Female,138088,6,54,16,11,12,5,191,1,Mobile,Edge,Spring,0,5,0,0
4782,26,Male,49602,9,107,39,3,5,0,39,1,Desktop,Chrome,Winter,0,1,1,196
4783,18,Male,74471,17,35,35,20,6,2,10,0,Tablet,Edge,Fall,1,5,0,0
4784,46,Female,82150,15,81,23,28,2,1,63,1,Tablet,Chrome,Fall,0,1,0,0
4785,39,Female,64227,5,69,8,17,10,1,265,1,Tablet,Firefox,Spring,1,4,0,0
4786,33,Female,117081,18,106,46,7,7,3,84,1,Mobile,Edge,Fall,1,2,1,57
4787,58,Male,43116,4,57,3,23,3,6,29,1,Desktop,Chrome,Fall,1,1,1,111
4788,61,Male,26674,2,44,24,23,9,2,213,1,Desktop,Edge,Winter,0,3,1,138
4789,58,Male,37469,19,77,43,18,8,6,355,1,Tablet,Chrome,Fall,0,3,1,215
4790,24,Female,25446,5,43,22,17,6,8,221,1,Mobile,Chrome,Summer,0,4,1,52
4791,31,Male,144809,4,14,14,16,12,3,271,1,Desktop,Firefox,Spring,0,5,1,402
4792,46,Female,40760,5,33,22,25,2,6,209,0,Desktop,Safari,Summer,0,2,0,0
4793,36,Female,21963,19,44,34,2,14,0,152,0,Mobile,Firefox,Summer,0,4,0,0
4794,36,Female,128281,13,34,36,5,13,1,35,0,Desktop,Edge,Winter,0,5,1,226
4795,19,Male,96002,16,6,31,21,14,7,61,0,Tablet,Safari,Fall,1,4,1,125
4796,58,Male,47262,12,86,21,13,4,2,276,1,Mobile,Edge,Spring,0,5,0,0
4797,62,Male,25177,9,32,5,29,8,4,314,0,Tablet,Firefox,Winter,0,5,0,0
4798,32,Female,31160,16,51,19,11,14,7,100,0,Tablet,Edge,Fall,1,3,0,0
4799,20,Male,122876,14,36,42,24,12,4,203,0,Mobile,Safari,Summer,1,4,1,378
4800,28,Male,27543,1,92,21,1,11,0,247,1,Desktop,Chrome,Spring,1,5,1,321
4801,63,Female,127211,4,106,2,27,8,1,222,0,Tablet,Chrome,Winter,0,2,0,0
4802,47,Female,102162,9,82,3,23,7,9,188,0,Desktop,Edge,Summer,0,2,1,41
4803,57,Male,59278,19,93,47,3,7,2,86,0,Desktop,Firefox,Summer,0,4,1,23
4804,35,Female,49607,14,93,30,18,8,9,88,0,Desktop,Safari,Winter,0,1,1,272
4805,19,Male,105835,12,36,34,21,4,1,142,0,Desktop,Edge,Summer,0,3,0,0
4806,49,Female,144403,4,31,25,4,12,8,164,1,Desktop,Chrome,Fall,0,3,0,0
4807,25,Female,37221,7,58,35,29,10,4,141,0,Mobile,Edge,Summer,0,2,0,0
4808,39,Male,23323,17,100,29,9,12,0,257,1,Desktop,Chrome,Winter,1,3,0,0
4809,23,Female,72105,1,60,12,11,8,7,91,0,Desktop,Edge,Fall,1,4,0,0
4810,29,Female,127841,14,35,23,17,14,2,269,0,Tablet,Firefox,Winter,1,1,0,0
4811,64,Female,96151,15,118,28,11,5,8,163,1,Mobile,Firefox,Fall,1,4,1,91
4812,57,Male,144908,12,28,46,3,12,8,18,0,Desktop,Chrome,Summer,0,2,1,340
4813,53,Female,86968,12,39,17,19,13,5,162,0,Desktop,Firefox,Winter,1,3,0,0
4814,32,Female,43238,6,34,16,20,5,3,52,0,Tablet,Edge,Summer,1,4,0,0
4815,45,Male,125959,13,101,49,23,10,8,326,1,Mobile,Chrome,Fall,0,1,1,496
4816,62,Male,83830,16,59,9,21,9,8,58,0,Mobile,Chrome,Spring,0,5,1,382
4817,35,Female,93967,14,68,3,11,13,1,283,1,Tablet,Chrome,Fall,0,3,1,178
4818,19,Female,28330,7,37,22,26,11,9,146,0,Mobile,Firefox,Summer,0,3,1,64
4819,30,Female,64153,16,50,31,14,5,5,57,0,Mobile,Firefox,Winter,0,5,1,87
4820,62,Male,28611,9,95,14,6,6,3,9,1,Desktop,Safari,Fall,0,3,0,0
4821,32,Female,33872,14,101,3,19,8,2,192,1,Tablet,Edge,Winter,1,4,1,255
4822,37,Male,69455,7,37,38,21,14,9,79,1,Tablet,Safari,Summer,0,2,0,0
4823,46,Male,54930,12,72,23,29,2,5,151,1,Mobile,Chrome,Summer,0,3,1,274
4824,59,Female,92022,3,68,21,15,11,7,315,0,Desktop,Edge,Summer,0,2,0,0
4825,46,Female,82714,14,34,24,28,14,8,195,1,Mobile,Firefox,Fall,0,2,0,0
4826,20,Male,144906,19,112,32,11,12,8,201,0,Desktop,Safari,Spring,0,4,1,86
4827,36,Female,122406,11,83,45,18,5,1,278,0,Mobile,Safari,Winter,0,5,0,0
4828,20,Female,108794,5,33,5,4,12,7,84,0,Mobile,Chrome,Spring,0,3,0,0
4829,31,Male,68716,13,66,33,28,9,7,263,1,Tablet,Edge,Winter,0,1,1,88
4830,57,Female,128722,10,96,44,19,4,4,145,1,Mobile,Edge,Spring,1,3,0,0
4831,21,Male,86704,7,100,47,3,3,3,233,0,Mobile,Chrome,Fall,1,4,1,176
4832,28,Female,20415,17,104,19,12,7,8,151,0,Tablet,Firefox,Fall,1,4,1,292
4833,48,Male,96441,16,34,34,4,2,3,37,0,Desktop,Edge,Summer,1,5,0,0
4834,60,Male,131736,8,110,3,24,14,9,324,0,Mobile,Safari,Spring,0,2,1,179
4835,49,Female,90779,17,111,39,12,1,3,201,0,Mobile,Chrome,Fall,0,1,1,396
4836,44,Male,102069,13,106,28,24,3,2,362,0,Tablet,Safari,Summer,0,3,0,0
4837,47,Male,112556,11,110,11,1,2,9,192,1,Desktop,Firefox,Winter,0,1,1,245
4838,60,Female,108444,18,16,10,28,6,2,18,1,Mobile,Firefox,Summer,0,2,0,0
4839,19,Female,91435,5,71,40,16,11,2,163,0,Mobile,Edge,Winter,1,2,1,50
4840,26,Female,119142,6,19,2,21,12,6,279,1,Tablet,Safari,Winter,1,1,1,482
4841,45,Male,124448,14,116,46,2,3,4,351,0,Desktop,Firefox,Summer,0,4,1,231
4842,48,Male,29888,12,14,45,26,9,8,212,0,Mobile,Chrome,Fall,0,2,1,487
4843,51,Male,65299,4,90,39,22,11,1,135,0,Tablet,Firefox,Winter,0,3,0,0
4844,32,Female,144790,7,65,27,3,8,3,189,0,Tablet,Firefox,Winter,0,1,1,372
4845,42,Male,78765,11,27,9,28,12,1,332,1,Tablet,Edge,Winter,0,2,0,0
4846,53,Male,82714,2,15,39,16,11,7,243,0,Desktop,Chrome,Spring,1,4,0,0
4847,25,Female,147854,4,20,1,26,10,3,185,1,Tablet,Firefox,Spring,1,1,0,0
4848,26,Male,35935,7,53,33,10,4,0,196,1,Mobile,Safari,Winter,0,4,1,142
4849,54,Female,93002,1,114,38,29,13,9,245,0,Mobile,Chrome,Spring,0,3,1,244
4850,62,Female,100631,15,84,33,29,2,2,15,0,Desktop,Chrome,Spring,0,5,0,0
4851,56,Female,96729,8,18,48,9,1,6,175,0,Mobile,Safari,Fall,0,1,1,240
4852,49,Male,21320,5,10,3,14,5,2,312,0,Desktop,Safari,Summer,0,3,0,0
4853,34,Male,66032,14,46,32,25,13,4,97,1,Mobile,Edge,Summer,0,4,1,257
4854,52,Male,97763,18,21,13,8,5,1,14,0,Tablet,Chrome,Fall,1,4,0,0
4855,54,Female,37907,3,99,21,2,0,7,155,1,Mobile,Safari,Winter,0,4,0,0
4856,36,Female,58002,2,46,4,11,6,3,166,0,Tablet,Chrome,Summer,1,1,1,418
4857,61,Female,64838,16,14,17,2,11,0,104,0,Desktop,Chrome,Winter,1,3,0,0
4858,46,Male,58912,14,50,42,27,4,3,212,0,Tablet,Chrome,Winter,0,4,0,0
4859,24,Male,20552,16,88,4,15,6,7,130,1,Tablet,Chrome,Fall,0,4,0,0
4860,45,Male,40140,11,53,20,18,11,8,4,0,Mobile,Chrome,Summer,0,5,0,0
4861,26,Male,105591,17,13,12,5,3,0,241,0,Desktop,Edge,Fall,1,3,0,0
4862,45,Male,135169,3,83,26,28,4,5,152,0,Mobile,Chrome,Summer,0,3,1,495
4863,23,Female,68737,5,43,45,26,6,3,137,0,Desktop,Chrome,Fall,0,5,0,0
4864,46,Male,53367,3,6,36,25,5,7,147,0,Tablet,Edge,Summer,0,4,0,0
4865,34,Female,100634,15,72,16,7,13,0,190,1,Desktop,Safari,Winter,0,2,0,0
4866,33,Female,44061,5,56,7,23,0,4,169,0,Desktop,Safari,Winter,0,4,0,0
4867,40,Male,116590,3,92,33,19,0,0,128,1,Desktop,Edge,Fall,1,2,0,0
4868,48,Female,100336,6,86,48,19,1,3,92,1,Mobile,Safari,Spring,1,4,0,0
4869,20,Male,62124,14,15,2,26,12,1,77,0,Tablet,Chrome,Winter,0,3,0,0
4870,38,Male,65638,2,41,33,16,12,9,78,0,Tablet,Safari,Summer,0,3,0,0
4871,43,Female,130728,18,94,14,19,10,8,114,1,Mobile,Firefox,Winter,0,2,0,0
4872,53,Male,111115,6,76,20,17,10,1,74,0,Desktop,Safari,Summer,0,1,0,0
4873,59,Male,21982,5,26,37,13,2,3,125,0,Tablet,Edge,Summer,0,1,0,0
4874,54,Female,136322,14,56,27,28,0,2,212,0,Tablet,Safari,Fall,0,4,0,0
4875,39,Female,126134,17,9,47,8,9,0,193,0,Tablet,Safari,Winter,0,5,0,0
4876,59,Female,55765,11,6,42,28,1,0,76,0,Desktop,Edge,Fall,0,4,0,0
4877,29,Female,102606,1,9,21,11,13,1,227,0,Mobile,Edge,Summer,0,2,0,0
4878,59,Female,116422,10,103,2,18,11,7,340,0,Mobile,Chrome,Fall,0,2,0,0
4879,30,Female,129910,9,36,43,11,1,1,332,0,Tablet,Edge,Winter,0,3,0,0
4880,28,Male,74681,12,112,16,23,6,0,140,0,Desktop,Firefox,Fall,0,4,0,0
4881,33,Male,83232,1,23,19,9,10,5,167,0,Tablet,Firefox,Summer,0,5,0,0
4882,25,Male,82349,18,107,4,14,12,0,186,1,Mobile,Edge,Winter,0,4,1,57
4883,57,Female,120063,12,119,10,2,11,9,323,0,Desktop,Firefox,Fall,1,4,0,0
4884,57,Male,83474,2,8,22,29,5,8,327,0,Mobile,Chrome,Spring,0,4,0,0
4885,62,Female,125327,1,91,12,17,8,5,215,1,Tablet,Edge,Winter,0,1,1,96
4886,19,Male,49513,1,50,2,21,9,9,77,0,Mobile,Safari,Summer,0,5,1,276
4887,47,Female,42592,1,87,2,16,13,5,75,1,Desktop,Chrome,Fall,0,4,1,404
4888,47,Male,132196,12,30,41,26,4,0,116,1,Desktop,Firefox,Summer,1,1,0,0
4889,29,Female,43618,7,54,44,5,2,6,340,0,Desktop,Chrome,Fall,0,4,0,0
4890,27,Female,71632,4,30,34,1,0,2,49,1,Mobile,Firefox,Fall,0,5,1,374
4891,61,Female,35409,4,75,18,9,0,0,319,0,Desktop,Firefox,Winter,0,3,0,0
4892,28,Female,29529,15,36,16,3,1,8,239,1,Mobile,Firefox,Fall,0,1,0,0
4893,32,Male,142164,1,115,19,14,14,7,283,0,Desktop,Chrome,Summer,0,2,0,0
4894,33,Male,44154,6,101,47,18,12,3,198,0,Mobile,Safari,Spring,0,2,1,281
4895,34,Female,52882,14,48,25,12,10,2,361,1,Mobile,Safari,Fall,0,1,0,0
4896,43,Female,64917,14,30,30,23,10,1,58,1,Mobile,Safari,Winter,0,2,0,0
4897,19,Female,102488,10,65,48,14,2,1,122,0,Desktop,Safari,Spring,0,2,1,296
4898,29,Male,35701,7,92,6,28,10,2,122,0,Mobile,Safari,Spring,0,2,0,0
4899,43,Female,95281,12,55,27,16,9,0,265,1,Desktop,Firefox,Winter,0,5,0,0
4900,40,Female,109871,19,63,15,5,13,9,213,0,Tablet,Safari,Spring,0,2,0,0
4901,35,Male,88225,9,91,31,20,13,6,242,1,Desktop,Edge,Fall,1,3,0,0
4902,49,Female,139278,3,42,44,20,13,1,242,1,Tablet,Firefox,Summer,1,5,1,165
4903,55,Female,72492,4,30,22,15,9,5,76,0,Desktop,Safari,Fall,0,1,0,0
4904,64,Male,22988,13,49,12,9,4,5,193,1,Tablet,Chrome,Fall,0,4,0,0
4905,20,Female,55919,10,35,10,25,6,3,348,1,Mobile,Chrome,Spring,1,1,1,79
4906,55,Female,130023,14,74,21,17,3,3,19,0,Tablet,Edge,Summer,0,5,1,386
4907,20,Male,68426,6,49,47,12,9,0,122,0,Tablet,Firefox,Spring,0,2,0,0
4908,47,Female,72167,8,35,31,13,10,5,142,0,Mobile,Firefox,Winter,0,4,0,0
4909,18,Male,29013,19,115,36,10,5,7,218,0,Tablet,Firefox,Fall,0,4,1,496
4910,47,Female,59113,10,65,10,7,5,9,336,1,Desktop,Firefox,Summer,0,4,1,257
4911,62,Female,23574,5,52,19,27,12,3,344,0,Desktop,Safari,Spring,0,5,1,316
4912,49,Female,118016,5,108,23,24,10,0,160,0,Tablet,Firefox,Summer,0,1,1,262
4913,45,Female,27838,5,49,46,21,1,3,262,0,Tablet,Firefox,Winter,0,3,1,141
4914,38,Female,113899,9,113,10,7,5,1,113,0,Desktop,Chrome,Fall,1,4,0,0
4915,63,Male,51368,9,64,49,8,4,3,350,0,Desktop,Safari,Summer,0,1,0,0
4916,30,Female,52228,15,65,27,24,14,7,253,1,Tablet,Safari,Summer,0,1,0,0
4917,44,Female,136296,9,56,43,15,10,2,279,0,Mobile,Safari,Summer,0,3,0,0
4918,53,Male,69711,14,56,2,25,5,4,19,0,Mobile,Edge,Spring,0,3,0,0
4919,24,Male,66097,6,80,11,21,3,9,217,1,Desktop,Safari,Spring,0,5,1,374
4920,39,Female,75773,8,119,8,18,0,1,217,1,Mobile,Chrome,Summer,0,3,0,0
4921,27,Male,48639,2,85,19,22,8,8,130,0,Tablet,Chrome,Winter,0,3,0,0
4922,56,Female,34823,5,66,16,1,13,2,202,0,Desktop,Edge,Summer,0,4,1,376
4923,32,Male,43510,17,30,4,10,2,0,181,0,Mobile,Chrome,Fall,1,1,1,417
4924,32,Male,149802,10,71,14,22,13,6,108,0,Mobile,Chrome,Fall,1,3,0,0
4925,21,Female,58333,14,83,22,19,14,4,105,1,Mobile,Safari,Fall,1,2,0,0
4926,49,Male,24435,18,53,17,29,0,8,43,1,Desktop,Safari,Summer,1,5,0,0
4927,40,Female,58418,1,106,43,3,13,2,289,0,Tablet,Chrome,Spring,0,3,1,449
4928,23,Male,77955,2,92,26,7,13,0,211,0,Tablet,Safari,Summer,0,3,1,345
4929,41,Male,79507,4,119,35,4,3,6,119,0,Desktop,Chrome,Summer,0,3,1,219
4930,37,Male,71033,13,98,36,5,13,7,290,0,Mobile,Firefox,Fall,1,3,1,167
4931,54,Female,106089,16,48,45,6,6,1,334,1,Tablet,Firefox,Winter,0,5,0,0
4932,37,Female,138551,5,40,49,28,3,1,356,1,Mobile,Chrome,Winter,0,4,0,0
4933,29,Male,92972,10,57,30,10,10,8,20,0,Tablet,Safari,Fall,0,4,1,341
4934,50,Female,122012,17,48,21,12,3,3,318,0,Tablet,Firefox,Summer,0,5,0,0
4935,45,Female,67219,11,95,20,14,8,0,2,1,Tablet,Firefox,Summer,0,3,1,372
4936,25,Female,54477,5,26,42,22,10,8,216,0,Mobile,Firefox,Fall,1,1,0,0
4937,18,Male,109780,15,6,26,2,14,8,88,1,Mobile,Edge,Winter,1,3,1,143
4938,54,Female,62721,4,11,12,3,5,5,253,0,Mobile,Chrome,Winter,0,1,0,0
4939,39,Male,87228,7,20,8,1,8,5,223,0,Mobile,Firefox,Fall,0,2,0,0
4940,23,Male,35523,10,92,35,3,11,8,208,1,Mobile,Safari,Summer,1,4,0,0
4941,38,Male,52326,4,98,29,24,11,1,118,0,Desktop,Chrome,Summer,0,4,1,109
4942,49,Male,132626,5,48,42,15,12,8,68,0,Tablet,Chrome,Summer,0,1,1,315
4943,52,Male,62205,5,116,7,16,1,3,226,0,Tablet,Firefox,Spring,1,2,1,453
4944,32,Female,20125,11,114,10,20,6,3,79,0,Desktop,Firefox,Winter,0,4,1,268
4945,22,Female,131248,19,69,39,2,6,8,339,1,Tablet,Chrome,Winter,0,2,1,136
4946,63,Male,86735,5,95,20,20,13,6,147,0,Desktop,Safari,Spring,0,4,1,382
4947,23,Female,124396,8,77,28,16,7,9,35,0,Desktop,Edge,Winter,0,1,1,254
4948,42,Female,36375,7,75,14,15,9,4,148,0,Desktop,Chrome,Fall,0,4,1,358
4949,63,Female,22711,8,73,12,7,10,7,359,1,Tablet,Chrome,Spring,0,4,0,0
4950,57,Female,52437,13,65,8,25,8,0,297,0,Desktop,Chrome,Winter,0,1,0,0
4951,46,Female,48022,5,34,7,5,7,6,122,0,Tablet,Safari,Summer,1,5,1,368
4952,24,Female,29182,18,46,5,29,1,3,32,0,Mobile,Edge,Fall,1,5,0,0
4953,57,Female,113177,9,95,1,5,2,1,141,0,Mobile,Edge,Spring,0,4,0,0
4954,30,Male,115066,2,78,47,28,11,1,310,0,Desktop,Chrome,Spring,1,5,0,0
4955,55,Male,144401,16,29,9,21,1,8,16,0,Desktop,Firefox,Summer,0,3,0,0
4956,35,Male,108148,14,86,44,26,0,5,266,1,Mobile,Firefox,Spring,0,5,0,0
4957,19,Female,91531,17,75,18,9,12,3,249,0,Mobile,Safari,Winter,0,2,1,50
4958,25,Female,60950,6,61,43,23,6,1,184,0,Mobile,Firefox,Spring,1,3,0,0
4959,28,Male,123806,3,99,42,14,7,6,194,0,Desktop,Safari,Summer,0,5,1,94
4960,50,Female,32920,17,36,10,19,4,8,166,1,Mobile,Firefox,Spring,0,3,0,0
4961,55,Female,42144,13,54,1,18,9,1,53,1,Desktop,Chrome,Fall,0,3,1,222
4962,44,Male,140270,6,113,20,9,12,3,82,1,Desktop,Safari,Fall,0,5,1,308
4963,37,Male,104418,8,79,43,3,10,0,34,1,Desktop,Firefox,Winter,0,2,1,148
4964,29,Male,22565,6,14,29,29,13,0,341,0,Tablet,Chrome,Summer,0,2,1,197
4965,60,Female,108909,16,26,2,11,8,2,85,0,Desktop,Safari,Spring,0,3,0,0
4966,48,Female,73942,6,99,26,24,3,0,207,1,Mobile,Safari,Spring,0,5,1,339
4967,44,Female,129093,17,45,11,15,0,3,202,1,Mobile,Firefox,Fall,0,2,0,0
4968,49,Male,90560,3,51,25,28,3,5,59,0,Desktop,Firefox,Summer,1,5,1,139
4969,27,Male,44691,12,18,34,4,4,4,355,0,Tablet,Chrome,Summer,0,5,0,0
4970,20,Female,53799,6,7,41,21,10,8,25,1,Tablet,Edge,Fall,0,4,1,131
4971,62,Male,86777,7,92,1,24,11,1,31,1,Desktop,Safari,Winter,0,4,0,0
4972,44,Male,54510,11,82,31,5,14,1,74,0,Tablet,Chrome,Spring,0,4,0,0
4973,52,Female,124013,9,57,38,26,7,2,3,0,Desktop,Chrome,Fall,0,5,0,0
4974,48,Male,107919,16,20,22,18,4,3,342,1,Mobile,Firefox,Summer,0,1,0,0
4975,32,Male,133043,5,65,2,22,11,8,102,0,Tablet,Firefox,Winter,1,5,0,0
4976,33,Male,97366,15,32,47,23,9,5,194,1,Desktop,Edge,Fall,1,2,1,188
4977,30,Female,48975,4,39,1,12,8,8,215,0,Tablet,Firefox,Summer,1,2,0,0
4978,52,Female,73242,5,108,24,1,5,4,121,1,Tablet,Firefox,Spring,0,2,1,361
4979,28,Male,66546,7,6,36,26,13,8,360,0,Tablet,Safari,Spring,0,1,1,251
4980,38,Female,112087,3,65,45,25,7,8,318,1,Mobile,Chrome,Winter,0,3,0,0
4981,28,Female,126464,4,60,36,22,2,0,181,0,Mobile,Safari,Winter,1,5,1,322
4982,47,Female,43267,15,102,47,20,12,8,344,0,Tablet,Chrome,Summer,0,4,1,429
4983,52,Male,97911,2,59,34,2,2,6,33,0,Mobile,Safari,Spring,0,2,1,365
4984,39,Female,107049,5,22,9,9,8,7,241,1,Mobile,Chrome,Spring,0,2,0,0
4985,55,Male,89939,7,75,12,22,5,2,91,0,Tablet,Safari,Spring,1,3,0,0
4986,48,Male,141265,17,53,46,25,3,0,141,1,Tablet,Firefox,Winter,0,3,0,0
4987,31,Female,24897,8,106,20,18,7,3,39,0,Tablet,Firefox,Winter,0,3,0,0
4988,41,Male,20163,9,46,4,5,3,0,29,1,Desktop,Chrome,Spring,1,5,1,489
4989,49,Female,121614,10,11,15,22,10,0,105,0,Mobile,Chrome,Spring,0,2,0,0
4990,53,Female,72540,11,8,4,14,3,3,25,1,Desktop,Chrome,Summer,0,1,0,0
4991,49,Male,102915,1,47,5,11,11,7,275,1,Desktop,Firefox,Winter,0,1,1,93
4992,32,Male,133295,15,84,10,21,6,0,99,0,Desktop,Edge,Summer,0,3,0,0
4993,60,Female,50030,8,63,44,22,6,9,16,0,Mobile,Chrome,Winter,0,1,0,0
4994,52,Female,75313,19,53,44,3,11,9,72,1,Tablet,Chrome,Summer,1,5,0,0
4995,20,Female,148070,12,64,40,9,7,8,199,0,Mobile,Firefox,Summer,0,1,1,230
4996,33,Female,49870,6,10,36,2,9,5,85,1,Tablet,Safari,Summer,1,3,0,0
4997,22,Male,136565,10,24,35,14,6,4,218,0,Desktop,Chrome,Spring,1,1,1,499
4998,38,Male,144703,5,35,1,28,12,8,185,1,Desktop,Chrome,Fall,0,2,1,316
4999,27,Male,49482,7,87,18,2,7,8,173,1,Desktop,Chrome,Fall,0,5,1,179
5000,36,Female,51058,7,26,31,21,12,8,262,1,Desktop,Firefox,Fall,1,5,1,399
5001,42,Male,77255,9,89,46,27,7,2,293,1,Desktop,Safari,Fall,0,5,1,442
5002,21,Male,112407,15,86,49,10,13,7,310,0,Tablet,Firefox,Fall,1,2,0,0
5003,46,Male,137952,6,36,6,19,6,9,4,0,Desktop,Edge,Summer,1,2,1,201
5004,36,Male,84930,16,51,6,29,0,3,175,0,Desktop,Edge,Winter,0,2,0,0
5005,60,Female,70500,7,38,42,29,3,3,341,0,Tablet,Firefox,Summer,0,4,1,372
5006,19,Male,149329,15,119,19,2,2,6,165,0,Mobile,Safari,Spring,1,5,0,0
5007,27,Male,46379,2,31,32,16,11,7,235,0,Desktop,Firefox,Fall,0,3,0,0
5008,60,Male,87787,8,106,42,6,8,3,170,1,Tablet,Chrome,Spring,0,1,1,381
5009,42,Male,129396,12,48,30,12,11,9,176,0,Desktop,Chrome,Spring,0,4,1,59
5010,37,Female,43674,11,34,26,22,9,5,228,0,Tablet,Firefox,Spring,0,1,0,0
5011,36,Female,144473,6,37,3,7,7,0,189,0,Mobile,Safari,Summer,0,1,0,0
5012,40,Male,142706,13,31,33,4,8,1,15,1,Desktop,Chrome,Fall,0,2,0,0
5013,41,Female,26590,16,60,31,8,4,4,254,0,Desktop,Safari,Summer,0,4,1,282
5014,28,Female,51432,8,27,47,19,4,3,59,0,Mobile,Edge,Winter,1,3,0,0
5015,63,Female,60426,17,47,20,10,9,2,247,0,Mobile,Edge,Winter,0,1,1,157
5016,51,Female,69584,13,87,4,1,4,5,298,0,Mobile,Safari,Fall,0,1,1,208
5017,45,Male,107663,4,58,32,5,13,9,159,1,Tablet,Edge,Summer,0,4,1,70
5018,22,Female,58015,10,99,18,6,1,5,262,1,Desktop,Chrome,Winter,0,3,1,66
5019,22,Female,93251,16,72,10,27,12,9,275,1,Tablet,Chrome,Winter,0,3,0,0
5020,38,Male,89353,17,57,22,29,6,7,166,1,Mobile,Edge,Fall,0,3,1,272
5021,29,Male,115029,8,87,17,19,7,1,122,1,Desktop,Chrome,Winter,0,1,1,477
5022,21,Male,102990,11,106,42,18,4,6,360,0,Mobile,Chrome,Fall,0,2,1,247
5023,59,Male,24600,5,44,4,19,7,6,346,0,Mobile,Chrome,Winter,0,4,0,0
5024,37,Female,44690,16,64,37,19,5,1,181,0,Tablet,Edge,Spring,1,3,0,0
5025,55,Male,144319,8,90,7,23,3,5,254,0,Tablet,Edge,Winter,0,2,0,0
5026,42,Female,128286,16,13,8,1,6,4,126,1,Desktop,Firefox,Summer,0,3,1,320
5027,31,Female,53762,4,99,1,27,7,1,331,0,Tablet,Edge,Summer,0,1,1,205
5028,28,Male,139006,6,14,8,20,8,8,110,1,Desktop,Edge,Fall,1,3,1,431
5029,49,Male,57499,8,14,19,11,4,7,142,0,Mobile,Firefox,Winter,0,1,1,255
5030,28,Female,107988,9,34,17,3,8,6,122,0,Desktop,Firefox,Fall,1,4,1,363
5031,35,Female,27670,13,14,41,10,7,5,10,1,Mobile,Chrome,Spring,1,1,1,18
5032,44,Male,106687,17,62,48,27,0,4,255,1,Tablet,Safari,Spring,0,3,0,0
5033,35,Male,37341,9,40,9,7,7,8,17,0,Mobile,Firefox,Spring,1,5,0,0
5034,40,Male,115140,13,86,16,17,7,4,203,0,Tablet,Safari,Winter,0,2,1,489
5035,28,Female,93823,9,48,45,24,12,5,15,0,Desktop,Edge,Summer,1,1,1,328
5036,38,Female,104074,6,61,37,26,6,2,3,0,Desktop,Chrome,Winter,0,1,0,0
5037,61,Male,37015,10,47,27,16,0,8,242,0,Desktop,Chrome,Fall,0,5,0,0
5038,22,Female,130180,5,116,2,7,5,7,312,0,Mobile,Firefox,Summer,0,3,0,0
5039,40,Male,85126,7,87,36,13,1,8,187,0,Tablet,Safari,Summer,0,2,1,45
5040,58,Female,144581,11,111,12,12,14,0,282,0,Desktop,Safari,Spring,0,2,0,0
5041,42,Female,75197,9,27,35,12,5,0,103,0,Mobile,Safari,Fall,0,2,1,326
5042,58,Male,69849,10,8,31,8,10,1,235,1,Mobile,Safari,Winter,1,2,1,385
5043,27,Male,134719,11,16,19,8,1,3,178,1,Mobile,Safari,Summer,0,4,0,0
5044,39,Male,35852,3,53,26,13,14,9,87,0,Desktop,Chrome,Summer,0,1,0,0
5045,36,Female,75361,8,28,36,11,12,4,317,0,Mobile,Safari,Summer,0,4,1,89
5046,18,Female,131794,17,17,4,25,1,6,253,0,Tablet,Safari,Summer,0,4,0,0
5047,24,Male,41258,7,72,48,1,13,3,311,0,Tablet,Safari,Summer,0,3,0,0
5048,21,Female,123866,12,95,43,25,6,0,192,0,Desktop,Firefox,Spring,0,1,0,0
5049,18,Male,82355,16,106,31,17,10,7,3,0,Mobile,Edge,Spring,0,3,1,399
5050,32,Female,61508,15,107,13,19,14,2,158,0,Desktop,Chrome,Summer,0,4,1,308
5051,57,Male,87784,13,76,43,13,9,8,186,1,Mobile,Edge,Winter,0,3,1,403
5052,29,Female,144773,18,94,39,23,14,1,141,1,Desktop,Firefox,Summer,1,4,0,0
5053,39,Female,91728,18,38,46,15,0,0,325,1,Desktop,Edge,Winter,0,5,0,0
5054,39,Female,47410,5,13,4,29,14,9,51,1,Tablet,Firefox,Fall,0,4,0,0
5055,64,Female,149974,14,14,40,24,4,7,310,1,Mobile,Firefox,Summer,1,1,0,0
5056,34,Male,29895,11,119,44,12,0,2,179,1,Tablet,Edge,Spring,1,3,0,0
5057,46,Female,91942,3,69,13,21,14,0,155,1,Tablet,Firefox,Fall,1,2,1,369
5058,63,Male,53924,17,116,41,17,8,2,268,0,Mobile,Firefox,Spring,1,2,1,226
5059,31,Male,132622,12,118,9,3,4,7,113,1,Desktop,Chrome,Winter,0,1,0,0
5060,37,Male,148809,3,76,2,7,4,3,120,0,Mobile,Edge,Summer,1,3,0,0
5061,50,Male,126839,2,78,35,2,3,9,89,0,Mobile,Safari,Summer,0,2,0,0
5062,60,Female,90831,4,58,12,2,2,6,106,0,Tablet,Firefox,Spring,0,3,1,385
5063,32,Male,32264,18,47,17,25,7,7,207,0,Tablet,Chrome,Fall,0,2,1,323
5064,29,Female,48038,14,117,4,6,6,6,31,1,Mobile,Firefox,Fall,0,1,0,0
5065,57,Female,124458,8,63,14,4,8,0,267,1,Mobile,Edge,Fall,0,2,0,0
5066,37,Female,136936,2,93,21,16,5,3,164,1,Desktop,Safari,Winter,0,2,0,0
5067,47,Female,29136,19,99,41,15,0,9,121,0,Tablet,Firefox,Summer,0,2,1,414
5068,55,Male,33213,10,107,8,10,14,8,134,1,Tablet,Chrome,Winter,0,1,1,296
5069,20,Female,97608,5,63,33,14,4,6,123,1,Tablet,Edge,Spring,0,4,1,215
5070,45,Male,128546,11,71,45,9,4,0,301,0,Mobile,Edge,Summer,0,3,0,0
5071,43,Female,121589,9,65,28,15,6,7,90,0,Mobile,Safari,Summer,0,5,1,254
5072,47,Female,47431,16,107,3,7,14,3,72,0,Desktop,Safari,Fall,0,5,1,24
5073,30,Male,62290,5,42,14,7,9,6,359,0,Tablet,Safari,Winter,1,2,0,0
5074,30,Female,87539,15,103,19,8,0,5,37,0,Tablet,Edge,Spring,1,3,0,0
5075,19,Female,105535,14,12,6,19,0,6,101,0,Desktop,Safari,Spring,0,2,0,0
5076,54,Female,116815,9,69,36,18,12,9,112,0,Desktop,Safari,Winter,1,3,1,183
5077,55,Female,62747,5,9,20,17,5,9,30,1,Desktop,Edge,Fall,0,5,0,0
5078,19,Female,95974,15,119,1,18,5,0,38,1,Tablet,Firefox,Spring,1,2,1,314
5079,53,Male,99763,9,95,10,19,8,5,207,0,Tablet,Chrome,Spring,0,2,1,386
5080,43,Female,89208,4,113,13,21,2,2,166,1,Tablet,Chrome,Winter,1,3,0,0
5081,28,Female,149132,4,94,12,8,11,9,9,0,Tablet,Chrome,Winter,0,4,1,458
5082,25,Male,92994,7,47,11,13,4,3,277,0,Desktop,Firefox,Summer,0,2,0,0
5083,61,Female,104075,15,64,36,27,4,0,169,1,Desktop,Edge,Spring,0,5,0,0
5084,57,Male,89015,17,30,17,11,0,9,325,0,Desktop,Edge,Spring,0,2,1,470
5085,60,Female,34887,18,15,47,29,14,7,275,0,Tablet,Chrome,Summer,0,1,1,287
5086,39,Female,145900,7,38,29,19,5,1,249,1,Desktop,Firefox,Fall,0,1,0,0
5087,37,Male,20051,19,109,3,7,3,2,112,1,Tablet,Safari,Fall,1,4,0,0
5088,25,Female,87695,10,6,29,27,11,6,80,0,Desktop,Safari,Winter,1,3,1,61
5089,46,Female,89926,13,25,10,27,5,1,18,1,Desktop,Safari,Spring,0,1,0,0
5090,57,Male,105571,2,119,46,5,12,3,80,1,Mobile,Chrome,Fall,0,2,1,18
5091,43,Male,142044,11,30,19,5,12,6,195,1,Tablet,Chrome,Winter,0,2,0,0
5092,47,Female,48491,5,80,4,8,7,2,199,1,Tablet,Edge,Fall,0,3,1,31
5093,34,Male,36080,6,77,46,10,7,1,116,0,Mobile,Chrome,Fall,1,1,0,0
5094,37,Female,54880,3,109,38,5,12,7,32,0,Mobile,Chrome,Spring,0,5,0,0
5095,33,Male,79965,1,91,12,26,2,1,223,0,Tablet,Safari,Fall,1,3,0,0
5096,63,Female,131056,3,110,31,15,8,9,88,1,Mobile,Firefox,Winter,0,5,1,191
5097,60,Male,67361,3,9,2,23,10,6,161,1,Tablet,Edge,Summer,1,2,0,0
5098,24,Male,107685,4,13,49,16,12,2,328,1,Mobile,Firefox,Spring,0,5,0,0
5099,33,Male,100875,7,54,1,29,3,3,310,0,Tablet,Chrome,Summer,0,3,0,0
5100,62,Male,114841,15,14,17,28,0,5,103,1,Mobile,Safari,Winter,0,1,0,0
5101,64,Male,86890,11,117,25,10,8,2,298,1,Tablet,Edge,Fall,0,3,1,270
5102,44,Male,91156,18,62,5,24,13,0,163,0,Desktop,Safari,Spring,0,4,0,0
5103,40,Male,89290,12,14,48,8,12,7,102,1,Mobile,Firefox,Fall,1,4,1,384
5104,41,Male,36593,4,82,14,19,4,3,189,1,Desktop,Safari,Fall,0,5,1,151
5105,26,Male,36167,11,40,10,4,12,0,316,1,Mobile,Chrome,Summer,0,2,0,0
5106,52,Female,140920,6,78,21,14,7,1,250,0,Mobile,Safari,Winter,1,1,0,0
5107,37,Male,142534,19,60,25,29,12,5,226,0,Tablet,Firefox,Summer,0,5,0,0
5108,54,Female,108091,18,66,35,8,14,0,124,1,Tablet,Firefox,Fall,0,3,0,0
5109,59,Male,53005,15,118,3,21,6,8,305,1,Tablet,Chrome,Fall,0,4,1,319
5110,34,Female,126831,3,41,18,14,4,6,279,0,Tablet,Chrome,Winter,0,1,0,0
5111,64,Female,149086,17,45,36,12,7,7,324,0,Mobile,Edge,Fall,0,4,1,290
5112,48,Male,85471,1,106,39,1,14,7,291,1,Tablet,Firefox,Summer,0,1,0,0
5113,25,Male,146718,2,52,33,23,12,5,278,0,Mobile,Chrome,Winter,0,1,0,0
5114,32,Female,126379,19,26,48,19,0,7,158,1,Tablet,Edge,Winter,0,4,1,489
5115,48,Female,70728,9,91,17,18,10,6,3,0,Mobile,Edge,Spring,0,4,0,0
5116,47,Male,28691,8,84,40,12,3,0,331,0,Desktop,Edge,Summer,0,3,1,472
5117,63,Male,29756,12,65,6,10,14,2,10,0,Tablet,Edge,Fall,0,3,0,0
5118,37,Male,143670,15,79,34,21,4,8,67,0,Tablet,Firefox,Spring,0,1,1,336
5119,56,Female,56308,7,115,26,1,3,7,169,1,Tablet,Firefox,Summer,0,3,1,472
5120,29,Male,84079,16,119,42,14,5,4,50,0,Tablet,Chrome,Spring,0,3,0,0
5121,34,Male,85524,7,103,31,9,8,0,127,0,Tablet,Safari,Summer,0,3,1,459
5122,59,Male,80466,12,52,49,26,11,1,197,0,Desktop,Firefox,Winter,0,1,1,470
5123,47,Male,29327,17,68,28,15,0,9,15,0,Mobile,Firefox,Spring,1,2,1,448
5124,46,Male,48520,11,88,36,21,9,9,122,0,Mobile,Edge,Fall,1,2,1,468
5125,36,Female,63308,4,41,13,22,10,8,48,0,Tablet,Firefox,Summer,1,5,0,0
5126,63,Female,125561,19,45,21,23,1,9,114,0,Desktop,Chrome,Summer,1,2,0,0
5127,28,Male,114436,2,9,26,14,0,7,6,0,Tablet,Safari,Spring,0,4,0,0
5128,51,Male,36533,2,104,31,9,6,8,4,0,Tablet,Chrome,Winter,0,4,1,206
5129,24,Female,148754,17,81,16,11,13,1,279,1,Tablet,Firefox,Summer,0,3,1,347
5130,61,Male,117417,9,56,31,5,1,2,173,0,Tablet,Edge,Summer,0,5,1,385
5131,51,Female,113318,1,21,13,12,8,2,321,0,Mobile,Chrome,Winter,0,3,0,0
5132,37,Male,64488,10,94,30,16,7,0,56,0,Tablet,Safari,Winter,0,3,0,0
5133,55,Female,87160,15,112,32,20,9,1,15,1,Tablet,Edge,Fall,0,2,1,342
5134,41,Female,60429,15,66,5,28,0,9,91,0,Tablet,Edge,Spring,1,3,0,0
5135,27,Male,71726,2,56,12,3,2,4,205,1,Tablet,Chrome,Winter,1,5,0,0
5136,49,Female,106348,14,24,39,5,5,6,247,0,Desktop,Chrome,Spring,0,2,0,0
5137,32,Male,93065,4,107,41,26,10,5,239,0,Desktop,Edge,Winter,0,5,1,316
5138,54,Female,40653,18,101,37,26,2,1,360,1,Mobile,Safari,Fall,0,3,1,103
5139,37,Male,76921,9,98,4,29,8,7,9,0,Desktop,Firefox,Fall,0,3,0,0
5140,20,Male,113396,2,20,42,19,11,3,229,1,Desktop,Firefox,Summer,0,2,1,223
5141,54,Male,33654,2,11,48,5,9,1,217,0,Desktop,Chrome,Winter,0,1,0,0
5142,57,Female,22108,18,98,43,24,14,3,185,0,Mobile,Chrome,Winter,0,2,1,418
5143,25,Male,89483,17,70,29,18,9,7,195,0,Desktop,Chrome,Winter,1,1,1,190
5144,57,Male,27899,9,16,41,29,1,0,39,0,Mobile,Chrome,Fall,0,1,0,0
5145,61,Male,33372,8,47,5,4,5,8,40,0,Mobile,Safari,Fall,0,2,0,0
5146,40,Female,57682,2,44,11,24,1,7,16,1,Desktop,Firefox,Winter,0,3,0,0
5147,57,Male,115909,2,5,30,15,2,7,81,1,Tablet,Edge,Winter,0,5,1,130
5148,28,Female,124971,5,62,9,5,11,9,91,0,Tablet,Firefox,Spring,1,3,0,0
5149,63,Female,87799,12,7,49,8,9,8,138,0,Tablet,Chrome,Spring,0,1,1,204
5150,25,Female,111724,16,12,28,16,11,6,181,0,Desktop,Edge,Fall,1,4,1,108
5151,46,Male,56583,14,94,22,22,8,8,65,0,Tablet,Safari,Spring,0,5,0,0
5152,47,Male,49295,2,108,11,1,8,0,115,1,Desktop,Safari,Summer,0,3,1,301
5153,27,Female,86113,8,79,21,5,13,0,50,1,Desktop,Chrome,Spring,1,4,0,0
5154,56,Male,100565,4,65,6,26,1,3,285,1,Desktop,Chrome,Summer,1,4,1,108
5155,45,Male,69574,9,89,26,18,12,1,146,0,Mobile,Firefox,Summer,0,5,1,75
5156,53,Female,121067,19,9,16,16,7,7,180,0,Desktop,Chrome,Fall,0,1,0,0
5157,30,Female,84934,2,108,14,23,13,0,363,1,Mobile,Chrome,Summer,1,4,1,242
5158,49,Male,50066,16,30,35,10,2,3,161,0,Mobile,Edge,Spring,0,4,0,0
5159,53,Female,103149,11,89,42,4,13,8,363,1,Desktop,Edge,Winter,1,5,1,357
5160,54,Male,133949,8,77,36,18,1,1,267,0,Mobile,Firefox,Spring,0,2,0,0
5161,43,Female,105096,12,21,22,17,10,5,101,0,Mobile,Firefox,Spring,0,5,0,0
5162,39,Male,28945,3,105,2,21,9,3,148,1,Desktop,Safari,Spring,1,1,0,0
5163,21,Male,49418,13,119,13,27,7,3,150,0,Desktop,Edge,Fall,1,3,1,237
5164,48,Female,102607,2,119,11,26,2,5,224,0,Tablet,Edge,Spring,1,3,0,0
5165,35,Male,69874,13,70,12,13,14,9,200,1,Mobile,Firefox,Spring,1,4,1,466
5166,55,Male,132158,8,55,33,8,12,3,291,0,Desktop,Chrome,Fall,0,4,0,0
5167,41,Female,37130,15,51,22,8,7,8,80,0,Desktop,Safari,Spring,0,4,0,0
5168,40,Male,106257,9,44,9,12,12,7,108,0,Desktop,Chrome,Fall,0,3,0,0
5169,39,Male,88248,11,96,44,29,5,7,162,1,Desktop,Edge,Winter,0,3,1,494
5170,19,Male,102627,3,31,7,26,0,4,148,0,Desktop,Firefox,Spring,0,1,0,0
5171,48,Female,101393,7,44,17,18,13,5,205,0,Mobile,Safari,Winter,1,2,0,0
5172,28,Female,61394,14,5,10,6,1,0,312,0,Mobile,Safari,Summer,0,2,0,0
5173,45,Female,131372,15,50,38,7,12,0,307,1,Desktop,Edge,Summer,1,4,1,157
5174,63,Female,69635,9,15,39,26,12,8,351,1,Tablet,Safari,Winter,0,1,0,0
5175,49,Female,146398,11,43,46,17,13,3,85,1,Tablet,Firefox,Fall,0,2,0,0
5176,22,Male,133023,7,22,25,5,1,2,50,1,Mobile,Edge,Winter,0,4,0,0
5177,55,Male,119837,12,95,27,22,13,4,121,1,Desktop,Firefox,Summer,0,2,0,0
5178,27,Male,102089,19,51,30,23,6,8,153,1,Mobile,Firefox,Spring,0,2,1,388
5179,57,Female,37404,18,78,30,27,5,8,350,0,Desktop,Edge,Spring,0,3,0,0
5180,63,Male,92629,13,104,43,25,13,2,199,0,Desktop,Safari,Winter,0,1,1,209
5181,41,Female,33156,11,25,34,19,1,6,226,1,Tablet,Edge,Summer,0,3,1,87
5182,52,Male,75618,1,32,33,8,0,2,260,1,Desktop,Firefox,Spring,1,4,1,61
5183,61,Female,69999,6,5,32,26,4,2,63,1,Desktop,Firefox,Winter,0,2,1,205
5184,40,Male,33785,2,18,42,19,10,3,278,0,Desktop,Chrome,Summer,1,3,0,0
5185,34,Male,68359,13,24,12,27,1,1,313,1,Desktop,Firefox,Fall,0,3,0,0
5186,18,Female,110807,13,77,41,25,9,5,182,1,Mobile,Firefox,Fall,1,3,1,197
5187,48,Male,34694,19,49,23,8,9,4,4,1,Desktop,Firefox,Fall,1,2,0,0
5188,48,Male,56114,9,65,29,25,5,9,193,1,Tablet,Edge,Summer,0,2,1,346
5189,59,Female,89549,19,31,43,21,13,9,255,1,Mobile,Firefox,Winter,0,4,1,55
5190,59,Male,77230,1,117,1,27,1,1,304,0,Tablet,Edge,Winter,0,3,0,0
5191,51,Male,52799,8,60,20,25,12,9,151,0,Desktop,Edge,Summer,1,2,1,186
5192,26,Female,110288,14,56,10,29,10,1,6,1,Tablet,Chrome,Spring,0,4,1,392
5193,39,Female,31156,16,72,19,19,8,1,215,0,Mobile,Firefox,Summer,0,4,1,220
5194,30,Female,30304,4,41,23,7,11,3,230,1,Tablet,Firefox,Spring,0,3,1,55
5195,42,Female,60645,18,86,21,3,12,2,327,0,Desktop,Firefox,Summer,0,4,1,335
5196,35,Female,58938,14,35,43,6,4,8,133,1,Desktop,Firefox,Fall,0,5,1,373
5197,29,Male,76982,9,53,35,8,6,4,85,0,Tablet,Safari,Spring,1,1,0,0
5198,57,Female,97614,15,57,48,18,3,0,154,1,Desktop,Firefox,Summer,0,4,1,386
5199,34,Female,111614,3,43,32,15,11,1,202,0,Mobile,Chrome,Winter,0,1,0,0
5200,32,Male,22315,4,14,10,24,1,6,194,0,Mobile,Edge,Summer,0,4,0,0
5201,59,Male,112756,18,13,2,17,2,7,20,1,Mobile,Safari,Winter,1,3,1,471
5202,32,Male,117267,14,96,36,4,12,5,270,0,Tablet,Firefox,Spring,0,1,1,341
5203,32,Male,118369,15,96,48,7,4,6,246,1,Tablet,Chrome,Spring,1,1,1,388
5204,56,Male,32420,8,17,6,17,0,1,71,0,Mobile,Firefox,Fall,1,1,0,0
5205,30,Female,38312,10,22,43,22,11,5,202,1,Tablet,Safari,Summer,1,1,1,233
5206,34,Male,41395,12,16,17,26,3,5,351,0,Mobile,Safari,Winter,0,4,1,200
5207,49,Female,60301,9,76,15,6,12,3,58,0,Desktop,Chrome,Winter,0,1,0,0
5208,26,Male,140913,8,91,36,13,3,3,257,1,Tablet,Edge,Fall,0,3,1,11
5209,57,Female,66972,17,118,24,7,1,1,221,0,Mobile,Chrome,Spring,0,3,1,126
5210,37,Male,83294,9,9,40,9,8,2,159,1,Mobile,Safari,Summer,0,5,0,0
5211,43,Female,100853,13,11,29,23,12,9,136,0,Mobile,Firefox,Winter,0,3,0,0
5212,44,Female,140135,14,19,14,19,5,5,208,0,Tablet,Safari,Winter,0,4,0,0
5213,38,Female,68225,5,71,2,20,8,3,238,0,Desktop,Firefox,Summer,0,3,1,318
5214,35,Female,102504,9,22,48,13,5,2,339,0,Tablet,Chrome,Winter,0,2,1,369
5215,30,Female,42854,16,42,22,15,14,0,218,1,Mobile,Safari,Fall,1,1,0,0
5216,33,Female,141373,19,30,47,17,1,2,188,0,Tablet,Firefox,Spring,1,3,1,357
5217,26,Female,90780,7,42,6,5,0,0,190,0,Desktop,Edge,Spring,0,4,0,0
5218,29,Female,50929,12,63,9,23,13,3,274,0,Desktop,Edge,Fall,0,3,0,0
5219,61,Female,126458,2,56,12,19,3,3,254,1,Tablet,Edge,Summer,1,4,1,398
5220,55,Female,77103,18,37,42,6,12,0,194,1,Desktop,Firefox,Winter,1,2,0,0
5221,36,Male,136436,18,25,39,12,0,6,349,0,Tablet,Safari,Fall,0,1,0,0
5222,24,Female,83620,16,21,5,15,7,4,322,0,Tablet,Safari,Spring,0,2,0,0
5223,52,Female,109590,11,111,40,15,10,0,180,1,Desktop,Firefox,Fall,1,2,1,124
5224,35,Male,104124,2,66,44,3,12,4,323,0,Mobile,Firefox,Fall,0,5,1,452
5225,33,Female,64590,14,63,1,4,0,6,88,0,Tablet,Chrome,Winter,0,1,0,0
5226,56,Female,120196,4,6,10,5,4,5,265,0,Mobile,Firefox,Spring,0,2,0,0
5227,21,Male,92554,7,68,11,6,13,9,363,0,Desktop,Safari,Spring,0,2,0,0
5228,42,Male,30621,2,29,27,6,8,4,304,1,Mobile,Safari,Spring,1,1,1,69
5229,49,Female,137781,14,45,23,17,0,7,316,0,Tablet,Firefox,Winter,0,2,0,0
5230,57,Male,20973,7,23,20,28,3,8,334,0,Desktop,Firefox,Spring,0,3,0,0
5231,30,Female,138712,9,42,5,8,7,0,126,0,Tablet,Firefox,Summer,1,3,1,474
5232,62,Female,129138,8,29,13,19,7,5,180,0,Desktop,Chrome,Summer,0,3,1,340
5233,34,Female,78786,9,43,10,20,0,1,43,1,Tablet,Safari,Winter,0,1,0,0
5234,54,Male,124919,7,8,49,24,7,7,203,0,Mobile,Safari,Spring,1,3,1,426
5235,23,Female,57097,19,7,36,21,10,4,306,1,Tablet,Edge,Summer,0,2,0,0
5236,36,Female,141403,17,38,41,22,11,0,107,0,Mobile,Firefox,Summer,1,3,1,462
5237,30,Male,54245,13,110,16,13,2,4,88,1,Tablet,Chrome,Spring,1,5,1,457
5238,43,Female,85211,11,14,7,29,13,9,14,0,Tablet,Edge,Winter,0,1,1,57
5239,31,Female,74841,18,117,32,15,10,4,243,0,Tablet,Chrome,Fall,0,4,0,0
5240,48,Female,45346,17,31,25,17,6,1,18,1,Tablet,Firefox,Winter,1,3,0,0
5241,21,Female,125633,16,116,44,24,9,3,228,0,Tablet,Safari,Fall,0,5,0,0
5242,56,Female,91980,10,94,26,21,10,5,77,1,Desktop,Chrome,Winter,0,3,1,148
5243,25,Female,110417,4,95,36,17,0,0,290,0,Mobile,Firefox,Fall,0,4,0,0
5244,42,Male,69153,4,5,28,23,4,8,339,0,Mobile,Edge,Winter,0,4,0,0
5245,30,Female,110382,11,48,44,2,3,6,41,0,Desktop,Safari,Spring,0,5,1,296
5246,49,Female,147396,8,88,12,28,3,5,119,1,Tablet,Safari,Fall,0,4,1,423
5247,55,Male,96942,9,56,26,22,11,0,75,1,Mobile,Firefox,Winter,0,3,1,412
5248,55,Female,125147,16,29,4,3,4,7,177,1,Desktop,Safari,Spring,1,5,0,0
5249,45,Female,110975,10,78,44,22,2,7,218,0,Desktop,Chrome,Spring,0,5,0,0
5250,47,Male,25972,9,69,23,9,13,3,69,1,Desktop,Safari,Spring,0,2,1,370
5251,20,Male,68063,3,84,40,6,6,3,213,0,Mobile,Chrome,Winter,0,1,1,286
5252,45,Male,85488,2,15,24,1,1,0,304,0,Desktop,Edge,Winter,0,4,0,0
5253,20,Male,77055,9,72,31,22,0,8,12,0,Desktop,Chrome,Fall,0,2,1,244
5254,62,Male,123409,13,103,30,19,5,7,113,1,Mobile,Firefox,Fall,0,3,1,270
5255,51,Male,84366,6,81,3,4,11,9,270,0,Desktop,Firefox,Spring,1,1,0,0
5256,33,Male,30931,4,89,16,13,0,6,320,0,Mobile,Safari,Fall,0,3,1,100
5257,39,Female,27702,14,19,34,20,10,1,26,0,Tablet,Chrome,Spring,0,2,1,296
5258,49,Female,104834,11,61,38,25,6,6,55,1,Mobile,Edge,Spring,0,2,1,57
5259,55,Female,41540,2,78,28,8,7,3,315,1,Mobile,Chrome,Spring,1,2,0,0
5260,25,Male,77450,3,68,49,23,13,2,208,0,Tablet,Chrome,Spring,0,1,0,0
5261,25,Female,117576,5,106,44,5,14,9,79,1,Desktop,Chrome,Summer,0,1,1,80
5262,23,Male,85252,7,15,41,10,1,3,324,1,Desktop,Chrome,Spring,1,2,0,0
5263,31,Female,66904,11,100,48,27,14,9,151,0,Desktop,Safari,Spring,1,4,0,0
5264,49,Female,72320,12,101,7,20,3,5,328,1,Mobile,Chrome,Summer,0,5,1,369
5265,52,Female,51000,11,24,8,29,6,6,198,0,Tablet,Edge,Summer,1,4,0,0
5266,27,Female,115341,19,104,7,19,10,1,220,0,Tablet,Firefox,Fall,1,2,0,0
5267,20,Male,147524,13,34,37,12,5,6,304,0,Desktop,Firefox,Fall,0,4,1,234
5268,29,Male,22599,4,14,7,1,1,9,261,1,Desktop,Chrome,Spring,0,2,0,0
5269,48,Female,107636,14,58,18,9,13,1,21,0,Desktop,Safari,Spring,0,2,1,490
5270,46,Male,116045,12,62,48,24,3,1,178,0,Tablet,Firefox,Winter,0,2,0,0
5271,22,Male,120539,2,83,39,16,2,0,363,0,Desktop,Safari,Summer,0,3,1,251
5272,42,Female,104719,8,33,21,17,8,6,71,1,Tablet,Firefox,Spring,0,4,0,0
5273,58,Male,76165,19,5,34,18,5,0,350,1,Mobile,Chrome,Summer,0,2,0,0
5274,48,Male,78855,13,62,49,14,12,2,94,1,Desktop,Firefox,Spring,0,3,1,75
5275,38,Male,123777,1,25,27,17,11,7,207,0,Mobile,Edge,Fall,0,2,0,0
5276,37,Male,20018,5,19,8,1,1,0,73,0,Tablet,Chrome,Winter,0,4,0,0
5277,56,Female,20858,11,71,34,25,1,5,155,1,Mobile,Chrome,Summer,0,2,0,0
5278,39,Female,45992,11,37,18,21,12,1,258,0,Mobile,Edge,Winter,0,3,0,0
5279,21,Male,52580,13,42,41,15,12,8,228,0,Desktop,Chrome,Spring,0,4,1,111
5280,30,Female,90916,2,23,12,19,2,1,347,0,Desktop,Firefox,Summer,0,5,0,0
5281,62,Female,55800,19,8,22,2,4,5,175,1,Tablet,Edge,Fall,0,3,0,0
5282,59,Female,139193,16,80,40,28,11,3,296,0,Tablet,Safari,Winter,0,2,1,402
5283,37,Male,78770,5,93,22,24,5,8,217,0,Tablet,Edge,Spring,1,4,1,34
5284,30,Male,74941,14,102,8,24,4,0,36,1,Tablet,Firefox,Fall,0,5,0,0
5285,34,Female,104451,19,85,42,14,11,0,357,1,Mobile,Safari,Winter,1,2,1,229
5286,53,Female,125775,5,62,28,22,0,9,212,0,Tablet,Chrome,Fall,1,1,1,301
5287,50,Male,57487,9,74,47,2,12,2,150,1,Mobile,Safari,Fall,0,2,1,23
5288,18,Female,32943,12,16,32,27,0,5,274,1,Tablet,Edge,Winter,0,5,1,254
5289,32,Male,123167,16,83,11,15,6,2,115,0,Desktop,Chrome,Fall,1,3,0,0
5290,30,Female,122342,19,21,21,1,13,6,203,1,Tablet,Edge,Spring,0,5,1,19
5291,34,Male,81457,15,5,26,22,9,8,6,1,Mobile,Edge,Spring,0,2,1,253
5292,41,Male,145111,17,18,14,1,13,9,323,0,Mobile,Edge,Fall,0,3,1,18
5293,25,Male,38836,15,6,15,12,6,1,125,1,Mobile,Edge,Summer,0,4,0,0
5294,44,Male,121150,3,8,14,22,12,3,308,1,Mobile,Firefox,Winter,1,3,0,0
5295,62,Female,126368,17,70,12,15,9,2,198,1,Mobile,Safari,Summer,0,2,0,0
5296,40,Male,31394,13,94,36,26,5,5,207,0,Mobile,Edge,Spring,0,2,0,0
5297,63,Female,92158,9,50,3,18,8,4,3,0,Mobile,Safari,Spring,1,3,1,19
5298,25,Male,144696,13,54,44,15,1,2,66,0,Tablet,Safari,Winter,1,3,0,0
5299,25,Male,144660,16,64,7,7,0,8,208,0,Tablet,Firefox,Spring,1,3,1,418
5300,43,Female,130599,19,108,39,12,10,7,278,1,Tablet,Edge,Winter,1,2,1,32
5301,64,Female,45280,14,56,46,10,5,2,113,1,Desktop,Edge,Summer,0,1,0,0
5302,30,Female,144221,8,101,1,2,5,9,139,0,Mobile,Safari,Winter,1,3,1,276
5303,56,Male,138150,19,52,39,2,8,4,164,1,Tablet,Edge,Spring,1,3,1,415
5304,54,Male,97318,3,43,25,6,10,4,309,0,Desktop,Chrome,Summer,0,4,0,0
5305,45,Female,21159,18,74,31,20,9,4,332,0,Desktop,Firefox,Summer,0,5,1,292
5306,42,Male,90162,16,64,22,6,0,7,168,0,Mobile,Chrome,Winter,0,4,0,0
5307,33,Female,43440,14,34,10,28,10,2,35,0,Desktop,Chrome,Summer,0,1,0,0
5308,19,Male,122026,16,90,18,24,0,2,43,0,Tablet,Firefox,Fall,0,3,0,0
5309,35,Male,97166,17,31,13,27,11,7,301,0,Mobile,Edge,Winter,1,2,1,115
5310,34,Male,72712,11,87,8,10,13,8,169,1,Tablet,Edge,Summer,1,1,1,258
5311,47,Female,149712,13,78,9,3,11,4,320,0,Tablet,Chrome,Spring,0,2,1,150
5312,56,Male,129578,11,59,15,16,9,9,271,0,Desktop,Edge,Fall,1,3,0,0
5313,30,Female,140805,4,74,8,5,11,7,300,1,Mobile,Edge,Fall,0,5,1,167
5314,49,Female,67656,14,30,33,5,5,4,42,0,Desktop,Edge,Fall,0,2,0,0
5315,46,Male,26589,5,46,35,10,4,3,187,1,Desktop,Safari,Spring,1,4,1,129
5316,63,Female,68241,4,119,19,25,10,1,85,0,Tablet,Chrome,Fall,1,4,0,0
5317,47,Female,144595,1,71,30,23,5,3,4,0,Tablet,Safari,Fall,1,2,1,167
5318,35,Male,43233,14,71,9,13,5,1,327,0,Desktop,Edge,Fall,0,4,0,0
5319,30,Female,55011,7,56,19,25,12,6,285,0,Tablet,Firefox,Spring,0,1,1,196
5320,60,Female,28177,10,10,47,24,3,6,262,1,Desktop,Edge,Summer,0,1,0,0
5321,38,Male,149883,2,117,46,3,9,8,209,0,Mobile,Chrome,Spring,1,3,1,301
5322,47,Male,54528,10,118,26,18,7,3,255,0,Tablet,Chrome,Spring,0,2,0,0
5323,38,Male,134506,3,14,1,19,4,4,194,0,Tablet,Safari,Spring,0,1,0,0
5324,34,Female,123746,8,42,3,6,5,3,81,0,Desktop,Chrome,Summer,1,3,0,0
5325,57,Female,81351,10,81,34,27,14,3,93,0,Desktop,Edge,Summer,1,1,1,395
5326,36,Male,111908,8,106,25,28,1,4,139,0,Tablet,Safari,Spring,0,4,1,98
5327,32,Female,76831,14,16,30,26,0,2,218,0,Mobile,Edge,Spring,0,2,0,0
5328,26,Male,71827,18,50,1,20,7,8,244,0,Tablet,Edge,Spring,0,3,1,169
5329,27,Male,43508,9,53,18,27,5,6,103,1,Desktop,Chrome,Summer,0,4,0,0
5330,61,Male,74933,9,95,33,1,12,0,32,0,Mobile,Firefox,Spring,1,1,1,234
5331,48,Female,100501,4,76,9,10,8,0,343,1,Mobile,Safari,Winter,0,5,1,296
5332,40,Female,88772,3,67,7,10,4,0,51,1,Mobile,Edge,Fall,1,5,0,0
5333,47,Male,35611,14,73,30,29,7,2,238,1,Desktop,Chrome,Spring,0,5,0,0
5334,50,Male,42282,14,104,13,25,6,8,40,0,Tablet,Chrome,Winter,0,3,1,65
5335,26,Female,61003,16,106,17,22,10,7,257,1,Tablet,Safari,Summer,0,2,1,289
5336,64,Male,101365,5,47,13,1,9,8,223,0,Mobile,Edge,Summer,0,4,0,0
5337,18,Female,94216,15,98,13,19,0,4,6,1,Tablet,Chrome,Winter,1,3,1,102
5338,61,Male,138964,9,64,42,11,6,6,95,1,Desktop,Chrome,Summer,0,5,0,0
5339,52,Male,31340,7,105,38,27,3,9,272,1,Tablet,Safari,Winter,0,2,1,245
5340,28,Female,116629,13,33,37,13,12,8,146,0,Desktop,Edge,Fall,0,2,0,0
5341,51,Female,106643,8,90,10,17,5,4,328,0,Mobile,Safari,Winter,1,3,1,461
5342,33,Female,94684,12,82,14,28,8,7,229,0,Mobile,Firefox,Spring,0,2,1,77
5343,26,Female,128610,4,78,43,25,14,7,231,1,Desktop,Firefox,Spring,0,5,1,214
5344,49,Female,140332,16,15,5,20,14,2,49,0,Mobile,Safari,Fall,0,3,0,0
5345,32,Male,103035,6,39,36,18,12,4,363,0,Tablet,Chrome,Summer,0,4,0,0
5346,29,Male,38165,5,27,35,4,12,7,251,1,Tablet,Safari,Spring,0,3,1,109
5347,50,Female,129322,1,76,46,15,12,9,295,1,Tablet,Chrome,Summer,0,1,1,404
5348,62,Female,110762,14,25,45,2,8,2,58,0,Desktop,Firefox,Fall,0,1,0,0
5349,31,Male,38260,9,41,23,6,8,2,199,1,Tablet,Edge,Summer,1,5,0,0
5350,25,Male,74515,18,32,5,22,4,5,170,1,Mobile,Safari,Fall,1,4,0,0
5351,25,Female,110452,6,99,44,27,3,6,301,0,Tablet,Edge,Summer,0,1,1,199
5352,44,Female,129446,15,62,28,23,5,6,227,0,Tablet,Safari,Summer,0,5,0,0
5353,29,Male,50480,16,57,23,9,9,5,28,1,Desktop,Firefox,Winter,0,4,0,0
5354,18,Female,72527,8,32,42,11,14,6,89,0,Mobile,Safari,Winter,0,1,0,0
5355,60,Male,79789,19,46,34,25,4,6,92,1,Tablet,Safari,Spring,0,4,1,205
5356,57,Male,71902,5,95,31,20,11,3,73,0,Mobile,Safari,Fall,1,2,0,0
5357,59,Female,52191,14,108,7,16,9,7,261,1,Desktop,Edge,Fall,0,3,1,248
5358,28,Male,79488,7,89,7,25,4,7,313,0,Desktop,Safari,Fall,1,3,1,261
5359,56,Male,95082,4,77,4,8,7,1,80,0,Tablet,Firefox,Summer,1,5,0,0
5360,60,Male,56044,1,97,44,28,14,9,29,1,Tablet,Chrome,Winter,0,4,1,496
5361,48,Female,69600,4,65,32,17,9,4,235,0,Mobile,Firefox,Winter,0,4,0,0
5362,34,Male,107457,14,83,28,23,4,1,311,1,Tablet,Firefox,Fall,0,2,0,0
5363,50,Female,68776,16,37,4,23,0,2,151,1,Desktop,Safari,Winter,1,4,0,0
5364,49,Male,122476,7,59,39,26,4,2,57,1,Desktop,Firefox,Summer,0,4,1,169
5365,46,Male,131487,10,41,45,4,12,4,146,1,Desktop,Safari,Winter,0,4,1,62
5366,38,Male,32836,10,51,8,7,4,7,133,0,Desktop,Safari,Spring,0,2,0,0
5367,38,Male,94525,4,40,14,11,4,2,147,1,Desktop,Chrome,Fall,0,2,0,0
5368,57,Male,72648,12,119,30,27,11,6,229,0,Tablet,Firefox,Fall,0,2,1,188
5369,40,Female,33740,6,32,3,11,2,4,196,0,Mobile,Firefox,Summer,0,4,0,0
5370,23,Female,115716,13,14,2,11,11,9,84,0,Tablet,Safari,Spring,0,4,0,0
5371,39,Male,33102,1,27,10,26,11,9,50,0,Tablet,Safari,Winter,1,3,1,192
5372,55,Female,100893,8,96,6,26,8,9,342,0,Mobile,Chrome,Summer,0,4,0,0
5373,54,Female,71334,16,102,7,21,4,3,332,0,Tablet,Edge,Winter,0,5,0,0
5374,62,Male,149677,5,9,16,21,11,1,264,0,Mobile,Safari,Winter,1,2,1,163
5375,25,Female,133917,7,86,6,15,1,5,213,0,Desktop,Chrome,Winter,0,4,0,0
5376,58,Female,50255,3,10,16,5,4,3,109,0,Desktop,Safari,Fall,0,2,1,274
5377,52,Female,121630,2,46,27,6,8,3,33,0,Desktop,Safari,Fall,0,2,1,498
5378,28,Female,45221,2,51,12,23,13,4,102,1,Desktop,Safari,Spring,0,5,1,159
5379,41,Male,83265,10,91,22,5,7,8,174,0,Desktop,Edge,Summer,0,2,1,66
5380,38,Female,20719,9,32,15,9,5,0,237,0,Mobile,Edge,Fall,0,2,1,183
5381,19,Male,103442,18,109,22,28,8,4,127,0,Tablet,Safari,Summer,1,2,0,0
5382,57,Male,43140,6,17,35,11,6,4,222,0,Mobile,Firefox,Summer,0,3,1,244
5383,36,Female,75779,6,118,48,25,1,1,195,1,Mobile,Chrome,Summer,0,3,1,140
5384,56,Male,21069,10,29,15,23,13,2,191,0,Mobile,Firefox,Spring,1,4,0,0
5385,45,Female,74714,9,11,23,26,0,3,94,1,Mobile,Firefox,Summer,0,3,0,0
5386,34,Male,93285,9,70,38,3,13,0,259,1,Mobile,Chrome,Spring,0,4,1,334
5387,23,Female,32935,3,84,49,20,12,9,308,1,Desktop,Safari,Summer,0,3,0,0
5388,36,Female,123191,12,62,2,4,2,2,44,0,Tablet,Edge,Fall,0,5,0,0
5389,55,Male,139362,11,70,2,23,10,0,316,1,Desktop,Safari,Spring,0,2,1,171
5390,45,Female,64035,14,40,49,15,3,0,58,0,Mobile,Edge,Fall,0,5,0,0
5391,19,Female,146687,19,6,19,18,8,8,95,1,Tablet,Safari,Fall,0,4,0,0
5392,55,Female,116256,10,117,5,27,14,3,142,1,Mobile,Chrome,Winter,0,4,1,177
5393,54,Female,47937,19,42,4,5,4,3,275,0,Desktop,Firefox,Winter,0,1,0,0
5394,21,Male,38540,5,78,28,11,1,3,5,0,Desktop,Firefox,Fall,0,3,1,60
5395,39,Male,93480,9,18,18,11,9,8,247,0,Mobile,Firefox,Spring,0,3,0,0
5396,43,Male,68702,1,31,40,4,4,7,123,1,Tablet,Firefox,Spring,1,5,0,0
5397,60,Female,98283,15,19,41,16,12,3,282,1,Mobile,Chrome,Spring,0,3,1,249
5398,53,Male,96041,4,89,31,26,1,5,114,0,Tablet,Firefox,Spring,0,5,1,88
5399,30,Female,131753,7,16,22,11,8,1,247,1,Mobile,Edge,Fall,0,3,0,0
5400,49,Female,97233,6,119,11,25,5,5,364,1,Tablet,Chrome,Summer,1,2,1,215
5401,34,Female,56907,15,47,48,1,11,0,18,1,Mobile,Firefox,Summer,0,4,0,0
5402,58,Male,35221,6,101,16,26,11,4,173,0,Desktop,Edge,Fall,1,3,0,0
5403,53,Male,74781,7,61,4,13,11,7,228,0,Mobile,Chrome,Winter,0,2,1,286
5404,63,Male,27087,3,108,21,19,4,0,223,1,Tablet,Firefox,Winter,0,1,1,234
5405,36,Male,106998,13,90,41,6,1,1,210,0,Tablet,Firefox,Summer,0,1,1,109
5406,52,Female,42789,2,106,45,27,6,2,244,0,Desktop,Firefox,Spring,0,5,1,193
5407,63,Male,76023,3,112,25,20,6,6,9,1,Tablet,Chrome,Spring,1,2,1,457
5408,57,Male,53400,13,52,20,19,1,7,346,1,Tablet,Chrome,Spring,0,1,1,130
5409,45,Male,22199,9,65,8,6,9,3,122,0,Tablet,Firefox,Fall,0,5,0,0
5410,18,Male,67316,19,86,43,13,5,7,298,0,Desktop,Safari,Summer,0,5,1,236
5411,59,Female,129559,18,48,9,11,9,0,326,1,Mobile,Chrome,Fall,1,1,1,365
5412,35,Male,107273,5,56,18,19,9,2,340,0,Desktop,Edge,Summer,0,1,0,0
5413,57,Male,72062,10,66,31,7,2,3,328,0,Desktop,Edge,Fall,0,3,0,0
5414,50,Male,135310,14,6,35,12,7,4,109,1,Mobile,Safari,Winter,0,4,0,0
5415,29,Female,91609,17,97,30,16,13,8,324,0,Tablet,Edge,Fall,0,1,1,102
5416,25,Male,36744,3,75,18,1,4,1,345,1,Mobile,Edge,Winter,0,3,0,0
5417,41,Male,96095,7,35,19,25,7,6,31,0,Desktop,Edge,Fall,1,5,1,138
5418,33,Male,75517,9,109,41,15,6,2,122,0,Mobile,Chrome,Winter,1,5,0,0
5419,21,Female,118231,5,86,24,13,13,9,275,1,Desktop,Edge,Fall,0,2,1,233
5420,55,Female,68865,4,77,22,10,12,1,71,1,Mobile,Safari,Summer,0,2,0,0
5421,61,Male,93937,3,76,48,18,10,8,175,0,Desktop,Firefox,Summer,0,3,1,454
5422,44,Male,97195,13,37,14,4,7,2,293,0,Tablet,Chrome,Summer,0,1,0,0
5423,26,Female,127426,9,9,19,22,11,7,350,0,Mobile,Chrome,Spring,1,5,0,0
5424,64,Female,33894,7,116,29,6,0,0,209,0,Mobile,Safari,Fall,1,5,1,385
5425,33,Female,49160,8,82,22,27,5,4,224,1,Mobile,Firefox,Winter,0,2,0,0
5426,29,Female,73095,10,62,30,8,12,4,19,0,Tablet,Chrome,Winter,1,3,1,202
5427,48,Female,49272,1,81,15,24,12,5,217,1,Mobile,Firefox,Winter,1,1,1,32
5428,41,Male,74021,1,15,21,20,10,6,93,0,Mobile,Chrome,Spring,0,1,1,156
5429,31,Male,110048,19,88,26,22,12,2,53,0,Mobile,Safari,Summer,1,2,0,0
5430,62,Male,53645,2,27,36,9,12,4,75,0,Desktop,Firefox,Winter,0,1,0,0
5431,42,Male,132079,12,49,12,23,11,7,132,1,Desktop,Safari,Fall,0,3,0,0
5432,51,Female,41179,13,31,7,29,2,5,46,0,Mobile,Firefox,Fall,1,5,1,111
5433,20,Female,142479,14,83,11,8,13,1,36,0,Tablet,Chrome,Winter,0,2,1,406
5434,41,Female,30691,5,98,39,24,4,6,132,0,Desktop,Chrome,Spring,0,1,0,0
5435,59,Female,149436,3,60,20,18,1,2,130,1,Tablet,Edge,Winter,1,5,0,0
5436,26,Female,148933,17,63,35,7,10,9,167,1,Tablet,Edge,Spring,0,4,1,123
5437,43,Male,101646,1,84,4,19,3,8,243,0,Tablet,Safari,Fall,0,2,0,0
5438,37,Male,120827,14,113,2,23,5,3,225,0,Mobile,Edge,Winter,1,2,0,0
5439,57,Male,65311,6,44,20,18,0,3,300,1,Tablet,Firefox,Spring,0,4,0,0
5440,27,Male,115381,17,22,47,1,12,3,91,1,Tablet,Safari,Summer,0,3,1,156
5441,36,Male,59038,4,55,20,11,1,9,346,1,Tablet,Firefox,Spring,0,2,0,0
5442,20,Female,44967,6,65,12,9,1,9,364,0,Mobile,Chrome,Summer,1,5,0,0
5443,41,Female,48478,1,115,17,10,8,7,297,1,Desktop,Edge,Winter,0,5,1,349
5444,22,Female,75775,9,110,18,10,10,0,122,0,Desktop,Chrome,Summer,0,2,0,0
5445,20,Female,90624,4,27,40,1,11,2,359,0,Tablet,Edge,Winter,1,3,1,318
5446,44,Female,60332,9,40,24,27,4,7,353,1,Desktop,Chrome,Winter,0,4,1,337
5447,33,Male,27066,9,42,8,17,4,6,294,0,Mobile,Edge,Summer,0,2,0,0
5448,32,Male,59313,13,76,37,27,5,5,193,1,Mobile,Firefox,Winter,0,2,1,48
5449,52,Male,87857,17,60,41,12,12,6,114,0,Mobile,Chrome,Winter,0,3,1,51
5450,29,Female,65900,3,43,30,12,9,0,11,0,Desktop,Edge,Summer,1,3,0,0
5451,58,Female,110069,6,97,20,19,2,7,187,0,Tablet,Chrome,Winter,0,5,1,384
5452,61,Female,110045,15,80,23,17,8,3,78,1,Tablet,Firefox,Summer,0,3,0,0
5453,43,Female,146861,14,86,37,7,2,0,70,0,Tablet,Edge,Summer,0,5,0,0
5454,64,Male,61098,13,118,10,23,3,3,299,0,Desktop,Chrome,Winter,1,2,1,58
5455,51,Female,28294,9,87,33,11,11,1,104,0,Tablet,Firefox,Spring,0,3,1,419
5456,40,Male,131857,15,104,24,24,14,4,345,0,Desktop,Chrome,Fall,0,3,0,0
5457,48,Female,82580,14,101,36,2,8,0,215,0,Desktop,Firefox,Fall,0,4,1,273
5458,37,Male,58101,4,73,16,16,9,0,118,0,Tablet,Edge,Fall,0,5,0,0
5459,29,Female,45059,11,107,28,23,7,4,5,0,Mobile,Safari,Summer,0,5,0,0
5460,40,Female,116784,2,32,12,9,5,1,154,0,Tablet,Firefox,Winter,0,3,0,0
5461,21,Male,60626,16,94,20,27,7,8,210,1,Mobile,Firefox,Winter,1,2,0,0
5462,40,Male,40703,19,111,47,10,0,9,288,0,Mobile,Chrome,Spring,1,3,1,32
5463,18,Female,123693,16,25,18,21,13,6,303,0,Mobile,Edge,Summer,0,5,1,226
5464,42,Male,81417,7,66,37,10,3,3,90,0,Desktop,Edge,Spring,0,4,1,178
5465,19,Female,136536,11,27,26,3,9,6,50,1,Desktop,Chrome,Summer,1,5,0,0
5466,47,Female,79228,12,25,46,25,10,7,355,0,Mobile,Chrome,Winter,0,2,0,0
5467,20,Male,23205,4,79,7,17,3,7,202,1,Mobile,Edge,Summer,0,2,1,315
5468,38,Female,54929,16,110,43,28,1,7,156,1,Mobile,Chrome,Winter,1,4,1,381
5469,42,Female,103384,16,107,47,14,1,4,95,1,Tablet,Safari,Fall,0,2,1,82
5470,37,Male,53411,7,20,21,19,12,6,79,1,Mobile,Chrome,Winter,0,2,0,0
5471,39,Female,100522,13,66,43,18,10,6,183,0,Desktop,Safari,Spring,0,1,1,27
5472,38,Female,31628,5,101,32,18,9,1,314,0,Mobile,Chrome,Fall,0,5,1,463
5473,50,Female,123655,1,95,7,14,8,2,168,0,Tablet,Firefox,Fall,0,2,0,0
5474,55,Female,90089,5,69,23,3,5,1,186,1,Tablet,Edge,Winter,0,1,1,254
5475,32,Male,26518,14,112,20,10,6,2,328,0,Mobile,Firefox,Fall,1,5,0,0
5476,63,Male,58491,11,84,20,23,10,8,330,1,Mobile,Firefox,Fall,1,1,1,164
5477,32,Male,27946,2,9,32,13,10,6,173,0,Tablet,Chrome,Spring,0,1,1,123
5478,63,Female,20610,18,50,26,22,14,3,138,1,Mobile,Edge,Fall,0,3,0,0
5479,42,Male,89838,15,68,36,12,3,7,358,1,Tablet,Safari,Summer,1,4,1,488
5480,38,Male,54311,14,86,24,9,2,6,210,0,Tablet,Firefox,Summer,0,1,0,0
5481,41,Male,146419,13,45,1,26,2,9,304,1,Desktop,Edge,Fall,1,2,1,226
5482,22,Female,119770,2,102,28,29,4,5,220,0,Mobile,Firefox,Winter,0,4,1,152
5483,23,Male,61876,19,48,26,27,10,3,190,1,Desktop,Safari,Spring,0,1,1,191
5484,60,Male,100192,8,93,34,10,13,4,284,1,Desktop,Safari,Spring,1,2,1,466
5485,61,Female,124540,17,110,26,19,5,9,114,1,Mobile,Safari,Fall,0,2,0,0
5486,64,Female,132023,15,102,36,16,13,7,20,0,Desktop,Firefox,Winter,0,1,1,155
5487,40,Female,70333,14,19,5,29,1,2,88,0,Desktop,Edge,Spring,0,1,0,0
5488,21,Female,149895,3,72,2,21,6,2,326,1,Desktop,Safari,Summer,0,1,0,0
5489,44,Female,71298,17,55,32,25,6,4,297,1,Tablet,Chrome,Fall,0,5,1,405
5490,35,Female,104192,3,58,34,3,0,8,352,0,Desktop,Edge,Fall,0,1,1,420
5491,38,Male,61811,13,72,30,12,14,4,262,1,Tablet,Chrome,Fall,0,4,1,258
5492,45,Male,90072,18,93,24,8,13,0,30,0,Mobile,Chrome,Spring,0,3,0,0
5493,52,Female,135407,1,109,28,25,12,4,54,1,Tablet,Edge,Fall,0,1,0,0
5494,39,Female,139368,7,81,46,27,12,8,175,1,Mobile,Edge,Summer,0,1,0,0
5495,57,Male,62974,5,46,3,15,12,6,250,1,Mobile,Chrome,Spring,0,5,1,299
5496,40,Female,39856,2,50,10,11,12,8,10,0,Desktop,Chrome,Summer,0,4,0,0
5497,20,Female,121946,17,29,6,23,11,9,275,1,Mobile,Chrome,Winter,0,2,0,0
5498,57,Male,64830,10,71,34,13,6,9,265,0,Tablet,Edge,Summer,0,1,1,45
5499,27,Female,101983,4,39,31,6,12,4,135,0,Tablet,Chrome,Fall,0,2,1,110
5500,42,Female,65823,9,116,43,13,3,2,61,0,Desktop,Firefox,Fall,1,3,1,451
5501,25,Male,118863,11,77,46,11,3,1,14,0,Desktop,Chrome,Summer,1,1,0,0
5502,28,Male,142134,12,82,13,6,2,8,258,0,Desktop,Safari,Summer,0,3,0,0
5503,22,Male,120037,12,26,39,6,8,4,301,1,Mobile,Firefox,Winter,1,2,0,0
5504,62,Male,94397,18,116,20,5,2,0,276,1,Mobile,Edge,Fall,0,1,0,0
5505,54,Male,105814,4,13,32,7,3,1,26,0,Mobile,Edge,Winter,0,1,0,0
5506,62,Female,87078,9,28,10,23,2,1,39,1,Mobile,Firefox,Spring,0,4,0,0
5507,55,Female,127767,8,27,26,23,7,3,246,1,Desktop,Chrome,Winter,1,4,0,0
5508,46,Female,87951,19,65,19,19,7,5,151,0,Mobile,Chrome,Summer,0,1,0,0
5509,22,Female,129287,13,41,29,11,9,7,208,0,Tablet,Edge,Fall,0,3,1,234
5510,26,Female,32905,2,49,13,6,7,2,153,1,Tablet,Firefox,Fall,0,5,0,0
5511,19,Male,140778,19,19,34,25,14,9,116,1,Desktop,Chrome,Summer,0,3,1,257
5512,18,Female,41601,14,61,20,9,4,9,201,0,Desktop,Safari,Fall,1,4,0,0
5513,57,Female,123691,5,104,44,20,12,5,181,1,Tablet,Firefox,Winter,0,4,1,120
5514,47,Female,107099,10,18,40,25,14,3,281,1,Mobile,Edge,Fall,0,5,1,446
5515,28,Female,60955,17,56,18,18,6,7,174,1,Mobile,Chrome,Spring,1,4,0,0
5516,45,Female,92179,16,88,34,8,11,8,155,0,Desktop,Chrome,Summer,0,4,1,112
5517,61,Male,68435,17,107,48,18,2,8,356,1,Desktop,Chrome,Summer,1,2,1,378
5518,29,Female,44044,1,40,8,5,14,5,319,1,Tablet,Edge,Summer,1,5,0,0
5519,56,Female,31246,15,31,16,6,7,1,115,0,Tablet,Edge,Spring,1,4,0,0
5520,43,Female,22458,17,21,40,2,9,1,303,1,Desktop,Firefox,Fall,0,3,1,110
5521,30,Female,145945,11,94,23,25,1,9,142,0,Mobile,Safari,Winter,0,4,0,0
5522,25,Female,78507,5,45,32,22,7,8,279,0,Tablet,Safari,Summer,0,1,0,0
5523,45,Female,26028,4,8,13,24,5,4,16,1,Mobile,Edge,Summer,0,5,1,105
5524,47,Male,123751,9,7,26,4,1,6,148,0,Mobile,Firefox,Fall,0,3,0,0
5525,26,Female,139247,16,23,38,19,11,5,262,0,Desktop,Firefox,Winter,0,1,0,0
5526,56,Male,71901,12,45,1,4,5,8,29,0,Mobile,Edge,Spring,0,1,0,0
5527,48,Male,148636,18,44,2,16,10,4,260,0,Desktop,Edge,Winter,0,2,1,120
5528,38,Female,120252,3,62,39,1,9,7,114,0,Desktop,Chrome,Winter,0,2,0,0
5529,64,Female,26306,15,43,13,16,1,3,8,0,Mobile,Safari,Spring,0,3,0,0
5530,51,Female,126555,18,11,27,1,2,6,304,0,Tablet,Chrome,Winter,0,5,0,0
5531,48,Male,126396,12,40,4,24,10,8,255,0,Mobile,Edge,Spring,0,3,0,0
5532,42,Female,47678,13,87,41,17,4,1,84,0,Desktop,Firefox,Winter,1,1,1,287
5533,29,Female,110444,1,80,20,5,0,8,16,1,Mobile,Safari,Fall,1,2,1,220
5534,18,Female,32363,4,24,3,26,8,7,303,1,Tablet,Firefox,Spring,0,1,0,0
5535,39,Male,34066,8,106,23,16,9,9,287,0,Mobile,Edge,Fall,0,1,0,0
5536,57,Male,83804,19,80,2,25,2,0,96,0,Mobile,Safari,Winter,1,2,1,40
5537,54,Female,134433,5,33,16,3,12,9,122,0,Desktop,Edge,Winter,1,2,1,16
5538,64,Male,68544,11,98,10,10,11,6,226,0,Mobile,Firefox,Winter,0,5,0,0
5539,18,Female,118247,17,88,28,18,0,4,29,1,Mobile,Edge,Fall,0,1,1,386
5540,18,Male,20189,17,72,44,21,5,4,76,1,Mobile,Chrome,Fall,0,2,1,205
5541,59,Female,31752,2,70,18,28,0,6,324,0,Tablet,Safari,Winter,0,3,1,132
5542,59,Male,140696,1,51,2,18,2,9,119,0,Mobile,Edge,Winter,1,1,0,0
5543,38,Female,27482,4,98,14,26,6,3,171,1,Mobile,Safari,Spring,0,5,1,274
5544,32,Female,36679,9,27,44,17,3,0,34,0,Mobile,Safari,Summer,1,5,0,0
5545,34,Male,145428,2,10,20,11,8,5,262,0,Tablet,Firefox,Spring,0,1,0,0
5546,39,Male,143056,3,22,40,9,6,0,305,1,Mobile,Chrome,Summer,1,4,1,448
5547,55,Male,110088,6,57,23,11,4,0,188,0,Mobile,Chrome,Summer,0,1,1,79
5548,52,Male,20799,13,26,7,26,8,7,51,1,Mobile,Edge,Winter,0,3,0,0
5549,62,Male,110917,15,105,45,27,2,3,9,1,Tablet,Safari,Fall,0,5,0,0
5550,33,Female,141691,11,72,47,9,10,4,133,0,Desktop,Chrome,Winter,0,2,1,295
5551,25,Female,29934,10,111,14,17,13,9,192,0,Desktop,Edge,Winter,0,2,1,439
5552,64,Male,77558,3,79,37,20,13,9,16,1,Desktop,Edge,Spring,1,1,1,249
5553,34,Female,79223,9,109,8,5,7,0,187,0,Mobile,Firefox,Summer,1,2,0,0
5554,34,Female,104620,10,39,5,12,7,9,184,0,Tablet,Safari,Spring,0,1,1,416
5555,43,Male,61556,12,79,23,18,3,6,193,1,Desktop,Firefox,Winter,0,4,0,0
5556,30,Female,29909,8,102,41,27,0,1,84,0,Tablet,Edge,Summer,1,2,1,435
5557,34,Female,111467,17,13,10,25,3,5,175,0,Tablet,Firefox,Spring,1,3,0,0
5558,55,Male,130719,5,35,49,25,14,8,92,0,Mobile,Chrome,Spring,1,3,1,249
5559,34,Male,111404,8,110,27,16,8,1,291,1,Mobile,Safari,Spring,0,5,1,351
5560,31,Female,63558,18,100,35,9,9,5,62,1,Tablet,Firefox,Winter,1,2,1,10
5561,62,Male,99382,11,47,1,8,0,4,33,0,Desktop,Safari,Fall,0,1,0,0
5562,23,Female,107793,10,103,7,6,2,1,143,0,Tablet,Safari,Fall,0,4,0,0
5563,52,Male,48013,15,117,47,17,7,8,341,0,Desktop,Firefox,Winter,1,3,1,281
5564,63,Male,123018,6,79,8,14,2,1,362,1,Tablet,Edge,Summer,0,5,0,0
5565,31,Male,42875,19,21,11,26,1,0,123,1,Desktop,Edge,Summer,1,1,0,0
5566,64,Male,110253,17,55,34,21,0,8,115,0,Desktop,Edge,Summer,1,3,0,0
5567,25,Female,31408,10,104,28,24,8,8,357,1,Tablet,Chrome,Spring,0,2,1,117
5568,32,Male,55607,5,70,34,28,10,8,80,1,Tablet,Edge,Summer,0,5,1,483
5569,44,Male,81684,16,28,43,14,9,7,242,1,Tablet,Chrome,Winter,0,5,1,162
5570,30,Female,56281,12,114,20,4,2,3,136,1,Tablet,Safari,Fall,0,1,1,216
5571,48,Female,47326,5,19,28,8,6,8,95,0,Tablet,Chrome,Winter,1,5,1,61
5572,52,Female,33601,1,32,49,22,9,1,264,1,Desktop,Safari,Fall,0,3,0,0
5573,23,Female,144594,2,7,42,17,2,0,141,0,Desktop,Safari,Winter,1,1,0,0
5574,22,Male,21135,5,33,37,1,12,9,88,1,Tablet,Firefox,Spring,0,3,1,337
5575,39,Female,42741,19,56,3,3,7,6,237,1,Desktop,Safari,Fall,1,3,1,36
5576,40,Male,31913,15,58,9,17,8,5,59,0,Desktop,Firefox,Fall,0,2,1,166
5577,42,Female,30101,1,62,22,20,11,2,337,1,Desktop,Chrome,Spring,0,5,0,0
5578,51,Male,38631,11,49,25,3,7,1,175,0,Desktop,Edge,Spring,0,2,0,0
5579,43,Female,92084,18,81,2,7,4,7,60,1,Desktop,Firefox,Winter,1,4,1,479
5580,64,Male,122820,3,54,23,11,10,3,169,0,Desktop,Edge,Winter,1,4,1,465
5581,22,Male,56870,9,26,17,25,9,5,52,0,Tablet,Edge,Winter,0,2,1,499
5582,43,Female,68985,4,56,25,15,11,3,228,1,Desktop,Chrome,Summer,0,4,1,86
5583,37,Male,136236,13,57,12,7,1,8,248,0,Tablet,Edge,Fall,1,4,0,0
5584,23,Male,47215,9,35,27,27,5,4,332,0,Mobile,Firefox,Summer,0,2,1,362
5585,23,Male,149309,3,75,20,5,7,5,36,0,Desktop,Edge,Winter,1,2,0,0
5586,35,Male,82110,16,116,9,17,1,8,333,1,Tablet,Chrome,Spring,0,2,0,0
5587,21,Female,141220,8,52,23,5,5,5,99,1,Desktop,Safari,Fall,0,4,1,462
5588,34,Male,122815,7,94,36,1,6,1,69,0,Mobile,Firefox,Summer,0,5,0,0
5589,31,Male,39215,17,35,28,22,13,0,141,1,Tablet,Chrome,Summer,1,3,1,462
5590,31,Female,111118,16,106,48,29,8,8,200,1,Mobile,Firefox,Winter,1,3,1,169
5591,30,Female,34024,18,106,29,24,10,1,267,1,Mobile,Safari,Spring,0,5,1,265
5592,24,Female,96949,16,8,42,7,8,1,8,1,Mobile,Edge,Winter,0,2,1,128
5593,61,Male,101855,15,39,32,17,13,3,62,0,Desktop,Chrome,Winter,1,1,1,384
5594,32,Male,104982,2,101,12,8,1,9,140,1,Tablet,Safari,Spring,1,1,1,119
5595,36,Female,65483,4,71,30,12,0,9,333,1,Desktop,Firefox,Winter,0,2,0,0
5596,60,Male,126279,5,68,11,25,12,2,361,1,Desktop,Edge,Summer,1,3,1,215
5597,64,Female,137740,7,87,37,28,6,6,342,0,Mobile,Safari,Spring,0,1,1,100
5598,61,Male,117572,15,13,20,26,5,6,110,0,Desktop,Edge,Summer,0,5,0,0
5599,52,Female,98157,17,50,11,2,9,2,172,1,Tablet,Chrome,Winter,0,1,0,0
5600,34,Male,30511,10,87,48,17,9,2,58,0,Tablet,Safari,Spring,1,5,1,67
5601,52,Female,141898,9,60,47,22,12,8,344,0,Mobile,Safari,Summer,0,1,0,0
5602,36,Male,39923,16,60,38,28,9,6,8,1,Desktop,Edge,Summer,0,3,0,0
5603,37,Female,30558,3,87,45,20,11,2,363,0,Desktop,Edge,Summer,0,2,0,0
5604,53,Male,117771,9,30,16,14,3,2,64,0,Mobile,Edge,Spring,0,1,0,0
5605,52,Male,20526,8,64,35,23,10,2,308,1,Desktop,Chrome,Summer,0,1,1,254
5606,49,Male,137495,7,81,1,3,10,8,327,1,Mobile,Chrome,Fall,0,2,1,57
5607,61,Female,144075,17,90,25,19,8,7,278,0,Desktop,Edge,Spring,1,5,0,0
5608,57,Male,21753,5,116,49,14,0,6,191,0,Tablet,Safari,Summer,1,1,0,0
5609,41,Male,46248,7,76,27,8,6,7,222,1,Mobile,Firefox,Fall,0,4,0,0
5610,34,Male,34656,13,92,32,7,4,0,79,1,Mobile,Safari,Spring,1,5,1,88
5611,24,Female,43266,18,94,6,5,4,8,37,1,Desktop,Safari,Summer,1,5,1,481
5612,60,Male,84555,14,52,41,3,5,4,188,0,Tablet,Chrome,Spring,1,5,0,0
5613,18,Female,82995,18,62,36,1,14,4,148,1,Tablet,Chrome,Fall,0,4,0,0
5614,52,Male,95756,3,109,39,27,1,4,95,0,Mobile,Chrome,Fall,0,4,0,0
5615,49,Female,103574,17,109,23,19,10,8,115,1,Mobile,Chrome,Winter,0,3,0,0
5616,53,Female,98277,19,67,29,15,13,4,173,1,Tablet,Safari,Spring,0,3,1,62
5617,30,Male,90377,7,62,30,25,10,1,122,0,Desktop,Chrome,Spring,1,3,0,0
5618,23,Female,122345,4,7,22,1,2,5,314,0,Mobile,Edge,Summer,0,2,0,0
5619,31,Female,116111,15,11,11,5,10,6,204,1,Desktop,Chrome,Fall,0,4,0,0
5620,54,Male,85402,8,56,26,20,8,6,165,1,Desktop,Edge,Summer,0,2,1,184
5621,32,Female,74176,16,118,23,11,3,6,222,0,Desktop,Edge,Winter,0,2,0,0
5622,64,Female,143727,1,66,3,14,5,1,259,0,Tablet,Edge,Winter,0,4,0,0
5623,21,Female,143747,16,6,48,22,12,5,77,0,Desktop,Firefox,Summer,0,4,0,0
5624,57,Female,61733,2,37,6,18,12,8,75,0,Desktop,Firefox,Winter,1,3,1,116
5625,33,Male,34418,2,16,7,20,2,0,222,0,Mobile,Firefox,Winter,0,1,0,0
5626,45,Female,143422,8,52,44,9,2,2,201,1,Mobile,Firefox,Winter,0,2,1,23
5627,33,Female,57185,12,80,39,15,8,5,222,1,Tablet,Safari,Fall,0,4,0,0
5628,21,Male,61745,11,57,22,11,8,6,93,1,Mobile,Firefox,Spring,1,4,0,0
5629,62,Male,113417,6,78,48,5,12,1,38,1,Mobile,Firefox,Spring,0,3,1,133
5630,43,Female,73787,19,45,42,15,2,9,234,1,Desktop,Firefox,Winter,0,3,1,345
5631,45,Male,100123,18,95,33,24,2,7,121,0,Tablet,Edge,Winter,0,2,1,461
5632,49,Male,72035,5,86,40,2,14,5,49,1,Tablet,Safari,Summer,0,1,1,79
5633,62,Male,107804,15,62,3,12,5,8,34,0,Mobile,Edge,Fall,1,1,0,0
5634,19,Male,85984,8,72,30,27,12,8,154,0,Tablet,Edge,Winter,0,5,1,442
5635,48,Male,72462,6,108,48,25,0,8,130,0,Tablet,Edge,Winter,0,5,0,0
5636,20,Male,57353,12,27,24,28,13,8,56,0,Mobile,Safari,Winter,0,3,1,459
5637,25,Male,144785,19,89,3,23,4,1,100,0,Tablet,Safari,Spring,1,2,0,0
5638,41,Male,131055,12,40,2,7,8,9,135,0,Tablet,Firefox,Summer,0,5,0,0
5639,32,Male,93644,12,98,44,2,8,9,36,0,Tablet,Edge,Winter,0,2,1,317
5640,60,Female,139097,9,116,40,8,7,6,168,0,Mobile,Edge,Summer,0,1,0,0
5641,48,Female,68302,10,89,19,9,5,4,206,1,Tablet,Safari,Fall,1,3,1,148
5642,26,Female,142561,17,91,24,26,13,8,282,0,Desktop,Safari,Fall,0,2,1,424
5643,56,Female,96979,18,25,20,27,8,0,84,0,Desktop,Edge,Spring,0,1,0,0
5644,62,Female,42435,16,76,47,28,2,9,75,0,Mobile,Firefox,Summer,0,1,1,249
5645,19,Male,77728,4,107,49,5,12,6,90,0,Mobile,Safari,Summer,1,2,0,0
5646,25,Male,118598,18,59,31,15,8,9,121,1,Desktop,Safari,Summer,0,2,0,0
5647,24,Female,21238,3,60,41,19,7,4,99,1,Tablet,Safari,Spring,0,5,0,0
5648,61,Female,100857,16,17,31,19,11,8,325,0,Mobile,Edge,Summer,1,5,1,282
5649,56,Male,101610,14,108,37,13,14,6,272,0,Mobile,Edge,Winter,0,4,1,288
5650,59,Female,33049,9,26,43,13,0,3,75,0,Tablet,Edge,Winter,0,1,0,0
5651,33,Male,77193,6,11,29,6,8,7,353,0,Mobile,Firefox,Fall,1,4,1,147
5652,52,Female,55584,4,28,4,1,7,8,137,0,Tablet,Edge,Winter,0,5,0,0
5653,47,Male,86634,2,65,10,10,7,8,261,0,Mobile,Edge,Spring,0,1,1,159
5654,27,Female,34679,10,9,36,27,5,9,212,0,Desktop,Edge,Fall,0,2,0,0
5655,55,Male,54505,11,54,35,25,8,3,43,1,Desktop,Safari,Summer,1,1,0,0
5656,35,Female,71341,7,66,48,6,14,5,98,1,Mobile,Chrome,Summer,0,2,1,403
5657,22,Female,121069,5,59,21,25,7,3,286,1,Tablet,Safari,Spring,0,3,0,0
5658,46,Male,70374,4,30,43,3,1,0,74,1,Desktop,Firefox,Fall,1,2,1,117
5659,56,Male,66998,6,119,41,26,5,5,128,0,Desktop,Chrome,Summer,0,1,0,0
5660,51,Female,96970,2,14,1,13,11,7,32,0,Mobile,Chrome,Fall,0,5,1,292
5661,60,Female,75701,2,15,42,19,10,5,216,0,Desktop,Firefox,Winter,0,2,0,0
5662,62,Male,64859,16,44,12,10,14,2,273,1,Tablet,Edge,Fall,0,4,1,325
5663,40,Male,147203,13,106,24,13,7,7,364,1,Tablet,Safari,Summer,0,3,0,0
5664,22,Male,53178,7,15,2,7,13,9,67,0,Desktop,Firefox,Summer,0,3,0,0
5665,47,Female,47575,5,116,47,15,12,8,231,0,Mobile,Firefox,Fall,0,2,1,143
5666,23,Female,39329,17,98,20,23,12,0,235,1,Tablet,Firefox,Summer,1,4,1,450
5667,63,Male,77254,13,8,16,4,5,5,154,0,Tablet,Chrome,Summer,0,4,0,0
5668,61,Female,123090,15,6,34,11,12,9,12,1,Tablet,Safari,Summer,0,1,1,186
5669,21,Female,127373,3,81,13,8,13,7,37,0,Desktop,Firefox,Fall,0,3,0,0
5670,46,Male,135474,4,43,18,27,10,1,170,0,Tablet,Safari,Summer,1,2,1,198
5671,40,Female,104029,15,85,29,2,8,3,313,1,Tablet,Chrome,Spring,0,4,0,0
5672,23,Male,107366,18,27,43,1,11,0,12,0,Desktop,Safari,Winter,0,2,0,0
5673,49,Male,124139,3,49,14,1,4,3,174,0,Desktop,Firefox,Spring,0,1,1,65
5674,59,Female,120290,7,78,30,16,7,1,225,1,Desktop,Chrome,Spring,1,2,1,79
5675,35,Female,93662,8,81,35,18,9,2,155,0,Mobile,Chrome,Winter,1,2,0,0
5676,32,Male,127374,11,46,9,11,1,3,334,0,Mobile,Chrome,Spring,1,4,0,0
5677,57,Male,60068,9,107,37,27,11,2,7,0,Desktop,Chrome,Winter,0,4,1,61
5678,49,Male,78951,12,46,46,22,4,5,236,0,Mobile,Firefox,Fall,0,4,0,0
5679,26,Female,107629,5,33,39,8,0,6,38,0,Tablet,Firefox,Winter,0,5,0,0
5680,54,Male,133852,1,20,12,19,4,6,298,0,Mobile,Edge,Winter,0,1,0,0
5681,27,Male,55171,14,71,21,12,6,0,244,0,Mobile,Safari,Fall,1,4,0,0
5682,37,Male,28262,3,104,18,6,0,4,123,0,Tablet,Chrome,Winter,0,5,1,113
5683,23,Male,63270,15,64,11,24,12,2,155,1,Desktop,Safari,Summer,0,1,0,0
5684,20,Female,40785,10,8,27,25,9,0,298,0,Tablet,Chrome,Winter,1,1,0,0
5685,59,Female,59469,10,104,24,16,2,0,246,1,Tablet,Safari,Spring,0,3,0,0
5686,28,Male,88831,3,20,41,8,5,1,363,0,Tablet,Safari,Spring,1,4,0,0
5687,60,Female,101223,6,45,43,7,11,9,41,0,Desktop,Firefox,Summer,1,3,0,0
5688,34,Female,143641,5,10,34,20,0,7,265,0,Mobile,Edge,Summer,0,5,0,0
5689,49,Female,65643,19,46,20,3,2,3,108,1,Tablet,Chrome,Summer,0,5,1,204
5690,21,Male,87657,14,61,13,23,7,9,226,0,Tablet,Edge,Spring,1,5,1,395
5691,21,Female,23582,17,32,47,1,8,2,174,0,Mobile,Safari,Summer,1,2,0,0
5692,34,Female,132781,12,104,8,23,6,7,105,0,Mobile,Safari,Fall,0,1,0,0
5693,58,Male,50280,9,27,37,6,3,1,349,1,Tablet,Chrome,Spring,0,2,1,253
5694,36,Male,138885,3,80,5,3,6,8,338,1,Tablet,Edge,Summer,0,4,0,0
5695,22,Female,62589,18,46,7,19,6,3,182,0,Tablet,Safari,Summer,0,3,0,0
5696,49,Female,124004,4,99,44,2,10,8,93,0,Mobile,Chrome,Fall,0,2,1,16
5697,39,Male,60000,14,16,12,17,6,0,119,0,Tablet,Edge,Fall,0,5,0,0
5698,23,Male,122592,6,100,41,16,7,4,121,1,Desktop,Safari,Winter,0,3,1,185
5699,52,Male,117208,15,93,4,27,10,9,187,1,Mobile,Firefox,Fall,0,5,0,0
5700,39,Male,21085,17,68,40,21,13,6,269,0,Desktop,Firefox,Winter,0,1,1,473
5701,18,Female,101427,5,62,19,29,13,3,342,0,Mobile,Edge,Fall,0,5,1,394
5702,37,Male,35600,6,55,1,7,3,4,16,0,Tablet,Safari,Fall,0,5,0,0
5703,39,Female,117994,5,33,43,23,3,8,32,1,Mobile,Firefox,Spring,1,1,0,0
5704,28,Female,79801,19,23,13,6,8,5,346,0,Mobile,Safari,Winter,0,4,0,0
5705,30,Female,81739,14,90,42,11,7,5,95,1,Tablet,Firefox,Winter,0,4,1,222
5706,59,Male,146146,4,92,45,15,14,1,106,0,Mobile,Firefox,Winter,0,2,0,0
5707,20,Male,94181,5,101,25,26,10,0,175,0,Tablet,Chrome,Fall,0,1,1,479
5708,26,Female,137309,11,104,44,22,3,3,326,0,Tablet,Chrome,Winter,0,4,1,35
5709,29,Female,127114,2,49,45,11,5,9,291,1,Mobile,Firefox,Winter,0,1,1,496
5710,40,Female,61596,2,108,34,7,8,2,331,0,Desktop,Safari,Winter,0,3,1,221
5711,31,Female,137036,12,58,35,15,12,6,37,1,Tablet,Edge,Fall,1,4,1,383
5712,50,Female,90410,16,114,17,16,13,6,22,0,Tablet,Safari,Winter,0,5,1,477
5713,35,Male,99303,17,84,26,8,11,5,218,0,Tablet,Chrome,Spring,0,2,0,0
5714,58,Male,72188,4,70,21,5,13,4,86,1,Tablet,Chrome,Winter,0,4,1,480
5715,26,Male,46825,14,76,12,17,14,2,316,1,Desktop,Firefox,Winter,0,4,0,0
5716,40,Female,30913,7,17,16,23,5,3,42,1,Tablet,Safari,Summer,0,3,0,0
5717,27,Female,101751,15,98,20,2,10,4,141,0,Desktop,Safari,Fall,1,1,0,0
5718,36,Male,104269,16,69,10,27,4,3,215,0,Desktop,Firefox,Spring,0,5,0,0
5719,64,Male,34332,8,16,23,21,11,2,160,0,Tablet,Edge,Spring,0,5,0,0
5720,22,Female,74895,2,117,47,7,6,1,279,0,Mobile,Chrome,Summer,1,3,1,458
5721,64,Male,24432,19,75,30,23,1,4,171,1,Desktop,Edge,Spring,0,1,1,470
5722,40,Male,108095,1,116,8,25,7,1,160,0,Mobile,Safari,Spring,1,2,0,0
5723,47,Male,46570,4,18,5,21,10,1,240,0,Tablet,Firefox,Spring,0,1,0,0
5724,42,Female,125569,11,46,12,6,6,1,358,0,Mobile,Firefox,Winter,0,5,0,0
5725,45,Female,26103,10,103,42,26,5,1,156,1,Mobile,Safari,Winter,0,2,1,324
5726,51,Male,148758,18,96,14,12,2,7,232,0,Tablet,Firefox,Winter,0,5,1,451
5727,62,Female,129316,1,80,12,16,8,6,222,0,Mobile,Firefox,Summer,0,4,0,0
5728,64,Male,142046,17,108,24,11,14,8,337,1,Tablet,Chrome,Summer,0,5,1,273
5729,42,Male,35900,16,52,45,22,1,2,170,0,Mobile,Chrome,Winter,0,3,1,322
5730,27,Female,78415,12,28,17,17,3,0,285,0,Desktop,Chrome,Fall,1,4,0,0
5731,31,Female,87567,16,69,1,10,1,5,243,0,Tablet,Edge,Winter,1,1,0,0
5732,59,Female,82713,9,21,42,23,5,8,358,1,Mobile,Chrome,Fall,0,4,1,229
5733,63,Male,103169,17,42,37,16,11,0,162,1,Desktop,Edge,Spring,1,1,0,0
5734,47,Male,78639,3,32,11,16,6,0,114,0,Desktop,Safari,Fall,0,1,1,118
5735,58,Male,108728,18,37,42,15,8,3,268,0,Mobile,Edge,Summer,0,3,0,0
5736,42,Female,105476,15,28,6,26,5,9,91,0,Mobile,Chrome,Summer,1,2,0,0
5737,31,Male,126823,15,115,15,15,5,0,296,0,Mobile,Safari,Spring,1,5,1,330
5738,52,Male,28988,16,113,41,23,4,8,357,0,Desktop,Safari,Summer,0,4,1,229
5739,51,Male,123603,1,74,40,20,9,5,308,0,Tablet,Safari,Fall,0,3,1,478
5740,27,Male,145741,1,89,23,4,10,4,318,1,Mobile,Safari,Winter,1,3,1,20
5741,52,Female,98488,4,113,23,27,11,4,325,0,Desktop,Safari,Winter,1,4,1,324
5742,28,Female,112905,13,8,38,22,9,1,317,0,Mobile,Chrome,Summer,0,2,0,0
5743,28,Female,121398,4,37,38,3,3,2,340,1,Desktop,Edge,Summer,1,5,0,0
5744,38,Male,22977,8,14,49,14,9,6,302,1,Mobile,Safari,Fall,0,3,1,103
5745,38,Male,135650,13,40,12,10,10,3,233,0,Mobile,Edge,Winter,0,1,0,0
5746,39,Male,124029,8,81,7,6,3,5,72,1,Mobile,Safari,Fall,1,2,0,0
5747,62,Female,74641,14,104,37,27,3,7,107,0,Mobile,Edge,Summer,0,5,0,0
5748,24,Female,21268,1,116,16,11,4,0,50,0,Mobile,Firefox,Summer,0,4,1,312
5749,34,Female,134465,9,77,38,4,0,5,361,0,Tablet,Chrome,Spring,0,3,1,302
5750,19,Female,74431,1,35,40,10,1,0,2,1,Desktop,Firefox,Summer,0,5,1,438
5751,29,Female,36756,7,8,35,16,2,7,66,1,Mobile,Chrome,Winter,1,3,0,0
5752,59,Male,40764,13,88,40,24,6,3,358,1,Mobile,Chrome,Summer,0,5,1,343
5753,35,Female,79912,15,12,29,21,12,4,171,0,Mobile,Safari,Fall,1,1,1,374
5754,28,Female,60385,9,31,39,29,12,9,215,1,Desktop,Firefox,Summer,0,5,0,0
5755,33,Female,35032,16,40,17,8,0,1,138,0,Desktop,Firefox,Winter,1,1,0,0
5756,35,Male,115014,17,13,26,9,14,2,181,1,Tablet,Edge,Winter,0,4,1,476
5757,52,Female,65702,9,47,20,4,2,6,348,0,Desktop,Safari,Summer,0,2,0,0
5758,43,Female,31885,6,28,46,17,6,6,211,0,Mobile,Firefox,Fall,0,5,1,105
5759,33,Female,29796,12,41,25,10,5,7,284,1,Desktop,Chrome,Fall,0,3,1,21
5760,23,Male,124583,16,45,38,23,1,2,2,0,Mobile,Edge,Summer,0,4,0,0
5761,61,Male,52863,15,108,39,13,3,1,157,0,Tablet,Chrome,Summer,0,5,0,0
5762,60,Female,101014,7,98,37,23,0,1,308,0,Tablet,Chrome,Fall,0,4,0,0
5763,64,Female,52117,10,30,19,21,11,5,142,1,Tablet,Edge,Fall,0,4,1,54
5764,64,Female,40753,4,8,21,21,4,1,28,0,Tablet,Chrome,Fall,0,4,0,0
5765,59,Female,40325,3,5,32,17,11,3,257,0,Mobile,Edge,Summer,0,4,0,0
5766,29,Male,27021,18,24,28,19,1,8,300,0,Desktop,Edge,Summer,1,3,1,192
5767,30,Female,100721,1,96,39,17,13,9,248,0,Mobile,Safari,Summer,0,1,0,0
5768,21,Male,144080,13,49,41,23,7,2,336,1,Tablet,Edge,Spring,0,1,1,27
5769,56,Female,73096,18,92,12,21,9,0,85,1,Mobile,Safari,Fall,0,3,1,69
5770,19,Male,91404,8,96,47,28,5,1,243,1,Tablet,Edge,Winter,1,4,0,0
5771,43,Male,33071,11,96,15,4,11,9,206,0,Desktop,Safari,Summer,0,3,1,416
5772,44,Female,140084,10,73,28,23,11,9,273,1,Desktop,Firefox,Fall,0,4,0,0
5773,44,Male,84649,4,100,21,25,0,6,271,0,Tablet,Edge,Fall,0,4,1,132
5774,32,Female,28041,4,56,16,6,13,8,48,0,Desktop,Firefox,Winter,0,2,0,0
5775,25,Male,102051,4,98,23,14,1,8,46,1,Desktop,Firefox,Spring,0,1,0,0
5776,24,Male,129611,12,68,26,9,3,3,177,1,Desktop,Edge,Winter,1,3,0,0
5777,64,Female,60058,8,25,15,6,2,7,270,0,Desktop,Edge,Winter,0,5,0,0
5778,63,Female,68263,13,110,37,10,8,0,228,1,Mobile,Firefox,Fall,0,4,1,494
5779,57,Male,111502,8,84,12,25,0,5,356,1,Desktop,Edge,Winter,0,5,1,291
5780,29,Male,124820,3,76,4,6,6,7,254,1,Mobile,Safari,Spring,1,2,0,0
5781,30,Female,127645,12,80,35,9,8,1,246,1,Tablet,Firefox,Fall,0,1,1,498
5782,60,Female,64470,18,100,31,13,8,7,22,0,Mobile,Edge,Summer,0,4,0,0
5783,34,Female,107826,15,29,27,16,5,3,22,1,Desktop,Firefox,Fall,1,5,1,278
5784,34,Male,116238,14,71,32,16,13,1,224,0,Mobile,Firefox,Spring,0,2,0,0
5785,53,Female,48223,9,30,33,19,11,3,347,0,Tablet,Chrome,Spring,1,1,0,0
5786,38,Female,53575,5,104,13,5,12,7,199,0,Mobile,Edge,Spring,0,5,1,54
5787,25,Male,65799,15,85,37,11,6,3,231,1,Mobile,Safari,Winter,1,3,0,0
5788,22,Female,134738,8,31,44,21,7,7,332,1,Desktop,Safari,Spring,0,4,1,218
5789,43,Female,129704,3,56,2,15,2,6,336,1,Mobile,Safari,Spring,1,2,1,179
5790,33,Female,41661,12,67,38,29,4,4,230,0,Tablet,Chrome,Fall,0,5,0,0
5791,53,Female,101975,5,90,37,26,12,7,197,0,Desktop,Safari,Fall,0,3,0,0
5792,45,Male,56432,9,49,5,8,3,1,234,1,Desktop,Safari,Fall,1,5,1,217
5793,46,Female,119047,3,62,18,15,8,2,291,1,Mobile,Safari,Fall,1,2,0,0
5794,64,Female,51147,8,42,48,11,8,3,265,1,Mobile,Edge,Winter,0,4,0,0
5795,29,Female,49114,13,39,17,29,3,9,157,0,Mobile,Firefox,Winter,0,1,1,476
5796,54,Female,26030,8,50,2,13,11,4,27,1,Desktop,Firefox,Winter,0,1,1,413
5797,47,Female,110051,5,75,49,27,13,4,224,0,Mobile,Safari,Spring,1,1,0,0
5798,40,Female,67429,7,7,42,23,1,0,202,1,Desktop,Edge,Fall,1,2,1,278
5799,33,Male,67743,5,10,35,2,0,0,89,0,Tablet,Edge,Winter,0,1,0,0
5800,31,Male,115869,9,17,14,27,2,0,315,0,Desktop,Edge,Summer,0,4,0,0
5801,27,Male,145756,5,50,12,2,1,4,170,1,Desktop,Chrome,Summer,1,2,0,0
5802,24,Female,85615,8,83,33,23,4,1,294,0,Desktop,Edge,Winter,0,5,1,69
5803,62,Female,67577,12,94,7,26,14,2,345,0,Tablet,Firefox,Spring,1,5,0,0
5804,54,Female,114584,4,116,39,12,5,7,363,0,Desktop,Chrome,Spring,0,2,1,83
5805,46,Male,130436,9,37,45,26,13,9,180,0,Mobile,Edge,Summer,0,4,1,369
5806,20,Female,22966,14,83,9,20,8,7,300,0,Mobile,Chrome,Fall,0,2,0,0
5807,32,Male,149356,19,66,5,22,3,9,23,0,Desktop,Chrome,Spring,1,2,1,13
5808,53,Female,133838,13,67,4,9,3,1,202,0,Mobile,Safari,Summer,0,5,0,0
5809,64,Female,23728,3,60,32,26,14,7,326,0,Mobile,Edge,Fall,0,2,0,0
5810,63,Male,57304,4,43,5,27,3,8,77,0,Tablet,Firefox,Fall,1,4,1,316
5811,36,Male,69277,1,64,44,20,0,9,223,0,Mobile,Edge,Winter,0,1,1,282
5812,30,Male,124117,1,109,8,15,13,9,325,0,Tablet,Safari,Summer,1,4,0,0
5813,59,Male,110330,11,115,13,7,2,5,188,0,Mobile,Safari,Spring,0,4,0,0
5814,38,Male,20947,16,82,4,25,3,0,251,1,Desktop,Edge,Summer,0,5,1,287
5815,54,Male,98101,4,87,11,14,13,2,131,1,Desktop,Firefox,Spring,0,1,0,0
5816,44,Female,101380,7,96,15,17,0,4,23,1,Tablet,Edge,Summer,1,3,0,0
5817,46,Male,86130,12,28,46,26,4,2,37,0,Tablet,Chrome,Winter,1,2,0,0
5818,37,Female,41414,6,54,18,27,9,2,18,0,Tablet,Safari,Summer,1,1,1,428
5819,42,Female,116226,9,109,20,2,8,8,355,0,Tablet,Chrome,Winter,0,5,1,371
5820,23,Female,102060,8,37,1,29,0,4,261,1,Desktop,Edge,Winter,0,2,1,482
5821,53,Female,113005,14,80,1,9,13,7,41,0,Mobile,Chrome,Winter,0,5,1,484
5822,19,Female,39439,15,78,11,13,11,6,348,1,Desktop,Chrome,Spring,1,2,0,0
5823,39,Male,111742,5,11,29,5,6,3,338,1,Tablet,Edge,Winter,0,5,0,0
5824,49,Male,78220,15,50,29,4,1,2,72,1,Mobile,Firefox,Spring,1,5,0,0
5825,33,Male,66785,6,66,24,23,9,2,140,1,Desktop,Edge,Fall,0,5,1,257
5826,35,Female,56973,1,5,20,21,11,1,214,1,Mobile,Chrome,Winter,0,2,1,479
5827,22,Male,107091,9,83,30,1,10,4,6,0,Desktop,Firefox,Summer,0,3,0,0
5828,53,Female,93318,4,69,38,9,8,1,119,1,Mobile,Firefox,Summer,0,1,1,127
5829,47,Female,88196,2,49,5,24,3,1,69,1,Tablet,Safari,Fall,0,2,1,34
5830,62,Female,134317,6,88,45,16,14,3,77,1,Mobile,Chrome,Winter,0,3,1,153
5831,36,Female,125160,2,59,10,19,13,5,276,0,Tablet,Edge,Fall,0,1,0,0
5832,40,Male,26089,3,70,6,26,2,5,351,0,Desktop,Edge,Summer,1,2,0,0
5833,51,Male,146270,7,71,4,3,11,7,92,1,Desktop,Safari,Summer,1,1,0,0
5834,30,Male,90854,17,104,4,3,12,5,153,0,Mobile,Edge,Spring,0,3,0,0
5835,60,Male,82235,9,84,7,7,10,5,18,0,Mobile,Safari,Spring,0,5,0,0
5836,46,Male,112141,9,58,48,18,6,3,323,0,Tablet,Firefox,Fall,0,4,0,0
5837,53,Female,49400,19,97,33,25,5,4,35,0,Mobile,Safari,Summer,0,1,0,0
5838,39,Male,35405,5,112,9,20,10,6,102,0,Mobile,Chrome,Winter,0,2,0,0
5839,64,Female,137240,6,104,26,7,9,9,271,0,Mobile,Edge,Winter,0,4,1,371
5840,53,Female,72763,18,67,47,24,7,8,307,0,Mobile,Chrome,Spring,1,1,0,0
5841,26,Female,50209,1,58,41,16,8,3,277,0,Mobile,Firefox,Summer,0,1,0,0
5842,56,Male,93598,17,112,21,21,11,9,259,0,Mobile,Chrome,Spring,0,4,0,0
5843,36,Female,37424,14,107,22,24,14,0,35,1,Mobile,Firefox,Winter,1,5,1,288
5844,55,Female,126810,15,56,33,4,6,5,8,0,Tablet,Firefox,Spring,0,2,0,0
5845,23,Male,109523,5,58,33,13,5,1,259,0,Tablet,Firefox,Summer,1,2,0,0
5846,64,Female,129955,17,71,48,10,13,6,310,0,Mobile,Chrome,Winter,0,5,0,0
5847,32,Female,40556,11,41,5,2,11,5,200,0,Desktop,Safari,Summer,0,3,0,0
5848,37,Female,113137,10,112,21,19,7,8,140,0,Desktop,Edge,Winter,1,1,1,135
5849,26,Male,39330,17,16,27,14,8,5,19,1,Mobile,Firefox,Summer,0,3,1,86
5850,49,Female,101266,1,63,41,6,13,5,85,0,Mobile,Firefox,Summer,0,4,1,247
5851,21,Female,23236,5,24,1,26,7,3,22,0,Mobile,Safari,Spring,1,2,0,0
5852,35,Male,89216,16,91,16,13,5,8,235,1,Tablet,Firefox,Winter,0,4,0,0
5853,22,Male,50312,7,90,35,22,7,2,286,1,Mobile,Safari,Fall,0,1,1,267
5854,37,Female,133687,12,36,36,28,8,0,338,1,Tablet,Firefox,Summer,0,2,1,173
5855,40,Male,41191,8,75,44,12,5,9,129,0,Desktop,Safari,Winter,0,4,0,0
5856,28,Male,129602,18,90,32,12,13,7,52,0,Tablet,Edge,Fall,1,2,1,36
5857,54,Male,103457,1,48,29,23,5,7,29,1,Tablet,Firefox,Spring,1,2,1,334
5858,39,Male,56640,12,70,39,12,1,0,318,1,Desktop,Firefox,Fall,0,2,0,0
5859,21,Male,120171,4,82,47,11,8,8,29,0,Tablet,Firefox,Fall,0,3,1,16
5860,46,Male,82293,12,59,23,14,7,1,133,0,Tablet,Firefox,Summer,0,4,0,0
5861,61,Male,134124,1,20,15,4,4,5,211,0,Mobile,Chrome,Winter,0,5,1,26
5862,51,Female,135849,1,92,26,13,9,8,22,0,Desktop,Chrome,Spring,0,2,1,50
5863,30,Male,56688,3,75,37,8,2,5,177,0,Tablet,Firefox,Fall,0,1,1,171
5864,59,Male,91229,12,72,25,24,8,6,119,0,Mobile,Safari,Summer,1,3,1,374
5865,26,Male,105802,13,56,2,27,10,8,136,0,Desktop,Firefox,Winter,0,3,0,0
5866,59,Female,129252,13,41,12,23,9,4,82,0,Desktop,Safari,Spring,1,5,0,0
5867,48,Male,112024,9,50,19,3,13,0,364,0,Desktop,Safari,Fall,0,5,0,0
5868,24,Male,44122,18,45,32,14,12,8,68,0,Desktop,Chrome,Fall,0,3,0,0
5869,21,Female,61224,1,9,23,19,6,9,40,1,Tablet,Edge,Fall,0,3,0,0
5870,36,Male,114540,6,70,5,18,12,6,91,1,Desktop,Safari,Spring,0,4,1,196
5871,59,Female,26331,5,9,25,11,8,7,152,0,Desktop,Firefox,Summer,0,3,1,121
5872,47,Female,107102,4,67,35,13,12,1,222,0,Desktop,Edge,Summer,0,3,1,205
5873,48,Male,131411,6,7,29,23,13,4,76,0,Tablet,Chrome,Summer,1,2,0,0
5874,52,Female,62262,3,110,38,6,6,7,235,1,Mobile,Chrome,Winter,0,5,1,371
5875,38,Male,132157,17,12,45,28,11,6,141,0,Tablet,Edge,Spring,0,4,0,0
5876,48,Male,127690,11,30,20,23,7,6,90,1,Tablet,Chrome,Spring,0,3,1,333
5877,36,Female,136214,4,78,47,18,13,3,65,1,Tablet,Firefox,Fall,0,4,1,328
5878,48,Female,126435,1,102,36,20,9,1,155,1,Desktop,Safari,Summer,0,5,1,202
5879,49,Male,130100,4,114,7,1,13,9,215,0,Mobile,Safari,Fall,0,3,1,251
5880,19,Male,106314,3,104,22,2,4,2,362,1,Desktop,Firefox,Fall,0,2,0,0
5881,27,Female,79592,10,57,18,7,9,8,358,0,Mobile,Firefox,Spring,0,3,1,460
5882,19,Male,53926,1,80,21,5,9,3,139,0,Mobile,Chrome,Summer,1,5,0,0
5883,19,Male,106287,4,88,22,26,13,0,231,1,Tablet,Firefox,Summer,1,4,1,111
5884,41,Male,139318,19,33,39,19,5,9,42,0,Tablet,Safari,Spring,0,2,0,0
5885,34,Female,138201,1,18,12,2,11,3,236,0,Tablet,Firefox,Spring,0,1,1,140
5886,49,Male,144958,16,116,11,3,7,7,86,0,Mobile,Safari,Winter,0,1,0,0
5887,33,Male,37528,19,9,12,20,13,7,348,0,Mobile,Firefox,Fall,0,5,0,0
5888,33,Male,20068,18,116,26,10,13,9,166,1,Tablet,Edge,Fall,1,5,1,100
5889,63,Female,89253,2,31,30,10,6,9,198,1,Tablet,Edge,Summer,0,2,1,396
5890,56,Female,100754,6,72,15,21,0,1,345,1,Tablet,Safari,Spring,1,4,0,0
5891,48,Female,63968,1,33,8,8,9,9,62,1,Mobile,Firefox,Summer,0,3,0,0
5892,60,Male,110938,19,7,43,9,3,3,34,0,Mobile,Firefox,Spring,0,1,0,0
5893,41,Female,68623,5,101,18,2,12,6,282,0,Tablet,Chrome,Summer,0,1,0,0
5894,18,Male,117179,2,34,10,28,7,7,231,0,Mobile,Chrome,Summer,0,5,1,338
5895,28,Female,62129,1,104,8,3,14,0,310,0,Mobile,Firefox,Summer,0,5,1,99
5896,38,Male,143863,16,13,38,16,10,7,167,1,Desktop,Safari,Summer,1,4,1,90
5897,21,Female,133996,2,5,35,4,8,0,213,0,Tablet,Safari,Summer,1,2,1,474
5898,24,Male,114688,4,116,20,23,14,5,277,0,Desktop,Firefox,Winter,1,1,1,270
5899,43,Male,81321,3,27,12,6,5,4,54,1,Tablet,Chrome,Fall,0,4,0,0
5900,64,Female,31526,17,71,49,13,10,9,184,1,Mobile,Safari,Fall,1,2,1,350
5901,29,Male,112452,15,36,3,6,3,6,221,0,Mobile,Chrome,Fall,0,1,0,0
5902,48,Female,128511,10,92,20,10,1,5,98,0,Mobile,Edge,Spring,0,3,1,194
5903,34,Female,111564,12,10,12,23,11,9,63,1,Tablet,Chrome,Spring,0,4,0,0
5904,50,Male,46709,12,81,24,17,8,0,42,0,Mobile,Chrome,Winter,0,1,1,225
5905,28,Male,127535,7,53,16,8,0,5,249,1,Mobile,Firefox,Winter,0,2,0,0
5906,45,Female,35063,10,19,10,9,4,2,110,0,Mobile,Edge,Winter,0,1,0,0
5907,49,Female,24723,5,62,19,2,7,5,154,0,Desktop,Safari,Winter,1,3,1,25
5908,18,Female,24213,11,57,41,17,3,6,197,0,Mobile,Firefox,Summer,0,5,0,0
5909,64,Male,42797,2,34,14,20,0,5,148,0,Desktop,Chrome,Winter,0,5,0,0
5910,45,Female,121770,16,80,14,11,3,8,210,1,Mobile,Edge,Winter,1,4,1,88
5911,59,Male,104946,12,44,22,18,4,8,243,1,Mobile,Safari,Winter,1,2,0,0
5912,24,Male,108918,16,63,4,22,4,7,107,1,Mobile,Safari,Winter,0,3,0,0
5913,19,Female,65217,4,67,47,3,11,4,5,1,Tablet,Edge,Fall,0,2,1,232
5914,59,Female,88283,2,52,34,9,13,9,144,0,Mobile,Firefox,Summer,1,4,0,0
5915,41,Male,43655,10,103,18,8,0,2,137,0,Mobile,Edge,Winter,0,3,0,0
5916,21,Male,115884,13,96,34,29,14,3,281,0,Desktop,Safari,Spring,1,1,1,400
5917,61,Male,97990,19,72,18,7,1,9,166,1,Mobile,Safari,Fall,0,5,1,18
5918,36,Male,32587,15,11,40,27,5,7,136,0,Tablet,Edge,Fall,0,1,0,0
5919,43,Female,42555,1,51,31,7,9,8,128,0,Mobile,Firefox,Spring,0,1,1,442
5920,28,Male,48071,17,47,42,23,13,7,65,0,Tablet,Edge,Summer,1,2,1,221
5921,57,Female,40239,4,20,20,21,4,9,289,0,Desktop,Chrome,Summer,0,2,0,0
5922,60,Female,143441,9,26,36,8,8,2,128,0,Desktop,Chrome,Fall,0,4,0,0
5923,28,Female,117138,6,67,42,20,12,6,197,1,Tablet,Safari,Spring,1,1,1,185
5924,62,Male,69151,3,50,10,5,6,7,82,0,Tablet,Chrome,Summer,0,1,0,0
5925,20,Male,22203,2,49,3,3,12,2,292,0,Tablet,Chrome,Fall,0,1,1,163
5926,29,Female,33635,18,45,21,19,4,0,84,0,Tablet,Edge,Spring,0,5,0,0
5927,20,Female,72571,19,29,36,2,14,6,152,1,Tablet,Firefox,Summer,0,3,1,458
5928,59,Female,21144,7,54,10,14,12,2,189,0,Tablet,Chrome,Summer,0,5,0,0
5929,44,Female,52699,3,71,7,21,11,0,211,0,Mobile,Firefox,Fall,0,1,0,0
5930,19,Male,104619,18,56,22,28,11,6,28,0,Tablet,Edge,Winter,0,4,1,125
5931,33,Female,111663,19,90,23,2,8,6,60,0,Mobile,Edge,Fall,1,3,1,423
5932,19,Male,149844,9,35,12,10,13,3,94,0,Desktop,Firefox,Fall,0,3,1,32
5933,47,Male,32213,16,41,39,20,0,1,335,1,Tablet,Chrome,Fall,0,1,1,395
5934,37,Male,36944,6,26,13,10,2,9,114,0,Desktop,Firefox,Spring,0,4,0,0
5935,55,Male,86723,12,31,40,28,1,4,329,1,Mobile,Safari,Summer,0,5,0,0
5936,45,Female,88669,6,6,13,17,14,8,124,1,Tablet,Firefox,Spring,1,2,1,470
5937,42,Male,88947,13,26,33,2,11,5,39,0,Mobile,Firefox,Summer,1,5,0,0
5938,49,Female,54457,5,57,31,27,6,9,257,0,Tablet,Firefox,Spring,0,3,0,0
5939,27,Male,122711,13,21,48,1,8,8,13,1,Tablet,Edge,Winter,0,4,0,0
5940,59,Female,55191,7,116,28,18,13,0,228,0,Tablet,Chrome,Winter,0,1,1,188
5941,57,Female,136057,12,60,19,4,12,1,194,0,Tablet,Edge,Winter,1,5,1,366
5942,50,Female,149173,4,88,21,1,11,5,42,0,Mobile,Firefox,Fall,0,3,0,0
5943,30,Female,140695,5,92,32,22,1,2,185,0,Mobile,Edge,Spring,0,2,0,0
5944,58,Female,92264,16,113,26,17,11,1,35,1,Desktop,Safari,Spring,0,1,1,22
5945,59,Male,77924,4,35,13,3,5,5,37,0,Tablet,Chrome,Summer,0,1,0,0
5946,64,Female,53744,8,47,29,2,1,6,75,0,Desktop,Chrome,Winter,1,2,1,274
5947,54,Male,73424,16,76,7,18,2,3,250,0,Desktop,Edge,Spring,0,5,0,0
5948,33,Female,108417,8,57,47,4,0,9,127,1,Desktop,Chrome,Spring,1,3,1,155
5949,62,Male,98337,17,9,26,25,5,8,20,0,Mobile,Edge,Winter,0,5,0,0
5950,39,Male,96084,14,6,6,3,1,2,216,1,Desktop,Safari,Fall,1,2,0,0
5951,37,Male,52886,12,63,32,12,2,1,247,0,Tablet,Firefox,Spring,1,4,1,49
5952,60,Female,119846,3,8,36,22,5,4,208,1,Tablet,Firefox,Summer,1,4,0,0
5953,44,Male,139550,2,103,23,16,5,8,151,0,Tablet,Safari,Winter,0,2,1,162
5954,58,Female,104963,13,38,11,28,3,0,313,0,Desktop,Safari,Fall,0,1,1,280
5955,33,Female,20972,11,71,21,11,0,5,166,1,Desktop,Chrome,Winter,0,3,0,0
5956,51,Male,119219,12,116,19,10,6,7,303,0,Desktop,Edge,Winter,0,3,0,0
5957,49,Male,26621,18,88,34,19,14,6,108,1,Tablet,Safari,Winter,0,1,1,405
5958,43,Female,111549,9,77,49,10,1,5,349,1,Mobile,Edge,Spring,1,4,0,0
5959,42,Female,69738,7,10,47,21,5,2,128,0,Desktop,Firefox,Winter,0,1,0,0
5960,19,Female,77694,6,62,44,25,6,8,158,1,Mobile,Chrome,Summer,0,4,1,382
5961,29,Female,74777,14,51,35,3,13,4,349,0,Desktop,Edge,Fall,0,5,1,215
5962,57,Female,34530,18,9,49,24,1,0,236,0,Mobile,Safari,Fall,1,2,1,464
5963,26,Female,27354,14,65,31,6,14,8,122,0,Tablet,Chrome,Winter,0,4,0,0
5964,29,Male,66529,5,109,46,14,5,9,299,1,Tablet,Safari,Spring,0,1,0,0
5965,43,Female,122895,13,60,29,12,0,8,233,0,Desktop,Firefox,Summer,0,2,0,0
5966,26,Female,71714,1,106,6,8,5,0,82,1,Desktop,Safari,Summer,0,4,0,0
5967,27,Male,108759,12,39,36,2,7,6,64,0,Tablet,Firefox,Summer,0,1,1,183
5968,49,Male,144750,19,99,31,9,7,8,6,1,Mobile,Safari,Fall,0,5,1,176
5969,51,Male,61232,10,17,32,14,6,1,352,1,Mobile,Safari,Summer,0,1,1,232
5970,37,Female,72079,5,30,40,1,3,9,287,0,Tablet,Chrome,Winter,0,5,0,0
5971,56,Male,140883,6,90,20,3,3,5,204,1,Desktop,Firefox,Fall,0,2,1,453
5972,19,Male,32550,12,100,22,20,4,9,87,0,Desktop,Safari,Winter,1,5,0,0
5973,18,Female,146319,3,68,3,6,7,0,157,0,Desktop,Safari,Summer,1,4,0,0
5974,53,Female,108196,14,83,8,27,13,2,97,1,Tablet,Edge,Spring,0,5,1,463
5975,41,Female,80385,4,15,45,20,3,4,359,1,Desktop,Safari,Spring,0,1,1,298
5976,44,Female,84736,17,66,19,13,8,6,220,0,Desktop,Chrome,Summer,1,4,0,0
5977,19,Male,116565,17,84,31,11,2,4,210,0,Mobile,Edge,Fall,0,5,0,0
5978,48,Female,50268,14,51,32,15,8,7,108,0,Tablet,Firefox,Fall,0,1,0,0
5979,31,Male,146828,15,74,15,18,1,4,214,1,Desktop,Chrome,Spring,1,2,1,287
5980,19,Female,132655,7,114,39,19,5,5,148,1,Tablet,Chrome,Summer,1,3,1,347
5981,46,Male,111876,4,79,31,19,14,1,208,0,Mobile,Edge,Summer,0,1,0,0
5982,32,Female,24290,17,62,3,6,4,4,58,0,Tablet,Chrome,Winter,0,4,0,0
5983,29,Female,75034,6,14,32,15,4,6,244,1,Tablet,Safari,Winter,1,2,0,0
5984,54,Female,50138,11,20,10,21,14,0,57,0,Mobile,Edge,Summer,0,2,0,0
5985,45,Male,91982,12,16,28,14,14,9,71,0,Tablet,Edge,Fall,0,2,0,0
5986,37,Male,139855,15,75,27,5,10,8,260,0,Desktop,Chrome,Winter,0,5,1,111
5987,56,Male,144650,12,107,48,11,14,8,42,1,Tablet,Firefox,Fall,1,2,0,0
5988,41,Female,33432,11,95,46,20,5,7,358,0,Desktop,Firefox,Fall,0,2,1,405
5989,38,Male,87058,17,92,40,13,9,8,34,1,Mobile,Firefox,Spring,0,3,1,233
5990,27,Female,78175,8,54,43,13,6,4,274,1,Desktop,Firefox,Winter,1,5,1,304
5991,63,Female,53329,12,19,31,4,3,6,353,0,Desktop,Chrome,Fall,0,1,0,0
5992,31,Female,89076,9,63,34,9,14,0,193,1,Mobile,Safari,Fall,0,1,0,0
5993,54,Male,32328,11,74,5,23,3,6,142,1,Desktop,Safari,Summer,0,4,0,0
5994,35,Female,54247,3,66,11,29,11,8,267,0,Desktop,Edge,Summer,0,2,0,0
5995,41,Male,26677,7,87,7,13,8,2,121,1,Tablet,Safari,Summer,0,4,1,309
5996,31,Female,81810,3,76,8,28,3,8,254,0,Desktop,Firefox,Fall,0,1,0,0
5997,51,Female,70357,16,115,17,8,7,4,253,0,Mobile,Edge,Fall,0,2,1,296
5998,29,Female,75812,10,66,44,20,9,8,264,1,Tablet,Firefox,Fall,1,2,1,216
5999,39,Male,61616,7,104,39,11,12,7,316,0,Tablet,Edge,Spring,0,1,1,346
6000,23,Male,81284,15,54,41,19,0,6,298,1,Desktop,Edge,Winter,0,2,1,128
6001,53,Female,69741,10,81,14,1,3,9,144,0,Tablet,Edge,Winter,1,5,1,387
6002,62,Male,73478,12,58,24,9,1,5,251,1,Mobile,Chrome,Winter,0,2,0,0
6003,53,Male,74056,18,58,30,25,10,1,167,0,Mobile,Firefox,Summer,1,2,0,0
6004,39,Female,111483,9,101,15,2,9,6,101,0,Desktop,Chrome,Spring,0,4,0,0
6005,31,Female,65534,9,100,4,4,4,1,351,1,Desktop,Chrome,Summer,1,3,0,0
6006,33,Male,99056,4,32,13,29,1,5,42,0,Mobile,Edge,Fall,1,1,0,0
6007,53,Female,84162,5,108,5,4,6,5,96,1,Mobile,Firefox,Winter,0,1,0,0
6008,42,Female,64711,7,55,31,28,9,8,286,1,Mobile,Safari,Spring,0,1,1,435
6009,49,Male,42805,7,117,12,1,6,9,178,0,Tablet,Firefox,Winter,0,4,1,19
6010,50,Male,115980,11,78,30,28,14,3,242,1,Desktop,Edge,Summer,1,2,0,0
6011,62,Female,40143,10,37,49,18,8,8,227,0,Desktop,Edge,Fall,0,3,0,0
6012,53,Male,95828,11,5,10,14,12,1,301,1,Mobile,Edge,Summer,1,4,0,0
6013,37,Male,128380,18,89,30,13,3,4,287,1,Mobile,Firefox,Spring,1,3,1,344
6014,35,Female,82473,12,73,26,8,14,2,46,0,Desktop,Edge,Spring,0,5,1,461
6015,55,Female,36017,16,5,44,6,14,5,46,0,Tablet,Edge,Spring,1,5,0,0
6016,20,Female,83202,4,59,6,17,4,1,225,1,Desktop,Firefox,Fall,1,4,1,174
6017,40,Female,110859,17,89,27,23,2,9,5,1,Desktop,Safari,Winter,1,4,0,0
6018,49,Male,61423,17,93,20,11,13,8,266,0,Desktop,Chrome,Winter,0,3,1,476
6019,62,Male,61713,5,88,28,15,6,3,110,0,Mobile,Chrome,Spring,0,4,0,0
6020,33,Female,107856,13,49,20,7,14,6,243,0,Desktop,Chrome,Summer,0,2,1,49
6021,22,Female,94310,3,77,12,22,4,4,151,1,Desktop,Safari,Summer,0,4,0,0
6022,21,Female,22205,17,84,45,29,8,7,7,0,Desktop,Safari,Spring,0,4,0,0
6023,38,Female,73266,11,96,21,27,11,3,314,1,Desktop,Edge,Summer,1,2,1,209
6024,57,Male,32342,1,44,30,8,12,6,303,0,Tablet,Safari,Summer,0,1,1,41
6025,31,Male,89563,18,114,49,11,13,4,348,1,Tablet,Edge,Fall,0,1,1,479
6026,56,Female,83190,17,117,10,28,6,2,277,0,Mobile,Chrome,Summer,1,5,1,304
6027,48,Female,101863,9,65,5,21,3,7,159,1,Desktop,Chrome,Spring,0,4,0,0
6028,31,Male,41200,7,40,37,2,6,5,155,0,Mobile,Safari,Winter,0,5,0,0
6029,23,Male,27188,5,107,8,20,0,3,72,0,Desktop,Chrome,Fall,0,4,1,129
6030,29,Male,146233,16,117,30,11,14,8,137,0,Mobile,Safari,Winter,1,2,1,464
6031,33,Male,22808,7,28,17,14,14,8,139,0,Desktop,Chrome,Fall,0,3,0,0
6032,34,Female,33851,13,84,3,24,1,1,150,1,Tablet,Firefox,Fall,0,4,0,0
6033,62,Male,100890,13,18,21,13,14,9,360,1,Tablet,Safari,Fall,0,5,0,0
6034,40,Male,84928,15,116,16,8,13,8,346,1,Desktop,Firefox,Winter,0,5,1,225
6035,31,Male,149831,17,102,32,12,2,3,50,1,Mobile,Edge,Spring,0,4,1,471
6036,24,Female,35058,17,92,27,21,4,8,101,0,Desktop,Safari,Summer,0,5,1,162
6037,63,Female,34620,19,115,6,22,11,9,168,1,Desktop,Edge,Winter,0,5,0,0
6038,49,Male,72755,10,79,42,9,4,7,66,0,Desktop,Edge,Summer,1,2,1,150
6039,32,Male,82995,2,113,16,26,6,9,242,1,Tablet,Edge,Fall,0,5,0,0
6040,61,Female,116766,14,104,45,26,8,2,147,0,Mobile,Chrome,Fall,0,1,1,435
6041,34,Female,56681,3,5,3,10,9,9,242,0,Tablet,Firefox,Fall,0,1,0,0
6042,58,Male,84509,7,51,40,11,8,6,116,0,Desktop,Chrome,Summer,0,3,1,218
6043,64,Female,103339,11,80,20,11,5,1,272,1,Mobile,Safari,Fall,0,1,1,332
6044,61,Male,87703,17,25,40,16,14,1,132,1,Mobile,Chrome,Spring,0,1,0,0
6045,51,Female,87680,15,77,7,18,6,3,305,0,Tablet,Chrome,Spring,0,2,0,0
6046,22,Male,87703,19,43,11,21,11,9,38,1,Desktop,Firefox,Fall,0,4,0,0
6047,62,Male,128056,11,7,29,9,12,6,135,1,Desktop,Chrome,Spring,0,2,0,0
6048,44,Female,62136,15,20,3,3,14,3,183,0,Mobile,Chrome,Spring,1,5,0,0
6049,40,Male,111380,15,72,21,22,7,1,14,1,Tablet,Safari,Winter,1,1,1,496
6050,57,Female,140579,6,30,32,4,3,1,204,0,Tablet,Chrome,Summer,0,5,0,0
6051,31,Female,113699,15,114,30,20,6,4,85,1,Desktop,Firefox,Fall,1,4,1,276
6052,32,Female,108456,9,58,39,19,13,2,244,0,Tablet,Safari,Winter,1,4,0,0
6053,60,Male,103086,5,17,11,10,5,2,290,0,Mobile,Safari,Summer,1,3,0,0
6054,50,Male,56343,19,65,17,13,7,0,149,1,Desktop,Edge,Fall,0,3,0,0
6055,48,Male,137529,5,24,25,1,14,2,127,0,Mobile,Edge,Winter,1,2,1,390
6056,52,Female,38254,13,87,25,12,0,3,319,0,Tablet,Edge,Summer,1,1,1,189
6057,34,Male,81273,18,31,9,11,4,5,298,1,Desktop,Chrome,Fall,0,5,0,0
6058,45,Male,79611,17,6,45,24,11,5,71,1,Mobile,Firefox,Spring,1,3,0,0
6059,36,Male,137574,15,14,29,5,12,4,85,1,Desktop,Firefox,Spring,0,4,0,0
6060,63,Male,134847,14,64,15,2,2,3,138,1,Desktop,Edge,Summer,0,4,0,0
6061,40,Female,125547,16,93,19,17,8,5,277,0,Mobile,Chrome,Winter,1,3,1,260
6062,49,Male,80002,4,23,15,17,8,4,113,0,Desktop,Firefox,Summer,0,4,0,0
6063,57,Female,105683,17,19,39,20,2,9,63,1,Desktop,Chrome,Fall,0,1,1,44
6064,30,Female,32926,14,107,35,15,9,0,89,1,Desktop,Edge,Spring,0,1,1,358
6065,37,Female,119359,18,51,40,4,13,1,77,0,Mobile,Chrome,Spring,0,2,1,175
6066,52,Female,84264,6,117,13,22,11,8,119,1,Mobile,Safari,Spring,0,1,1,122
6067,22,Male,135021,8,28,16,11,14,9,306,0,Desktop,Edge,Fall,0,3,1,204
6068,26,Male,138284,9,20,3,23,1,3,283,0,Mobile,Chrome,Winter,1,3,0,0
6069,46,Male,109527,1,85,31,1,4,5,229,0,Desktop,Firefox,Fall,0,1,1,452
6070,23,Female,127387,13,64,1,10,3,4,136,1,Tablet,Safari,Summer,0,3,0,0
6071,42,Male,47563,3,84,35,18,14,1,123,0,Tablet,Chrome,Winter,0,2,1,404
6072,48,Female,50688,6,86,16,15,6,0,199,1,Tablet,Firefox,Spring,0,2,1,237
6073,39,Male,114559,17,53,1,19,11,0,30,1,Mobile,Safari,Spring,0,4,1,55
6074,19,Male,54130,8,8,14,25,13,0,18,1,Desktop,Safari,Winter,0,2,1,331
6075,62,Male,20925,6,70,7,4,7,5,23,0,Mobile,Safari,Summer,0,5,1,56
6076,22,Female,140207,16,53,23,6,3,9,38,1,Tablet,Safari,Winter,0,1,1,427
6077,44,Male,71595,1,117,35,2,2,6,237,0,Tablet,Chrome,Fall,0,3,0,0
6078,42,Female,36321,10,35,29,13,14,6,248,1,Desktop,Edge,Fall,0,3,0,0
6079,25,Female,30769,18,70,22,27,8,8,361,1,Desktop,Edge,Spring,1,2,1,231
6080,18,Female,56748,14,58,16,2,7,2,30,1,Desktop,Chrome,Summer,1,2,1,284
6081,37,Male,60028,5,6,29,13,10,8,119,0,Mobile,Edge,Fall,0,2,0,0
6082,61,Male,36151,17,65,6,15,10,0,286,0,Mobile,Firefox,Summer,0,3,0,0
6083,40,Female,96133,14,19,18,29,6,1,74,1,Desktop,Firefox,Summer,0,5,0,0
6084,49,Female,54187,18,64,29,18,10,6,71,1,Mobile,Chrome,Spring,0,3,0,0
6085,28,Female,63835,4,116,25,11,7,1,273,1,Mobile,Chrome,Spring,0,2,0,0
6086,56,Female,20059,2,47,45,5,7,9,325,0,Tablet,Edge,Fall,1,5,1,59
6087,64,Female,120828,7,97,2,29,9,3,362,0,Tablet,Safari,Spring,0,2,1,303
6088,41,Male,105717,7,102,44,25,7,1,213,0,Desktop,Safari,Fall,0,5,0,0
6089,28,Male,47235,7,44,32,14,10,1,335,0,Desktop,Edge,Spring,0,2,0,0
6090,46,Male,114208,13,100,36,22,0,0,141,0,Desktop,Safari,Winter,1,5,0,0
6091,43,Female,87114,19,89,32,16,3,8,238,1,Tablet,Edge,Fall,1,1,0,0
6092,33,Female,65366,6,34,41,14,9,9,7,1,Mobile,Edge,Summer,0,5,0,0
6093,52,Male,149191,17,67,20,9,6,2,216,0,Mobile,Safari,Fall,1,2,0,0
6094,37,Male,132831,18,28,37,6,5,0,68,1,Tablet,Firefox,Winter,0,4,1,477
6095,63,Female,141889,1,48,42,9,2,9,316,1,Desktop,Firefox,Spring,0,2,1,12
6096,20,Female,145985,13,18,38,29,2,5,105,0,Desktop,Firefox,Spring,1,4,1,122
6097,18,Female,101583,19,32,33,5,11,7,35,1,Desktop,Chrome,Summer,0,3,0,0
6098,64,Male,52160,16,18,5,11,3,6,29,1,Desktop,Safari,Fall,0,5,0,0
6099,18,Female,119011,10,60,6,12,13,6,356,0,Mobile,Chrome,Fall,0,5,0,0
6100,34,Female,110085,13,112,22,17,9,1,119,0,Desktop,Edge,Fall,1,2,1,415
6101,19,Female,25277,10,38,21,6,5,3,34,0,Tablet,Safari,Fall,0,3,0,0
6102,46,Male,21780,14,82,19,20,13,5,260,0,Desktop,Chrome,Summer,1,2,0,0
6103,37,Female,66579,9,93,43,25,0,1,322,1,Mobile,Safari,Spring,0,1,0,0
6104,23,Male,137101,11,16,15,6,9,4,350,0,Desktop,Chrome,Spring,0,1,0,0
6105,25,Female,148339,3,60,34,15,3,4,313,1,Desktop,Edge,Summer,1,4,1,171
6106,46,Female,131449,8,65,47,17,8,2,349,1,Mobile,Firefox,Spring,0,5,0,0
6107,50,Male,80750,12,109,7,22,6,1,132,1,Tablet,Chrome,Fall,0,4,0,0
6108,20,Female,76902,3,65,17,3,10,6,341,0,Mobile,Chrome,Winter,0,4,1,162
6109,52,Male,100198,7,44,44,19,5,7,201,1,Mobile,Chrome,Winter,0,5,0,0
6110,22,Female,136849,14,24,44,23,10,3,113,1,Desktop,Edge,Summer,0,1,0,0
6111,44,Male,117052,7,116,5,2,4,3,97,0,Mobile,Edge,Winter,0,4,0,0
6112,61,Female,147894,7,46,39,9,11,8,311,1,Desktop,Chrome,Spring,0,5,1,356
6113,29,Male,52161,14,11,2,9,12,3,6,1,Mobile,Chrome,Fall,0,1,1,460
6114,37,Male,64499,12,83,27,7,1,9,29,0,Mobile,Firefox,Summer,0,5,1,101
6115,62,Female,51886,1,77,45,25,1,2,336,1,Desktop,Firefox,Fall,1,5,1,191
6116,37,Male,28800,5,72,24,16,5,0,356,0,Mobile,Firefox,Spring,1,2,1,84
6117,26,Female,69460,11,35,41,27,8,2,165,0,Mobile,Safari,Spring,0,1,0,0
6118,56,Male,149424,1,91,47,6,13,4,37,0,Desktop,Chrome,Summer,0,4,1,206
6119,21,Female,90975,13,74,28,9,11,1,63,1,Mobile,Safari,Spring,0,5,1,282
6120,36,Female,89843,17,96,47,26,8,4,239,0,Mobile,Edge,Winter,0,2,0,0
6121,55,Female,22364,3,80,1,13,0,8,250,0,Desktop,Safari,Fall,0,3,1,82
6122,44,Female,36568,10,51,21,2,6,9,185,0,Mobile,Edge,Fall,0,3,1,450
6123,62,Male,58092,19,55,28,14,6,5,247,1,Tablet,Safari,Spring,1,2,1,106
6124,60,Female,91019,7,62,3,5,9,2,40,0,Mobile,Firefox,Winter,0,1,1,76
6125,30,Female,82679,3,26,30,11,1,4,64,1,Mobile,Chrome,Fall,0,3,0,0
6126,30,Female,85781,12,28,1,15,13,0,223,1,Mobile,Firefox,Spring,0,4,1,157
6127,39,Female,28430,10,38,45,6,11,7,122,0,Desktop,Edge,Summer,0,2,0,0
6128,45,Female,93719,12,67,47,28,9,8,131,0,Desktop,Safari,Spring,0,5,1,40
6129,64,Male,58692,15,64,45,6,3,4,299,0,Tablet,Chrome,Summer,0,2,1,440
6130,62,Female,50086,6,23,18,16,12,8,125,0,Desktop,Safari,Summer,0,4,1,118
6131,39,Male,69671,19,28,49,27,7,7,25,1,Tablet,Safari,Spring,0,2,0,0
6132,60,Male,118262,5,68,33,20,5,7,311,0,Mobile,Firefox,Winter,0,4,1,300
6133,36,Female,33901,2,24,15,29,10,1,362,1,Mobile,Firefox,Spring,0,4,0,0
6134,25,Female,23907,19,102,24,4,13,4,36,1,Mobile,Firefox,Fall,0,2,1,79
6135,25,Male,118580,19,115,36,5,12,7,108,0,Mobile,Edge,Winter,0,2,1,192
6136,59,Male,48604,4,31,34,6,14,2,186,1,Tablet,Firefox,Spring,0,2,0,0
6137,43,Male,57869,5,62,26,28,6,0,103,1,Tablet,Chrome,Winter,1,5,1,56
6138,43,Female,34537,7,48,40,13,9,3,19,0,Mobile,Safari,Summer,1,5,0,0
6139,40,Male,32501,4,97,22,14,10,3,187,0,Mobile,Edge,Winter,0,4,1,165
6140,60,Male,143485,11,69,16,24,10,9,234,0,Desktop,Chrome,Summer,0,3,1,173
6141,30,Female,139261,3,50,40,28,13,3,94,1,Mobile,Edge,Summer,0,2,1,493
6142,45,Male,57371,5,104,42,13,5,3,231,0,Tablet,Chrome,Fall,0,3,1,186
6143,26,Female,134639,15,58,16,10,8,8,355,0,Tablet,Edge,Spring,0,1,1,441
6144,37,Male,131690,18,111,5,17,10,0,128,1,Desktop,Safari,Fall,0,1,0,0
6145,36,Female,56821,16,43,6,24,11,8,315,0,Mobile,Edge,Fall,0,2,0,0
6146,56,Male,108732,16,113,42,18,9,6,304,0,Desktop,Safari,Summer,0,1,0,0
6147,29,Female,145592,10,114,24,27,14,4,259,0,Tablet,Edge,Fall,0,3,1,468
6148,32,Female,26073,1,11,30,7,9,1,348,0,Desktop,Edge,Summer,1,1,1,289
6149,48,Male,134829,11,58,37,4,8,9,242,0,Desktop,Chrome,Spring,0,2,1,52
6150,31,Female,81005,17,47,32,24,5,9,115,0,Tablet,Safari,Winter,0,4,0,0
6151,28,Male,96097,15,24,19,22,5,9,152,0,Mobile,Chrome,Spring,1,5,0,0
6152,43,Female,38101,7,88,45,21,8,3,116,0,Desktop,Edge,Winter,0,5,1,290
6153,59,Female,131052,6,29,28,16,9,3,262,0,Desktop,Edge,Fall,0,5,0,0
6154,44,Female,51426,15,47,47,10,8,3,249,0,Tablet,Safari,Fall,0,4,1,317
6155,28,Female,114877,15,89,8,26,2,1,190,0,Tablet,Safari,Winter,1,1,1,256
6156,55,Female,27313,7,77,43,21,6,7,221,1,Desktop,Firefox,Fall,0,5,1,43
6157,51,Female,50773,3,31,1,20,2,3,256,0,Tablet,Safari,Spring,0,3,0,0
6158,60,Female,48003,14,96,4,19,3,8,292,0,Mobile,Chrome,Summer,1,1,1,270
6159,36,Male,79668,9,29,22,3,13,1,285,1,Desktop,Safari,Winter,0,4,0,0
6160,23,Male,111956,3,40,22,19,8,6,141,0,Mobile,Edge,Summer,0,5,1,310
6161,63,Female,91250,6,102,30,23,9,4,143,0,Tablet,Safari,Winter,0,1,0,0
6162,55,Female,135087,9,70,27,24,7,4,289,1,Mobile,Firefox,Spring,0,4,1,237
6163,59,Female,139451,1,13,27,13,5,6,251,0,Mobile,Edge,Fall,0,2,0,0
6164,45,Male,112675,9,87,13,8,5,3,345,0,Desktop,Safari,Fall,0,5,0,0
6165,18,Female,111634,12,83,39,18,7,2,144,0,Tablet,Edge,Winter,1,2,1,46
6166,52,Male,62294,4,57,27,19,12,8,85,0,Tablet,Edge,Fall,0,2,1,304
6167,57,Female,33582,16,25,39,18,1,2,180,0,Mobile,Safari,Summer,1,5,1,487
6168,25,Female,129119,5,54,38,22,13,4,101,0,Desktop,Firefox,Summer,0,3,0,0
6169,64,Female,33760,17,20,8,27,4,1,237,0,Desktop,Firefox,Summer,0,2,0,0
6170,24,Female,91791,17,70,12,19,12,6,337,1,Mobile,Firefox,Fall,0,4,0,0
6171,28,Female,102158,6,30,24,22,6,6,205,0,Desktop,Firefox,Spring,0,3,1,488
6172,56,Male,55983,15,48,18,4,11,4,290,0,Desktop,Safari,Spring,0,2,0,0
6173,21,Female,60309,1,33,15,13,12,7,127,0,Tablet,Edge,Summer,0,2,0,0
6174,42,Male,49715,13,101,16,12,2,8,361,0,Tablet,Edge,Spring,0,5,1,418
6175,29,Male,56415,16,102,33,15,7,3,278,0,Tablet,Firefox,Fall,0,5,0,0
6176,43,Female,107328,2,50,10,26,2,1,307,1,Tablet,Chrome,Spring,0,1,0,0
6177,55,Female,128112,19,95,47,15,13,1,260,1,Desktop,Firefox,Fall,1,5,1,107
6178,63,Female,108260,2,75,24,10,3,3,253,0,Mobile,Edge,Spring,0,5,0,0
6179,29,Male,71581,12,53,45,22,9,5,177,0,Desktop,Edge,Fall,0,1,1,219
6180,60,Male,23652,12,19,19,29,9,5,239,1,Mobile,Edge,Fall,0,3,0,0
6181,54,Male,46297,8,21,27,19,5,1,167,1,Mobile,Chrome,Spring,0,1,1,15
6182,63,Female,117958,12,13,45,21,5,0,215,0,Mobile,Safari,Fall,0,5,0,0
6183,41,Male,34028,11,81,41,8,1,1,205,1,Desktop,Safari,Spring,0,3,0,0
6184,33,Male,33803,2,36,31,19,1,7,200,1,Mobile,Edge,Fall,0,1,0,0
6185,30,Male,26307,1,70,21,25,2,4,1,0,Tablet,Firefox,Spring,0,1,1,392
6186,42,Female,51325,4,63,16,9,2,2,169,1,Desktop,Safari,Spring,1,1,0,0
6187,21,Male,78616,9,36,23,29,3,8,273,1,Mobile,Edge,Spring,0,5,0,0
6188,28,Male,80483,7,115,14,7,3,6,264,1,Mobile,Chrome,Spring,1,2,1,442
6189,49,Female,51574,10,88,23,8,3,7,67,0,Mobile,Edge,Winter,0,1,1,211
6190,24,Female,139828,14,47,41,9,9,5,349,1,Tablet,Edge,Summer,0,3,1,127
6191,63,Female,104798,1,87,18,17,9,6,118,0,Tablet,Firefox,Spring,0,5,1,75
6192,28,Male,87071,5,114,36,15,10,2,86,1,Tablet,Chrome,Winter,0,3,1,318
6193,45,Male,34932,13,95,12,16,2,0,235,0,Tablet,Chrome,Fall,0,2,0,0
6194,58,Male,35749,6,104,37,7,0,0,322,0,Tablet,Firefox,Winter,0,3,0,0
6195,40,Female,28727,17,63,11,10,8,0,258,1,Desktop,Firefox,Winter,0,1,0,0
6196,62,Male,75406,15,34,5,19,13,6,17,0,Desktop,Edge,Winter,0,3,1,391
6197,40,Female,37332,7,15,21,6,1,1,73,1,Tablet,Chrome,Winter,0,3,1,244
6198,45,Female,115070,8,84,32,25,13,5,161,0,Mobile,Edge,Summer,1,5,0,0
6199,60,Male,30834,2,30,29,12,2,0,221,1,Desktop,Edge,Winter,0,3,0,0
6200,64,Male,40325,18,98,7,15,1,9,182,0,Tablet,Firefox,Summer,0,4,0,0
6201,43,Male,29213,7,6,36,10,5,7,364,1,Tablet,Edge,Fall,0,4,0,0
6202,42,Female,141291,16,38,40,27,5,4,249,1,Tablet,Edge,Fall,0,5,0,0
6203,46,Female,133741,19,45,27,24,12,8,107,1,Mobile,Firefox,Winter,0,4,1,88
6204,36,Male,143313,9,90,6,18,0,2,101,1,Desktop,Safari,Fall,0,5,0,0
6205,50,Female,21403,12,35,38,4,3,1,301,0,Desktop,Safari,Summer,1,3,0,0
6206,53,Male,76971,14,67,4,11,9,7,257,1,Tablet,Firefox,Summer,1,5,1,242
6207,31,Male,138199,7,59,46,5,14,4,336,1,Desktop,Chrome,Winter,0,4,1,107
6208,31,Male,137623,2,65,35,13,4,0,307,1,Mobile,Firefox,Spring,1,1,1,277
6209,52,Female,74030,17,89,10,10,11,5,278,1,Mobile,Edge,Summer,1,1,0,0
6210,47,Female,93042,11,40,38,22,5,2,162,1,Desktop,Safari,Fall,1,4,0,0
6211,45,Male,115195,18,44,30,29,4,7,333,1,Mobile,Firefox,Spring,0,1,1,355
6212,34,Male,27591,12,27,42,7,14,5,49,1,Tablet,Safari,Spring,0,5,0,0
6213,20,Female,147144,3,30,9,11,2,1,305,1,Tablet,Edge,Winter,0,4,0,0
6214,33,Male,32996,14,22,16,4,2,5,170,1,Tablet,Safari,Fall,0,2,0,0
6215,63,Female,123364,15,83,4,4,2,2,92,0,Mobile,Chrome,Spring,0,3,0,0
6216,47,Male,72485,19,38,26,5,5,6,269,1,Tablet,Firefox,Summer,0,2,0,0
6217,46,Female,67830,10,90,29,25,3,0,230,1,Desktop,Safari,Winter,0,5,0,0
6218,62,Male,54370,9,32,28,9,3,0,350,0,Mobile,Edge,Spring,0,4,1,85
6219,32,Female,77572,10,111,11,1,2,9,250,0,Desktop,Firefox,Spring,0,3,0,0
6220,63,Male,99008,4,53,28,29,13,3,228,0,Tablet,Edge,Winter,1,2,0,0
6221,42,Female,49098,19,68,44,16,3,6,196,0,Mobile,Chrome,Fall,0,5,0,0
6222,55,Female,81561,10,75,32,5,7,3,142,1,Mobile,Chrome,Winter,0,5,0,0
6223,59,Female,22196,17,67,24,5,2,8,184,0,Desktop,Chrome,Winter,0,1,0,0
6224,64,Female,31091,12,108,42,7,9,7,215,1,Desktop,Chrome,Spring,1,3,1,193
6225,55,Male,100576,1,66,39,8,2,4,69,1,Desktop,Firefox,Fall,1,3,1,298
6226,40,Female,85254,11,46,7,19,5,0,46,1,Desktop,Edge,Fall,0,2,0,0
6227,42,Female,69262,13,28,18,1,0,2,15,0,Mobile,Edge,Winter,0,3,0,0
6228,59,Male,134320,1,39,3,18,9,7,343,0,Tablet,Edge,Fall,1,2,0,0
6229,24,Female,144124,1,81,44,22,5,6,136,0,Desktop,Safari,Winter,1,4,1,385
6230,39,Male,26023,16,59,46,11,14,7,122,0,Mobile,Firefox,Winter,0,4,0,0
6231,34,Female,40543,7,53,20,22,10,0,184,0,Desktop,Firefox,Summer,1,4,0,0
6232,35,Female,80029,10,81,34,27,8,1,267,0,Tablet,Safari,Summer,0,2,0,0
6233,58,Female,113913,16,99,30,29,2,9,199,0,Tablet,Chrome,Winter,0,2,1,456
6234,27,Female,122171,1,63,9,16,1,6,173,0,Desktop,Edge,Summer,1,4,0,0
6235,27,Female,62337,9,87,10,21,2,4,110,0,Desktop,Firefox,Spring,1,4,1,410
6236,24,Female,60409,6,97,6,11,11,4,105,1,Mobile,Chrome,Winter,0,3,1,155
6237,55,Male,90540,15,26,17,21,2,9,287,1,Mobile,Safari,Spring,0,3,0,0
6238,44,Male,29963,4,109,15,9,1,8,175,1,Mobile,Edge,Winter,0,2,0,0
6239,50,Female,33796,15,89,33,27,12,0,360,1,Desktop,Edge,Spring,1,1,1,334
6240,18,Female,60972,10,65,13,7,10,4,322,0,Desktop,Safari,Summer,1,1,0,0
6241,61,Male,92613,16,84,42,22,3,6,364,1,Desktop,Safari,Winter,1,3,1,492
6242,51,Male,115384,13,34,44,15,7,4,61,0,Tablet,Chrome,Winter,0,5,0,0
6243,21,Female,98062,19,73,22,11,6,9,264,0,Tablet,Chrome,Summer,1,1,1,353
6244,34,Female,23261,4,109,16,23,9,6,321,0,Desktop,Safari,Spring,1,2,1,237
6245,21,Female,37046,16,64,34,19,8,0,273,0,Mobile,Chrome,Winter,0,5,1,495
6246,60,Female,33397,11,109,3,29,7,4,158,0,Mobile,Chrome,Summer,0,2,0,0
6247,43,Female,80436,15,10,8,7,12,5,223,1,Desktop,Safari,Summer,0,3,0,0
6248,21,Female,110805,11,89,20,16,6,5,115,1,Mobile,Chrome,Fall,0,2,1,436
6249,18,Male,121694,11,110,47,3,5,3,254,0,Desktop,Firefox,Summer,0,1,1,175
6250,24,Female,45757,3,118,24,16,2,4,308,1,Tablet,Safari,Summer,0,4,0,0
6251,47,Female,137706,17,15,18,8,9,7,63,1,Mobile,Edge,Spring,0,2,0,0
6252,26,Male,35299,5,28,23,26,3,5,61,0,Tablet,Safari,Winter,0,1,0,0
6253,52,Male,144384,13,96,1,10,7,0,256,1,Tablet,Safari,Winter,1,4,0,0
6254,25,Male,21902,10,83,2,9,11,4,77,1,Desktop,Chrome,Summer,0,2,0,0
6255,41,Male,138859,5,107,5,3,1,6,90,0,Tablet,Safari,Summer,1,5,1,166
6256,36,Female,135016,12,114,18,7,14,7,288,1,Mobile,Chrome,Fall,1,2,1,418
6257,53,Male,62399,8,108,16,8,11,3,291,1,Desktop,Chrome,Summer,0,2,0,0
6258,60,Male,68330,12,55,10,3,5,1,272,1,Desktop,Firefox,Winter,0,2,0,0
6259,44,Female,66308,16,115,29,16,14,3,137,1,Mobile,Chrome,Winter,1,5,1,64
6260,49,Male,140983,2,23,35,22,12,5,275,0,Tablet,Edge,Fall,0,2,0,0
6261,31,Male,23846,3,54,25,29,0,5,40,1,Desktop,Edge,Winter,0,5,1,186
6262,35,Female,32359,18,85,42,14,6,5,174,1,Desktop,Firefox,Fall,0,2,1,164
6263,45,Female,69376,17,7,24,7,3,0,109,0,Desktop,Firefox,Summer,0,4,1,479
6264,46,Female,88056,2,7,13,4,11,6,131,1,Mobile,Firefox,Spring,1,4,0,0
6265,33,Female,60832,12,107,21,6,0,6,154,1,Mobile,Firefox,Fall,0,5,1,126
6266,52,Female,40098,17,96,42,7,4,4,357,0,Desktop,Firefox,Winter,0,4,1,291
6267,64,Female,137095,6,35,43,12,4,3,72,1,Desktop,Edge,Fall,0,2,1,276
6268,48,Female,124987,17,110,39,7,12,2,326,0,Mobile,Chrome,Spring,0,1,0,0
6269,21,Male,69962,2,117,34,27,5,7,5,0,Tablet,Chrome,Fall,0,1,0,0
6270,54,Male,108672,8,51,19,1,14,7,213,0,Desktop,Firefox,Fall,0,2,1,381
6271,34,Female,55885,14,12,28,18,11,2,283,1,Mobile,Chrome,Fall,0,4,0,0
6272,56,Male,116256,6,21,27,11,7,4,172,1,Tablet,Chrome,Winter,0,3,1,249
6273,63,Female,41157,9,103,26,11,14,7,294,0,Tablet,Firefox,Summer,0,1,1,204
6274,43,Male,68372,1,104,11,17,3,9,214,1,Mobile,Safari,Summer,1,4,1,297
6275,56,Female,39674,5,95,49,25,12,9,89,0,Desktop,Edge,Winter,0,5,0,0
6276,58,Male,52357,7,108,35,12,11,5,71,1,Mobile,Chrome,Summer,1,4,1,413
6277,21,Female,32578,9,49,20,23,6,1,334,0,Mobile,Chrome,Summer,1,1,0,0
6278,47,Male,148457,14,101,12,27,10,0,169,0,Tablet,Edge,Winter,0,3,1,496
6279,47,Female,22251,9,64,28,23,14,6,314,1,Desktop,Edge,Spring,0,3,0,0
6280,39,Male,99049,4,118,2,19,3,1,198,0,Tablet,Safari,Spring,0,1,0,0
6281,28,Male,57429,15,79,1,21,13,9,96,1,Mobile,Chrome,Summer,0,2,1,444
6282,19,Female,112641,4,25,9,18,12,9,319,1,Mobile,Chrome,Summer,1,1,1,160
6283,61,Male,66871,3,74,22,21,14,3,19,0,Desktop,Safari,Fall,0,5,0,0
6284,29,Male,106526,14,116,40,24,1,5,155,1,Mobile,Edge,Spring,0,4,1,103
6285,47,Male,45499,9,25,27,13,7,6,94,0,Mobile,Firefox,Winter,0,1,1,378
6286,53,Male,26421,19,119,9,10,4,6,53,0,Tablet,Firefox,Winter,1,5,0,0
6287,35,Male,72204,6,62,7,19,9,6,353,1,Desktop,Chrome,Spring,1,2,1,158
6288,43,Female,44591,3,59,36,4,3,3,11,1,Mobile,Edge,Summer,0,3,0,0
6289,24,Female,80940,18,32,48,24,11,9,105,1,Desktop,Chrome,Winter,1,2,1,140
6290,18,Male,112515,16,85,38,15,13,9,10,1,Desktop,Edge,Fall,0,1,0,0
6291,43,Female,106371,3,86,2,18,1,5,221,1,Tablet,Edge,Spring,1,3,1,31
6292,40,Male,123229,2,79,43,1,6,2,342,0,Tablet,Firefox,Spring,0,4,0,0
6293,43,Female,32202,2,50,5,19,4,7,20,0,Mobile,Firefox,Summer,0,1,0,0
6294,62,Male,120950,10,48,17,2,8,0,147,0,Mobile,Chrome,Fall,0,3,1,195
6295,23,Male,143981,15,93,37,10,6,7,344,1,Desktop,Safari,Spring,1,1,0,0
6296,23,Male,145855,3,98,35,18,8,4,255,1,Tablet,Safari,Spring,1,4,0,0
6297,61,Male,111202,8,29,8,4,12,7,130,0,Mobile,Firefox,Summer,0,1,1,282
6298,25,Female,39290,18,75,43,29,11,3,247,0,Desktop,Firefox,Winter,0,5,0,0
6299,41,Female,38130,11,53,3,29,9,1,146,0,Desktop,Chrome,Spring,1,2,0,0
6300,39,Female,57077,7,105,3,22,14,3,82,0,Tablet,Safari,Summer,1,1,1,477
6301,36,Male,144600,19,50,1,10,9,7,2,0,Mobile,Edge,Summer,0,5,0,0
6302,54,Female,135136,7,95,24,26,12,9,303,0,Mobile,Safari,Fall,0,5,0,0
6303,35,Female,39396,2,94,45,21,4,0,248,1,Mobile,Edge,Fall,0,1,1,194
6304,48,Male,80848,6,67,30,4,10,4,47,1,Tablet,Chrome,Winter,0,3,1,249
6305,54,Male,103488,5,81,42,24,5,5,79,1,Desktop,Edge,Spring,1,3,0,0
6306,47,Male,80530,14,92,26,27,7,3,124,1,Mobile,Edge,Fall,0,2,1,271
6307,59,Female,84274,18,16,38,21,9,3,345,0,Tablet,Safari,Spring,0,3,1,483
6308,50,Female,138179,4,82,43,18,5,3,82,1,Mobile,Safari,Spring,0,4,0,0
6309,27,Male,47122,4,61,40,20,10,2,277,0,Mobile,Safari,Spring,0,1,0,0
6310,54,Female,49381,13,77,43,23,3,9,32,0,Tablet,Safari,Spring,1,3,1,104
6311,29,Male,65435,1,68,38,4,1,4,275,0,Mobile,Edge,Winter,1,4,1,40
6312,47,Female,125614,5,35,44,15,5,5,146,0,Mobile,Safari,Spring,0,4,0,0
6313,44,Male,43267,3,8,3,22,12,2,280,0,Desktop,Edge,Summer,0,5,1,205
6314,56,Female,133271,19,58,13,18,12,2,106,0,Tablet,Firefox,Spring,1,3,0,0
6315,26,Female,140672,13,87,36,9,11,8,158,1,Mobile,Chrome,Winter,0,2,0,0
6316,38,Female,127543,7,69,41,20,13,1,93,1,Desktop,Firefox,Winter,0,4,1,140
6317,29,Male,81978,10,97,48,29,13,5,246,0,Mobile,Firefox,Spring,0,3,1,484
6318,46,Male,27088,3,113,12,17,8,7,341,0,Mobile,Edge,Fall,1,1,1,387
6319,50,Male,117354,2,10,20,3,7,7,149,1,Desktop,Safari,Fall,0,2,0,0
6320,60,Female,147728,7,69,39,13,2,0,304,0,Mobile,Chrome,Spring,0,3,0,0
6321,32,Male,32822,9,93,44,7,4,0,129,0,Desktop,Firefox,Fall,0,1,1,269
6322,19,Female,139456,12,95,8,14,5,7,22,0,Desktop,Safari,Summer,0,4,1,498
6323,56,Male,70216,10,26,47,26,6,0,56,1,Desktop,Safari,Summer,0,4,1,51
6324,61,Male,56589,19,21,2,25,1,2,38,1,Mobile,Edge,Spring,1,1,0,0
6325,35,Female,85262,13,63,11,6,5,8,19,0,Tablet,Edge,Fall,1,3,1,333
6326,20,Female,77911,10,33,21,14,1,2,194,0,Tablet,Safari,Winter,0,4,0,0
6327,24,Male,21436,5,71,37,14,7,1,93,0,Mobile,Chrome,Summer,1,3,1,136
6328,60,Male,81854,15,21,6,29,6,0,215,0,Desktop,Firefox,Spring,0,4,1,131
6329,35,Female,81888,3,6,19,14,1,0,175,0,Tablet,Firefox,Winter,0,5,0,0
6330,61,Female,131201,8,36,30,20,3,9,314,0,Desktop,Edge,Winter,0,4,0,0
6331,55,Male,47281,6,26,46,18,6,2,256,0,Tablet,Chrome,Summer,0,4,1,187
6332,54,Female,108017,19,107,39,9,8,5,254,0,Mobile,Chrome,Fall,1,5,0,0
6333,50,Male,116005,17,101,44,12,2,6,45,0,Tablet,Safari,Winter,0,2,0,0
6334,61,Male,104403,10,62,49,14,9,5,215,1,Mobile,Safari,Spring,1,5,1,296
6335,48,Male,126023,1,57,36,24,9,5,220,0,Desktop,Edge,Spring,1,2,0,0
6336,28,Female,73952,13,90,20,23,7,8,28,0,Desktop,Edge,Fall,0,4,0,0
6337,21,Male,42766,10,51,10,16,12,3,316,1,Mobile,Firefox,Fall,1,2,0,0
6338,35,Male,115273,12,8,24,2,8,4,261,0,Tablet,Safari,Fall,0,1,0,0
6339,21,Female,41213,2,42,33,16,12,0,208,0,Desktop,Edge,Fall,1,1,1,307
6340,51,Female,113891,10,17,29,18,7,3,281,0,Mobile,Safari,Spring,0,1,0,0
6341,46,Female,82239,1,65,30,24,3,9,129,0,Mobile,Chrome,Spring,1,5,1,268
6342,41,Male,42537,1,91,36,9,3,5,168,0,Tablet,Firefox,Winter,0,1,1,429
6343,39,Female,22794,15,68,45,25,10,6,231,0,Tablet,Safari,Winter,0,3,0,0
6344,19,Female,79204,1,81,6,8,6,1,351,0,Mobile,Safari,Spring,1,1,0,0
6345,61,Male,129832,9,88,47,1,3,9,167,1,Tablet,Safari,Fall,0,4,1,172
6346,23,Male,52324,7,37,14,5,14,5,95,0,Mobile,Chrome,Winter,0,1,1,356
6347,59,Male,76764,16,102,3,7,10,2,76,1,Desktop,Firefox,Spring,1,2,1,98
6348,42,Male,50858,16,42,24,10,12,6,247,1,Mobile,Chrome,Spring,0,4,0,0
6349,38,Female,62850,13,33,19,22,9,8,171,1,Tablet,Safari,Summer,0,4,0,0
6350,33,Male,33018,10,65,38,11,9,3,304,0,Tablet,Firefox,Spring,0,1,0,0
6351,48,Female,147171,18,36,34,12,6,7,220,1,Tablet,Safari,Winter,1,2,1,364
6352,31,Male,103017,9,15,9,1,8,9,294,1,Tablet,Firefox,Fall,1,4,0,0
6353,56,Male,70790,12,22,30,26,11,5,346,0,Mobile,Edge,Fall,0,4,0,0
6354,45,Female,101120,13,49,32,6,8,2,280,1,Mobile,Chrome,Winter,0,3,0,0
6355,49,Female,29850,11,25,13,4,8,2,254,0,Mobile,Chrome,Fall,0,5,0,0
6356,45,Female,111237,15,16,18,3,9,2,133,0,Mobile,Safari,Winter,1,2,0,0
6357,26,Male,126759,10,107,44,4,11,3,236,0,Tablet,Safari,Fall,1,1,0,0
6358,62,Male,129488,10,24,22,24,9,1,165,0,Desktop,Safari,Spring,0,4,0,0
6359,39,Female,65975,9,11,4,27,14,4,271,1,Desktop,Chrome,Summer,0,4,0,0
6360,49,Female,85510,3,95,23,6,5,7,194,0,Tablet,Edge,Summer,1,5,1,394
6361,22,Male,85696,16,75,7,25,0,6,276,1,Desktop,Edge,Spring,0,1,0,0
6362,40,Female,45832,12,6,44,5,11,8,158,0,Mobile,Chrome,Summer,0,3,1,352
6363,22,Female,116746,17,47,11,27,7,2,44,0,Desktop,Firefox,Spring,1,3,0,0
6364,59,Male,107826,15,101,39,9,13,3,187,1,Mobile,Edge,Spring,0,2,1,188
6365,49,Female,114977,3,25,42,4,13,7,132,0,Mobile,Edge,Winter,0,5,0,0
6366,27,Male,44886,5,33,41,14,5,9,159,1,Mobile,Firefox,Fall,1,5,0,0
6367,56,Male,117930,13,36,34,15,6,2,247,1,Tablet,Firefox,Winter,0,4,1,319
6368,32,Male,28418,6,49,5,28,1,0,297,0,Mobile,Chrome,Summer,0,4,0,0
6369,24,Female,143152,9,80,42,4,2,1,76,0,Tablet,Firefox,Spring,0,4,1,349
6370,46,Female,27081,19,81,25,22,5,9,8,0,Tablet,Safari,Spring,1,4,0,0
6371,64,Female,122716,7,107,28,14,2,9,78,1,Desktop,Safari,Summer,0,1,0,0
6372,20,Female,30114,13,112,14,29,4,7,107,1,Desktop,Edge,Fall,0,1,1,360
6373,36,Male,137845,5,117,27,10,12,6,40,0,Desktop,Chrome,Spring,0,2,0,0
6374,27,Male,38722,16,63,16,27,3,3,105,0,Tablet,Chrome,Fall,0,3,0,0
6375,45,Female,107508,4,108,27,7,4,7,153,0,Tablet,Firefox,Spring,1,2,1,141
6376,46,Female,149752,5,7,2,18,7,2,318,0,Mobile,Edge,Spring,0,4,1,175
6377,32,Female,148870,19,43,19,20,14,0,58,1,Tablet,Edge,Winter,0,5,0,0
6378,52,Female,37985,6,55,23,15,3,3,327,0,Mobile,Edge,Fall,0,1,0,0
6379,23,Male,25888,4,12,41,29,8,5,87,0,Desktop,Chrome,Spring,0,1,0,0
6380,29,Female,89254,1,114,14,8,2,5,174,1,Tablet,Chrome,Summer,0,1,1,255
6381,64,Male,117683,17,50,47,9,11,3,359,1,Mobile,Safari,Spring,1,1,0,0
6382,55,Female,140234,9,70,26,5,6,7,154,0,Mobile,Firefox,Fall,0,5,0,0
6383,30,Female,128918,16,10,8,6,6,8,298,0,Tablet,Chrome,Spring,0,2,1,30
6384,46,Female,103845,2,116,27,26,0,1,7,1,Desktop,Edge,Fall,0,1,1,280
6385,36,Male,143446,11,62,47,12,2,2,56,1,Mobile,Firefox,Summer,1,4,0,0
6386,20,Female,39299,5,45,40,7,9,7,68,0,Tablet,Chrome,Winter,1,4,0,0
6387,25,Male,76050,13,83,28,7,0,0,300,0,Tablet,Edge,Summer,0,2,1,292
6388,25,Male,126747,17,119,4,15,7,0,308,1,Mobile,Edge,Summer,0,2,1,322
6389,37,Female,42036,15,115,38,19,9,6,146,0,Mobile,Firefox,Spring,0,2,1,383
6390,64,Male,145234,12,58,11,13,4,9,278,0,Mobile,Safari,Fall,1,2,0,0
6391,21,Male,105421,6,80,44,18,14,6,260,1,Tablet,Edge,Summer,0,5,1,485
6392,38,Male,49346,13,45,24,10,3,6,157,1,Tablet,Edge,Winter,0,1,0,0
6393,20,Female,133507,18,52,28,8,2,4,216,1,Tablet,Edge,Summer,0,5,0,0
6394,62,Male,145191,15,100,41,25,6,6,168,1,Desktop,Edge,Spring,0,5,1,224
6395,25,Male,134673,15,74,18,11,7,8,316,1,Desktop,Safari,Spring,1,1,1,56
6396,40,Female,46691,8,31,49,8,7,5,169,0,Tablet,Safari,Summer,0,5,0,0
6397,33,Female,125578,19,51,21,8,12,5,73,1,Mobile,Safari,Winter,0,2,0,0
6398,30,Male,134063,14,81,26,15,0,2,271,1,Tablet,Edge,Summer,1,3,1,305
6399,20,Male,37986,7,27,3,2,6,6,77,0,Tablet,Safari,Spring,0,4,0,0
6400,26,Male,47846,14,78,13,27,4,5,57,1,Desktop,Firefox,Fall,0,2,0,0
6401,31,Male,142047,5,18,38,20,1,4,350,1,Tablet,Edge,Summer,0,2,0,0
6402,30,Female,69665,15,65,28,22,7,2,99,0,Mobile,Edge,Fall,1,1,0,0
6403,24,Female,133408,15,71,14,24,14,2,163,1,Desktop,Edge,Fall,1,3,1,249
6404,32,Male,61401,4,80,1,13,1,5,346,0,Tablet,Edge,Winter,0,1,1,111
6405,24,Female,93728,1,29,28,18,5,5,275,0,Desktop,Chrome,Winter,1,2,0,0
6406,55,Male,124805,17,69,36,12,11,4,277,0,Mobile,Safari,Summer,0,5,1,284
6407,51,Female,148114,1,100,11,8,4,2,344,0,Mobile,Chrome,Fall,0,4,0,0
6408,58,Female,70054,16,28,43,17,5,1,26,1,Tablet,Firefox,Summer,0,4,0,0
6409,39,Male,58487,13,57,40,27,10,3,56,0,Tablet,Chrome,Winter,0,2,0,0
6410,41,Male,29412,18,116,4,6,9,3,31,1,Desktop,Chrome,Fall,1,1,1,257
6411,54,Male,142836,10,110,34,16,7,9,30,1,Mobile,Chrome,Fall,1,3,1,430
6412,61,Male,101499,18,77,1,24,8,1,24,0,Tablet,Chrome,Summer,0,3,1,77
6413,18,Female,71473,17,54,10,24,12,8,96,0,Mobile,Safari,Spring,1,2,1,273
6414,27,Female,119159,9,5,17,28,2,2,158,0,Tablet,Safari,Spring,0,3,0,0
6415,60,Male,86553,14,110,7,27,2,0,121,1,Tablet,Chrome,Fall,1,1,0,0
6416,33,Female,25279,13,43,39,23,6,4,154,0,Mobile,Chrome,Fall,0,3,1,479
6417,63,Female,95948,14,78,13,23,2,9,358,0,Tablet,Firefox,Summer,1,1,1,211
6418,25,Male,27712,11,48,22,14,10,2,82,0,Tablet,Firefox,Spring,0,2,1,222
6419,42,Male,35817,13,111,1,27,13,5,361,1,Tablet,Edge,Fall,1,3,0,0
6420,29,Female,73832,17,109,28,10,9,0,310,0,Tablet,Chrome,Fall,1,1,1,59
6421,42,Male,113616,3,98,33,27,11,9,332,1,Tablet,Edge,Fall,1,5,1,224
6422,34,Male,76224,1,9,13,28,4,3,277,0,Tablet,Safari,Spring,1,3,0,0
6423,43,Female,26624,5,72,1,25,9,0,126,0,Tablet,Safari,Fall,1,4,0,0
6424,63,Female,49126,13,113,38,2,14,0,284,0,Tablet,Safari,Spring,0,3,0,0
6425,31,Male,102115,5,76,25,13,3,9,124,1,Desktop,Safari,Summer,0,3,1,487
6426,58,Female,100667,5,84,42,1,10,7,81,1,Tablet,Edge,Spring,0,5,1,412
6427,53,Male,57462,12,69,21,28,8,9,335,0,Tablet,Chrome,Spring,0,3,1,208
6428,40,Male,78676,2,117,33,18,10,3,279,1,Desktop,Safari,Winter,0,3,1,316
6429,60,Female,66815,16,83,37,14,11,9,181,0,Desktop,Firefox,Fall,1,2,1,274
6430,23,Female,122955,17,92,34,3,7,2,309,0,Mobile,Edge,Spring,1,2,0,0
6431,64,Male,108911,5,19,3,15,11,5,162,0,Mobile,Edge,Spring,1,1,1,38
6432,22,Male,46093,12,54,30,9,8,9,324,0,Mobile,Safari,Summer,0,4,1,192
6433,60,Male,131030,15,10,3,26,5,8,361,0,Mobile,Chrome,Spring,0,3,1,78
6434,42,Female,137385,6,70,18,13,1,5,12,1,Desktop,Firefox,Summer,1,2,1,475
6435,35,Male,52525,13,73,23,23,7,0,130,0,Mobile,Edge,Winter,1,1,0,0
6436,30,Female,49030,11,119,8,5,13,7,281,1,Tablet,Firefox,Spring,0,5,1,302
6437,60,Male,64067,17,43,9,5,0,0,344,0,Desktop,Firefox,Winter,0,4,0,0
6438,31,Female,135745,9,109,2,22,10,2,351,0,Tablet,Edge,Fall,1,5,0,0
6439,45,Male,25207,16,102,2,2,4,8,125,0,Mobile,Chrome,Winter,1,1,1,238
6440,35,Female,96433,17,107,27,1,1,3,172,1,Mobile,Safari,Spring,1,5,1,484
6441,45,Male,46639,18,100,48,27,12,7,134,0,Tablet,Firefox,Winter,0,3,1,130
6442,44,Male,22792,13,33,39,17,6,8,351,1,Mobile,Chrome,Spring,0,5,1,273
6443,49,Male,20420,11,97,36,19,4,7,39,0,Mobile,Safari,Winter,1,2,0,0
6444,64,Male,114760,13,92,5,17,9,5,178,0,Mobile,Firefox,Summer,0,2,1,31
6445,26,Female,39198,13,50,1,9,2,8,280,1,Mobile,Safari,Fall,0,5,0,0
6446,57,Female,55608,12,35,22,10,13,5,5,1,Tablet,Edge,Summer,0,4,0,0
6447,49,Female,66205,14,28,10,29,6,4,54,1,Mobile,Chrome,Summer,0,2,0,0
6448,37,Female,102951,13,19,45,15,11,7,310,1,Desktop,Chrome,Fall,1,5,1,54
6449,45,Female,125943,9,80,24,13,2,3,266,1,Tablet,Chrome,Summer,1,3,1,268
6450,50,Male,37875,14,24,15,29,5,2,82,0,Tablet,Firefox,Winter,0,2,0,0
6451,21,Female,90511,1,8,33,21,3,3,221,0,Desktop,Chrome,Winter,0,2,0,0
6452,63,Female,111997,9,62,23,25,11,8,331,1,Mobile,Safari,Winter,0,5,0,0
6453,51,Female,41331,4,81,14,21,9,3,241,1,Tablet,Firefox,Winter,0,5,1,454
6454,20,Female,36893,12,65,18,17,1,6,94,1,Desktop,Edge,Winter,0,5,1,216
6455,43,Male,84913,14,109,25,27,8,0,363,0,Desktop,Edge,Spring,0,4,1,386
6456,25,Male,38243,9,112,22,28,5,5,69,1,Desktop,Safari,Summer,0,2,1,58
6457,23,Male,35535,3,14,44,23,14,7,6,0,Tablet,Chrome,Summer,0,3,0,0
6458,33,Male,83203,6,45,44,7,4,6,206,1,Desktop,Edge,Spring,0,3,0,0
6459,41,Female,90597,3,57,37,4,12,4,16,1,Desktop,Edge,Summer,0,1,1,70
6460,56,Female,87394,1,91,7,3,4,3,60,0,Desktop,Chrome,Fall,0,5,0,0
6461,47,Male,45489,3,75,26,1,7,1,142,0,Tablet,Edge,Summer,1,1,1,174
6462,62,Male,99214,14,80,24,7,4,0,289,1,Desktop,Edge,Summer,0,1,1,319
6463,30,Female,140295,2,52,13,5,7,0,357,0,Tablet,Edge,Spring,1,4,0,0
6464,22,Female,120369,12,19,41,26,7,4,206,1,Tablet,Edge,Winter,1,4,0,0
6465,42,Male,132695,10,11,6,17,0,8,40,1,Desktop,Safari,Winter,1,5,1,293
6466,37,Male,104886,13,76,21,17,3,6,9,0,Mobile,Firefox,Winter,0,5,0,0
6467,35,Male,33346,4,75,7,15,8,1,91,0,Tablet,Chrome,Fall,1,5,1,452
6468,64,Male,68005,19,47,18,3,13,5,195,0,Desktop,Edge,Winter,1,3,0,0
6469,35,Female,26773,1,8,15,3,14,9,202,0,Tablet,Edge,Summer,1,5,1,53
6470,19,Female,115001,11,118,8,2,1,6,48,1,Desktop,Edge,Spring,0,3,1,116
6471,27,Female,146717,16,55,16,8,10,7,266,1,Desktop,Edge,Fall,1,1,1,273
6472,62,Male,142580,19,75,49,13,3,8,245,0,Mobile,Firefox,Winter,0,5,0,0
6473,64,Female,95324,19,63,3,28,3,2,262,0,Tablet,Chrome,Spring,0,2,0,0
6474,29,Female,52343,12,113,45,24,0,1,318,0,Tablet,Edge,Fall,0,3,0,0
6475,64,Male,132398,3,45,9,6,9,6,31,1,Tablet,Safari,Summer,1,5,1,280
6476,30,Male,122746,18,65,47,5,9,7,262,1,Tablet,Safari,Winter,1,3,1,293
6477,64,Male,94783,17,34,26,13,13,8,351,0,Desktop,Firefox,Summer,1,3,0,0
6478,28,Male,65963,5,22,26,22,6,9,34,1,Tablet,Firefox,Fall,0,5,0,0
6479,36,Male,61983,16,34,30,1,11,4,245,1,Mobile,Edge,Summer,1,1,0,0
6480,52,Male,55972,14,11,27,18,0,8,349,1,Tablet,Firefox,Fall,0,5,0,0
6481,56,Female,36959,19,56,16,7,4,0,323,0,Desktop,Chrome,Winter,1,1,1,249
6482,43,Female,134886,6,52,48,17,7,8,268,1,Desktop,Safari,Spring,1,1,1,123
6483,63,Female,109343,3,27,4,8,3,9,294,1,Desktop,Chrome,Fall,0,5,0,0
6484,31,Female,54133,6,41,19,19,4,4,211,0,Desktop,Firefox,Winter,1,2,1,128
6485,62,Female,109754,12,75,34,16,10,1,135,1,Desktop,Chrome,Summer,1,2,1,165
6486,61,Female,71150,11,106,6,14,9,5,64,1,Tablet,Firefox,Spring,0,1,1,362
6487,41,Male,41734,7,97,45,20,11,0,247,0,Tablet,Chrome,Spring,1,3,1,272
6488,58,Male,108364,1,102,15,23,2,6,333,0,Desktop,Edge,Fall,0,2,1,196
6489,18,Male,37400,16,107,10,10,4,6,277,0,Desktop,Edge,Winter,0,5,0,0
6490,60,Female,40002,16,57,42,23,11,9,78,1,Tablet,Chrome,Fall,1,2,0,0
6491,39,Female,118329,17,109,36,2,2,7,164,0,Desktop,Edge,Fall,1,3,0,0
6492,40,Male,144438,15,49,46,21,3,0,77,0,Desktop,Firefox,Fall,0,2,0,0
6493,36,Male,56492,9,53,40,24,10,1,177,0,Mobile,Chrome,Winter,1,5,1,217
6494,35,Male,117753,5,53,6,16,2,0,97,0,Mobile,Firefox,Fall,0,5,0,0
6495,29,Male,121762,8,115,44,25,4,7,139,1,Mobile,Safari,Winter,0,1,1,338
6496,45,Male,113468,1,86,40,13,1,7,243,0,Mobile,Edge,Spring,0,4,1,268
6497,45,Female,141281,7,51,6,5,8,2,359,1,Desktop,Edge,Spring,0,3,0,0
6498,50,Female,128863,11,111,15,18,2,9,345,1,Desktop,Firefox,Winter,0,2,0,0
6499,36,Female,50875,13,29,29,20,9,1,359,1,Desktop,Firefox,Summer,0,1,0,0
6500,45,Male,45046,13,95,25,11,13,8,251,1,Desktop,Safari,Fall,1,4,1,401
6501,54,Female,145347,7,31,19,5,0,4,280,0,Mobile,Chrome,Spring,1,4,0,0
6502,43,Male,43664,11,16,14,22,4,8,278,1,Tablet,Firefox,Fall,0,1,1,422
6503,52,Female,44453,18,27,3,28,3,1,171,0,Desktop,Chrome,Fall,1,5,1,111
6504,51,Male,24746,1,21,42,22,1,5,179,1,Desktop,Chrome,Summer,0,5,1,319
6505,52,Male,109509,12,48,46,13,14,0,177,1,Tablet,Firefox,Winter,1,3,1,87
6506,57,Female,143765,3,75,14,28,11,6,278,1,Tablet,Edge,Winter,0,3,1,256
6507,33,Female,33217,1,28,39,1,11,3,335,0,Tablet,Firefox,Fall,1,5,1,416
6508,55,Female,83184,4,75,39,6,7,6,18,0,Mobile,Firefox,Summer,0,3,1,495
6509,30,Female,108898,6,97,21,11,8,8,300,1,Desktop,Firefox,Fall,0,3,0,0
6510,40,Female,61835,5,64,11,10,5,0,109,0,Mobile,Edge,Winter,1,2,0,0
6511,39,Male,29133,11,57,10,1,7,0,32,1,Mobile,Safari,Summer,1,3,0,0
6512,33,Female,121345,13,96,15,16,1,6,56,1,Tablet,Edge,Summer,0,5,1,380
6513,45,Female,60533,11,91,30,13,10,9,228,1,Tablet,Firefox,Spring,0,1,1,373
6514,52,Male,25404,6,78,44,21,5,1,74,0,Mobile,Safari,Summer,1,4,1,38
6515,62,Female,53339,19,20,17,27,0,7,9,0,Tablet,Firefox,Winter,0,5,0,0
6516,63,Male,48725,15,111,29,16,9,3,89,0,Tablet,Chrome,Winter,1,3,0,0
6517,25,Female,94332,13,116,17,15,2,6,132,1,Tablet,Firefox,Fall,0,5,0,0
6518,61,Female,65380,10,102,33,7,14,9,294,0,Mobile,Chrome,Winter,0,5,1,331
6519,39,Male,68073,1,29,38,14,6,1,238,1,Mobile,Safari,Winter,0,4,0,0
6520,38,Female,80873,13,70,21,24,11,7,356,0,Desktop,Chrome,Winter,0,3,1,402
6521,43,Female,106900,6,54,47,11,12,5,250,0,Tablet,Safari,Fall,0,1,1,397
6522,57,Female,147240,12,73,14,27,12,0,42,1,Mobile,Firefox,Spring,0,1,1,450
6523,38,Female,61341,17,82,10,13,0,8,231,0,Tablet,Firefox,Spring,1,2,0,0
6524,42,Male,21236,18,99,42,5,5,1,170,0,Desktop,Chrome,Spring,0,4,0,0
6525,58,Male,87916,8,44,23,18,6,3,316,0,Desktop,Edge,Summer,0,5,0,0
6526,18,Female,125481,14,10,39,3,2,8,90,0,Desktop,Edge,Spring,0,4,0,0
6527,23,Female,148357,5,68,39,12,10,7,191,0,Desktop,Edge,Summer,0,4,0,0
6528,40,Male,34538,2,32,14,7,7,7,277,0,Desktop,Chrome,Summer,0,1,1,246
6529,40,Male,31971,11,13,47,26,7,3,127,0,Tablet,Chrome,Spring,1,4,1,190
6530,60,Female,128601,3,10,22,20,4,0,133,1,Desktop,Edge,Winter,0,4,0,0
6531,60,Male,119821,16,21,41,15,10,9,286,0,Mobile,Chrome,Spring,1,5,0,0
6532,40,Male,103453,16,44,28,1,1,3,63,0,Tablet,Edge,Summer,0,2,0,0
6533,49,Male,58655,9,103,47,19,1,2,240,0,Tablet,Safari,Summer,1,5,0,0
6534,47,Male,97022,13,80,9,10,4,2,38,1,Desktop,Safari,Summer,0,4,1,53
6535,30,Female,80784,10,49,23,14,3,0,164,0,Desktop,Chrome,Fall,0,2,0,0
6536,60,Male,142547,17,86,7,15,11,8,38,1,Tablet,Firefox,Fall,0,4,0,0
6537,35,Female,138177,17,47,24,2,3,2,279,0,Mobile,Chrome,Spring,0,3,1,69
6538,40,Female,81289,10,102,43,25,4,3,151,1,Tablet,Safari,Spring,0,3,0,0
6539,32,Male,57410,8,50,37,17,0,0,58,0,Desktop,Safari,Summer,0,3,0,0
6540,50,Female,110982,7,67,9,25,14,2,176,1,Desktop,Edge,Spring,0,2,1,231
6541,38,Female,71302,14,5,38,10,6,0,243,1,Mobile,Edge,Spring,0,5,0,0
6542,56,Male,146112,18,63,7,5,2,3,363,0,Mobile,Firefox,Summer,0,2,1,170
6543,40,Male,41703,19,67,23,28,9,9,174,0,Mobile,Edge,Fall,0,4,0,0
6544,44,Male,64191,18,83,25,6,13,6,343,0,Desktop,Edge,Spring,0,5,0,0
6545,62,Female,138454,14,22,46,6,14,9,143,0,Mobile,Safari,Spring,1,1,1,295
6546,61,Female,74112,10,90,22,28,9,7,257,1,Mobile,Edge,Winter,0,5,1,89
6547,35,Female,31399,1,86,43,6,13,7,100,0,Desktop,Chrome,Winter,0,5,0,0
6548,41,Female,124365,9,117,7,25,7,0,348,1,Tablet,Safari,Fall,0,2,0,0
6549,64,Male,32685,18,69,6,14,8,5,202,0,Mobile,Chrome,Spring,1,3,1,104
6550,57,Female,107777,13,114,36,13,7,7,33,0,Mobile,Firefox,Spring,0,2,0,0
6551,59,Male,24487,17,24,46,13,10,9,152,0,Desktop,Safari,Spring,1,1,1,328
6552,24,Male,32018,16,60,22,25,11,9,70,0,Desktop,Firefox,Summer,1,3,1,125
6553,37,Male,50825,11,58,35,27,13,7,142,0,Mobile,Chrome,Spring,0,5,1,52
6554,44,Male,27750,9,52,49,10,1,8,246,1,Desktop,Firefox,Spring,0,2,1,227
6555,23,Female,78956,7,104,47,16,14,7,96,1,Mobile,Chrome,Winter,1,1,1,435
6556,44,Male,70229,1,58,33,7,6,4,339,0,Desktop,Chrome,Spring,0,2,0,0
6557,26,Female,103220,9,106,21,3,11,0,84,0,Tablet,Safari,Winter,1,5,0,0
6558,62,Male,63118,10,93,11,15,3,8,125,0,Desktop,Safari,Fall,0,4,0,0
6559,48,Male,79615,16,20,13,23,12,9,340,1,Tablet,Safari,Spring,1,2,0,0
6560,38,Male,99946,18,24,3,5,4,9,166,1,Desktop,Chrome,Summer,1,2,0,0
6561,43,Female,141337,14,106,13,25,10,9,139,1,Desktop,Edge,Fall,0,4,1,420
6562,57,Male,141869,11,51,41,8,9,9,160,0,Desktop,Chrome,Fall,0,2,0,0
6563,62,Male,77290,4,101,34,26,4,4,286,0,Tablet,Chrome,Spring,0,1,0,0
6564,30,Male,35105,19,11,28,28,10,6,86,0,Tablet,Edge,Spring,0,3,0,0
6565,40,Male,38913,13,27,40,22,8,6,139,1,Mobile,Edge,Winter,0,1,1,446
6566,37,Female,121564,1,79,34,5,11,3,105,1,Desktop,Firefox,Fall,1,4,0,0
6567,54,Female,69515,19,37,32,26,1,7,78,0,Mobile,Chrome,Winter,0,1,0,0
6568,45,Male,67342,15,44,23,2,1,9,219,0,Tablet,Safari,Winter,1,1,0,0
6569,34,Male,132016,15,114,24,27,2,8,192,0,Mobile,Edge,Spring,0,5,1,490
6570,45,Female,135533,11,9,1,28,4,3,188,1,Mobile,Safari,Fall,0,4,0,0
6571,58,Female,72184,5,49,24,19,11,1,196,0,Desktop,Firefox,Summer,0,3,1,31
6572,19,Female,103247,10,115,3,11,3,9,350,0,Desktop,Safari,Winter,1,3,1,164
6573,42,Male,80506,18,45,17,11,9,3,74,1,Tablet,Chrome,Fall,0,2,1,362
6574,58,Female,44967,7,12,7,3,9,1,261,0,Mobile,Chrome,Fall,0,4,1,307
6575,23,Male,56023,1,119,10,13,11,0,303,1,Tablet,Safari,Fall,0,4,0,0
6576,28,Female,74288,3,85,19,20,8,0,292,0,Desktop,Safari,Spring,0,3,1,153
6577,55,Female,141796,1,119,24,19,2,3,143,0,Tablet,Chrome,Spring,0,2,0,0
6578,23,Male,144939,17,86,9,23,0,8,295,0,Desktop,Edge,Spring,0,1,1,473
6579,62,Female,121541,15,54,15,29,4,8,38,1,Tablet,Chrome,Winter,1,3,1,145
6580,28,Male,46622,5,95,49,15,7,6,36,0,Desktop,Edge,Spring,1,4,1,123
6581,31,Female,65201,16,35,22,6,0,4,115,0,Desktop,Chrome,Fall,1,3,0,0
6582,19,Male,95033,12,8,17,13,0,5,2,0,Tablet,Safari,Fall,0,5,0,0
6583,57,Female,36350,19,70,19,24,12,0,15,0,Tablet,Safari,Spring,0,5,0,0
6584,20,Female,74820,14,60,9,18,5,2,84,0,Desktop,Chrome,Winter,0,3,0,0
6585,52,Male,68709,3,9,38,18,14,0,311,1,Tablet,Edge,Spring,0,5,1,373
6586,50,Male,108232,19,85,19,1,6,9,254,1,Mobile,Edge,Spring,1,5,1,19
6587,41,Male,47470,1,58,8,21,13,4,226,1,Mobile,Edge,Fall,1,3,1,169
6588,36,Male,50889,1,107,6,23,7,3,333,0,Mobile,Safari,Fall,0,1,1,379
6589,35,Female,30224,10,100,49,25,7,2,188,0,Tablet,Firefox,Summer,0,5,0,0
6590,41,Female,127260,3,97,38,21,2,5,25,0,Desktop,Safari,Spring,1,4,1,51
6591,62,Female,25465,13,84,45,27,14,5,270,1,Tablet,Edge,Summer,0,4,1,318
6592,52,Female,102418,6,5,21,11,3,8,240,0,Mobile,Safari,Fall,0,4,0,0
6593,18,Female,117739,11,80,29,16,8,3,246,0,Tablet,Chrome,Winter,1,3,1,281
6594,53,Female,113480,6,87,34,1,10,8,177,1,Desktop,Safari,Winter,0,1,0,0
6595,42,Male,75214,3,77,12,19,4,3,163,0,Mobile,Chrome,Summer,0,4,0,0
6596,62,Female,115373,16,116,39,8,14,7,214,0,Tablet,Safari,Fall,0,2,1,498
6597,60,Female,22944,9,65,32,19,13,7,261,0,Desktop,Safari,Summer,0,5,1,19
6598,51,Male,44336,8,11,6,23,10,1,236,0,Desktop,Safari,Summer,0,3,0,0
6599,42,Female,58624,3,34,17,16,13,9,357,0,Tablet,Edge,Fall,1,5,0,0
6600,33,Female,85206,5,19,32,26,8,7,145,0,Tablet,Chrome,Spring,0,1,1,245
6601,51,Female,64764,14,112,8,3,11,1,69,0,Desktop,Safari,Spring,0,1,0,0
6602,46,Male,117332,5,8,38,2,4,7,251,1,Desktop,Edge,Fall,0,4,1,305
6603,36,Male,114325,19,67,29,12,4,5,54,1,Mobile,Safari,Summer,0,2,0,0
6604,40,Female,65420,5,74,31,29,8,2,175,1,Desktop,Firefox,Fall,1,2,1,111
6605,36,Male,109758,2,42,19,10,5,6,223,0,Tablet,Chrome,Summer,0,4,0,0
6606,42,Female,124381,7,51,9,22,2,5,177,0,Mobile,Edge,Fall,1,3,1,94
6607,33,Female,85671,1,64,28,2,11,2,330,0,Tablet,Chrome,Summer,1,5,0,0
6608,26,Female,35773,18,103,48,26,4,4,62,1,Mobile,Edge,Fall,0,4,1,62
6609,18,Male,127596,10,6,39,21,0,3,349,0,Tablet,Edge,Fall,0,3,0,0
6610,59,Female,46447,6,73,40,5,8,5,16,0,Mobile,Safari,Fall,1,1,1,475
6611,36,Female,24033,7,12,31,5,9,0,209,0,Mobile,Safari,Fall,0,1,1,385
6612,50,Female,75852,12,55,19,6,13,0,135,0,Tablet,Firefox,Winter,0,1,0,0
6613,51,Female,40497,18,98,33,3,9,7,43,0,Desktop,Edge,Fall,1,3,0,0
6614,33,Female,99714,11,116,26,10,10,7,172,1,Mobile,Chrome,Spring,0,3,1,269
6615,61,Male,146892,19,23,45,5,6,8,327,1,Tablet,Edge,Spring,0,5,0,0
6616,57,Female,92082,4,98,1,24,0,7,80,0,Mobile,Firefox,Winter,0,1,0,0
6617,35,Male,93932,19,35,11,20,13,1,188,0,Mobile,Chrome,Fall,1,4,0,0
6618,51,Female,40978,13,84,2,5,10,4,127,0,Mobile,Firefox,Spring,1,3,0,0
6619,42,Male,128867,19,106,35,15,10,7,307,0,Tablet,Safari,Fall,1,2,1,293
6620,62,Female,32882,2,26,13,17,3,8,7,0,Desktop,Chrome,Fall,0,5,0,0
6621,23,Female,36945,9,37,39,17,1,5,22,1,Mobile,Edge,Summer,0,1,1,302
6622,38,Male,107320,8,118,34,24,2,3,24,1,Desktop,Chrome,Spring,0,4,0,0
6623,23,Male,76485,14,90,34,18,3,8,360,0,Mobile,Safari,Summer,0,5,1,83
6624,49,Female,88850,9,76,35,26,11,3,298,0,Tablet,Chrome,Winter,0,1,1,194
6625,58,Male,138648,13,41,32,10,13,5,251,1,Mobile,Safari,Fall,1,4,1,455
6626,60,Male,79870,18,16,45,23,1,4,150,1,Mobile,Safari,Winter,0,3,0,0
6627,56,Female,38595,6,118,12,7,9,0,163,1,Mobile,Firefox,Spring,0,2,0,0
6628,48,Female,104291,3,73,33,11,0,3,116,0,Mobile,Safari,Summer,1,1,1,192
6629,59,Female,117847,10,68,18,14,10,9,183,0,Tablet,Edge,Summer,0,5,0,0
6630,27,Female,84038,10,29,5,9,3,2,246,0,Mobile,Chrome,Spring,0,5,0,0
6631,47,Female,76126,10,58,19,17,8,7,131,1,Tablet,Chrome,Winter,0,4,1,74
6632,35,Male,131231,9,33,31,2,13,6,362,0,Mobile,Edge,Summer,1,5,0,0
6633,41,Female,116134,12,17,27,17,10,9,275,1,Tablet,Chrome,Spring,1,5,1,441
6634,26,Male,55449,8,30,42,17,10,0,328,0,Mobile,Safari,Fall,0,3,0,0
6635,48,Female,121110,9,26,38,27,8,7,125,0,Mobile,Safari,Summer,0,1,0,0
6636,32,Female,130265,17,97,15,20,11,6,215,0,Mobile,Chrome,Summer,0,3,1,265
6637,21,Male,38639,8,80,46,24,8,1,289,0,Tablet,Firefox,Summer,0,5,0,0
6638,57,Female,65370,18,116,48,10,2,9,271,0,Desktop,Safari,Spring,1,2,1,48
6639,26,Male,116559,17,114,4,24,0,3,69,1,Tablet,Chrome,Winter,1,1,1,411
6640,62,Male,94628,6,111,19,12,0,1,346,0,Mobile,Chrome,Winter,0,2,0,0
6641,26,Male,91918,10,96,21,12,13,8,256,1,Desktop,Chrome,Winter,0,5,1,352
6642,43,Female,62710,1,77,40,27,2,7,287,1,Tablet,Edge,Spring,0,1,1,89
6643,21,Female,74051,1,14,1,15,9,0,262,1,Tablet,Chrome,Spring,0,2,0,0
6644,34,Female,80639,9,52,20,9,13,0,147,0,Mobile,Chrome,Winter,1,2,1,364
6645,33,Female,23159,3,119,22,18,7,7,15,0,Mobile,Chrome,Fall,0,4,1,88
6646,32,Female,91192,6,46,13,16,14,4,290,0,Tablet,Chrome,Spring,0,1,0,0
6647,52,Female,86988,7,94,41,29,3,0,339,0,Mobile,Firefox,Winter,0,2,1,364
6648,22,Male,127739,9,104,1,7,10,3,177,0,Desktop,Edge,Winter,0,1,0,0
6649,22,Female,38706,5,63,15,28,7,1,82,1,Mobile,Chrome,Fall,1,4,1,41
6650,37,Female,29862,16,57,15,14,13,8,174,1,Desktop,Edge,Spring,0,1,0,0
6651,32,Female,30219,2,44,14,4,6,9,51,1,Desktop,Chrome,Summer,0,2,0,0
6652,35,Female,109017,3,79,5,3,13,5,267,1,Mobile,Safari,Summer,0,2,0,0
6653,64,Male,54536,3,66,49,12,7,8,4,0,Tablet,Chrome,Spring,0,4,0,0
6654,19,Male,91632,10,10,6,16,1,0,338,1,Desktop,Chrome,Spring,1,3,0,0
6655,46,Male,123489,3,8,41,4,7,0,297,0,Mobile,Firefox,Fall,0,5,1,217
6656,30,Male,97391,15,95,31,4,8,3,257,1,Desktop,Firefox,Winter,0,5,1,251
6657,21,Male,82886,14,59,26,3,9,1,9,0,Tablet,Firefox,Summer,0,2,1,45
6658,59,Female,128798,4,92,25,9,10,0,321,1,Tablet,Edge,Fall,0,1,0,0
6659,62,Male,99996,10,73,49,24,5,5,273,0,Tablet,Edge,Fall,0,3,1,105
6660,27,Male,53937,11,118,39,14,13,7,323,1,Desktop,Firefox,Fall,0,4,1,394
6661,48,Female,41094,11,7,40,12,2,0,343,0,Desktop,Edge,Summer,1,5,0,0
6662,58,Female,145312,8,11,15,10,6,9,257,0,Desktop,Chrome,Winter,0,3,1,490
6663,25,Male,124894,9,92,6,14,8,9,148,0,Tablet,Firefox,Winter,0,4,1,378
6664,20,Female,135074,8,90,1,12,7,5,192,1,Mobile,Chrome,Summer,1,2,0,0
6665,63,Female,137118,12,16,41,12,14,0,124,0,Desktop,Chrome,Fall,0,4,0,0
6666,26,Male,47924,17,103,7,2,13,7,204,0,Mobile,Firefox,Winter,0,3,1,400
6667,47,Female,103325,15,21,4,19,7,5,337,0,Desktop,Firefox,Summer,0,4,1,414
6668,28,Male,20123,19,71,1,13,10,0,85,1,Mobile,Firefox,Spring,0,1,1,369
6669,52,Male,73149,6,79,41,10,6,8,158,0,Desktop,Chrome,Fall,1,3,0,0
6670,54,Female,133930,5,74,2,23,4,0,23,0,Mobile,Chrome,Spring,0,5,1,304
6671,59,Male,91445,8,111,48,21,1,8,120,1,Mobile,Safari,Summer,0,5,1,422
6672,30,Male,51854,18,40,34,1,4,2,56,1,Tablet,Chrome,Summer,1,2,0,0
6673,53,Female,80796,15,21,35,1,4,7,303,0,Tablet,Firefox,Winter,0,3,0,0
6674,30,Female,89432,3,90,46,28,1,7,2,0,Desktop,Edge,Spring,0,1,0,0
6675,29,Female,78968,14,5,13,8,10,6,362,0,Mobile,Chrome,Summer,1,5,1,416
6676,54,Female,60834,15,112,17,6,9,1,216,1,Tablet,Firefox,Winter,0,1,1,412
6677,27,Male,127677,13,71,10,20,0,2,33,0,Mobile,Firefox,Summer,0,3,0,0
6678,26,Female,37111,9,84,3,3,4,4,249,0,Mobile,Firefox,Spring,0,3,0,0
6679,24,Female,92575,17,103,4,13,5,4,237,0,Tablet,Edge,Summer,1,1,0,0
6680,19,Male,130380,19,82,25,25,12,1,108,1,Tablet,Edge,Summer,0,5,1,475
6681,40,Male,44099,4,53,37,25,6,0,271,1,Desktop,Safari,Fall,0,2,1,329
6682,56,Male,89206,10,55,43,12,10,4,288,1,Desktop,Chrome,Summer,0,5,1,80
6683,57,Male,70293,3,75,38,20,1,4,362,1,Mobile,Edge,Summer,1,4,1,492
6684,56,Female,128871,19,94,29,16,5,2,162,1,Tablet,Safari,Summer,0,4,1,411
6685,38,Female,138719,9,47,1,11,14,7,287,0,Mobile,Firefox,Fall,0,3,1,319
6686,40,Male,35029,5,116,30,24,11,5,271,1,Mobile,Safari,Spring,0,2,1,198
6687,46,Male,51811,14,35,39,4,7,1,148,0,Mobile,Safari,Fall,0,4,1,495
6688,31,Male,35793,7,28,10,8,5,1,106,0,Desktop,Safari,Winter,0,1,0,0
6689,43,Male,126854,6,87,29,7,2,3,31,1,Tablet,Chrome,Spring,1,5,0,0
6690,22,Female,68106,8,41,44,16,2,5,258,0,Mobile,Edge,Winter,0,2,1,455
6691,48,Male,105662,2,69,32,12,10,8,269,0,Tablet,Edge,Winter,0,2,0,0
6692,42,Female,104764,14,93,44,6,6,7,352,1,Mobile,Firefox,Spring,0,2,1,64
6693,48,Male,147418,7,67,1,23,1,7,271,0,Desktop,Safari,Summer,1,3,1,226
6694,37,Female,104131,3,60,41,6,2,1,25,1,Tablet,Safari,Winter,0,3,0,0
6695,61,Female,20972,6,78,17,11,6,3,332,0,Mobile,Firefox,Summer,0,1,0,0
6696,34,Female,20360,14,22,12,12,8,5,28,0,Mobile,Edge,Spring,0,1,0,0
6697,62,Female,22632,12,110,2,16,0,5,105,0,Tablet,Chrome,Winter,1,3,0,0
6698,19,Male,55958,18,69,9,22,4,9,268,0,Mobile,Firefox,Winter,0,4,0,0
6699,42,Female,123252,12,33,12,16,12,5,213,0,Tablet,Firefox,Spring,0,5,0,0
6700,30,Male,100882,7,81,25,23,1,7,186,0,Tablet,Chrome,Spring,0,5,0,0
6701,56,Female,133858,5,8,36,16,11,7,144,0,Desktop,Edge,Summer,0,2,0,0
6702,45,Female,38008,12,16,44,4,4,6,190,0,Tablet,Firefox,Spring,0,1,1,231
6703,59,Male,97656,9,60,35,12,12,4,74,0,Tablet,Safari,Fall,0,4,1,75
6704,23,Male,50283,11,52,22,5,12,5,91,0,Tablet,Chrome,Fall,0,5,0,0
6705,20,Female,70908,4,23,33,9,5,5,52,1,Mobile,Edge,Summer,0,2,0,0
6706,52,Female,27818,14,30,21,18,7,2,286,0,Tablet,Firefox,Winter,0,2,0,0
6707,35,Male,90655,12,112,40,9,6,2,97,1,Desktop,Chrome,Summer,0,1,1,142
6708,28,Female,50579,18,42,22,16,4,6,16,0,Tablet,Safari,Winter,0,5,0,0
6709,37,Male,75178,7,84,28,21,10,5,138,1,Mobile,Safari,Winter,1,5,0,0
6710,22,Male,77584,1,112,4,26,4,4,143,0,Desktop,Edge,Winter,1,4,0,0
6711,36,Male,85020,13,29,26,1,13,5,282,1,Tablet,Chrome,Spring,1,1,0,0
6712,39,Female,131257,16,60,23,27,1,5,189,0,Mobile,Chrome,Summer,0,1,0,0
6713,36,Female,133204,5,78,48,23,5,3,15,1,Tablet,Chrome,Summer,1,3,0,0
6714,64,Male,115373,19,105,49,5,2,4,134,1,Tablet,Safari,Summer,0,5,1,151
6715,33,Male,141663,9,32,23,19,5,6,109,0,Desktop,Edge,Summer,1,3,1,331
6716,41,Male,20975,9,65,41,3,2,0,129,0,Tablet,Safari,Fall,1,4,0,0
6717,58,Male,83479,12,96,8,1,1,9,114,0,Tablet,Safari,Winter,0,2,0,0
6718,21,Female,36265,18,93,32,23,7,5,87,0,Desktop,Edge,Winter,1,1,1,334
6719,32,Male,83518,10,93,39,14,3,4,226,0,Mobile,Safari,Summer,0,5,1,344
6720,42,Female,24318,17,55,44,18,4,5,163,0,Tablet,Edge,Spring,0,3,0,0
6721,61,Male,140611,19,16,1,8,8,0,124,0,Tablet,Edge,Spring,0,2,0,0
6722,52,Female,55081,11,12,30,14,3,3,107,0,Tablet,Firefox,Fall,0,4,0,0
6723,31,Female,78649,16,104,28,20,12,7,345,1,Desktop,Safari,Spring,0,5,1,44
6724,36,Female,135475,8,107,17,20,0,3,129,0,Tablet,Edge,Summer,0,5,1,482
6725,55,Female,137116,15,62,23,13,10,9,345,0,Mobile,Chrome,Fall,0,1,0,0
6726,53,Female,127051,11,92,38,27,5,7,294,0,Desktop,Edge,Fall,1,1,1,291
6727,24,Male,63069,7,27,24,21,10,7,239,0,Tablet,Chrome,Winter,0,3,1,415
6728,47,Male,133352,2,41,22,16,10,1,41,0,Desktop,Edge,Spring,1,3,1,365
6729,36,Female,98670,19,15,5,9,4,5,140,0,Desktop,Firefox,Spring,0,4,0,0
6730,42,Male,124968,9,21,25,7,9,6,138,0,Tablet,Firefox,Spring,0,2,0,0
6731,33,Male,131686,18,96,7,3,2,6,155,0,Mobile,Edge,Summer,0,4,1,375
6732,64,Male,96377,13,60,22,20,14,0,234,1,Tablet,Firefox,Winter,0,5,0,0
6733,57,Male,111671,1,57,44,25,10,3,326,1,Desktop,Chrome,Winter,0,3,1,496
6734,25,Male,32427,19,71,37,1,10,6,45,1,Tablet,Firefox,Summer,0,4,1,327
6735,35,Male,60251,13,6,34,24,13,5,267,0,Desktop,Firefox,Fall,0,4,1,478
6736,45,Male,119667,14,119,36,8,4,2,254,0,Tablet,Chrome,Winter,1,1,1,182
6737,33,Female,122263,17,33,49,14,7,9,280,1,Tablet,Chrome,Winter,0,4,0,0
6738,36,Male,45165,1,61,40,13,0,9,313,1,Tablet,Safari,Fall,0,2,0,0
6739,59,Male,87285,5,38,20,7,3,0,40,0,Mobile,Firefox,Spring,0,4,1,381
6740,34,Male,141359,14,82,37,13,2,4,345,1,Mobile,Chrome,Winter,1,2,1,188
6741,62,Female,118844,18,101,17,22,3,7,293,1,Mobile,Firefox,Summer,0,2,1,419
6742,30,Female,84927,13,116,4,7,1,2,259,1,Mobile,Edge,Winter,1,5,0,0
6743,24,Male,93170,12,115,18,26,1,4,68,0,Tablet,Safari,Spring,0,4,0,0
6744,44,Female,96150,15,86,28,20,14,8,233,0,Mobile,Firefox,Spring,0,3,1,132
6745,27,Female,44866,4,97,16,20,1,7,94,0,Tablet,Firefox,Summer,0,5,0,0
6746,51,Male,30282,9,6,43,5,2,8,207,1,Desktop,Safari,Winter,0,1,0,0
6747,53,Female,40319,3,79,8,4,11,4,301,1,Desktop,Firefox,Winter,0,4,1,288
6748,42,Male,56726,11,35,44,4,8,2,287,1,Mobile,Safari,Spring,0,5,1,475
6749,23,Female,35412,15,117,18,25,4,8,293,1,Mobile,Edge,Winter,0,1,0,0
6750,41,Male,122163,16,81,29,6,3,3,114,0,Tablet,Safari,Spring,1,5,0,0
6751,35,Female,93586,7,48,40,14,12,0,43,0,Tablet,Edge,Summer,0,5,0,0
6752,40,Male,144135,7,94,16,3,14,1,85,0,Desktop,Safari,Winter,0,5,1,469
6753,23,Male,140019,9,60,30,3,3,7,99,1,Tablet,Firefox,Spring,0,2,1,334
6754,46,Female,44583,17,102,49,26,2,1,260,0,Mobile,Firefox,Summer,0,4,0,0
6755,42,Male,103577,13,58,34,24,8,5,199,1,Mobile,Chrome,Fall,1,1,1,342
6756,34,Male,81922,9,57,30,3,10,4,122,0,Tablet,Firefox,Winter,0,4,1,389
6757,63,Female,26185,9,118,21,4,9,8,29,1,Desktop,Firefox,Spring,0,5,1,290
6758,41,Male,106348,12,78,22,22,0,7,356,0,Desktop,Safari,Spring,1,2,0,0
6759,28,Male,111368,19,80,47,9,13,0,99,1,Desktop,Safari,Fall,0,3,1,210
6760,43,Female,76389,15,117,25,22,5,2,96,1,Mobile,Edge,Winter,0,5,0,0
6761,51,Male,146830,18,90,22,16,3,4,362,0,Mobile,Firefox,Summer,0,3,0,0
6762,45,Female,37423,8,50,28,19,7,7,244,0,Mobile,Firefox,Winter,0,2,0,0
6763,20,Male,71268,6,58,39,16,6,6,139,1,Desktop,Edge,Fall,1,2,0,0
6764,28,Female,132692,6,35,33,12,2,1,289,0,Mobile,Firefox,Fall,1,3,1,303
6765,55,Female,61644,3,87,2,6,4,6,233,0,Tablet,Chrome,Spring,0,2,0,0
6766,31,Male,56786,3,113,4,20,10,4,121,0,Tablet,Chrome,Spring,0,3,1,397
6767,43,Female,115201,2,28,16,21,10,5,17,1,Desktop,Edge,Summer,0,2,1,291
6768,38,Male,95525,5,29,12,21,3,7,140,0,Desktop,Safari,Summer,0,3,0,0
6769,56,Male,142234,12,39,17,3,3,4,1,0,Tablet,Edge,Fall,0,3,0,0
6770,47,Female,103744,6,61,36,21,9,8,184,0,Desktop,Firefox,Summer,1,4,1,177
6771,25,Male,138222,16,76,16,28,14,0,23,1,Tablet,Safari,Summer,0,2,0,0
6772,37,Male,108590,5,73,39,28,7,4,7,0,Mobile,Chrome,Summer,1,4,1,457
6773,49,Female,50477,6,90,23,5,8,0,334,0,Tablet,Edge,Spring,1,4,1,205
6774,39,Male,115910,4,32,8,7,10,0,53,0,Desktop,Chrome,Fall,1,3,0,0
6775,24,Male,142942,14,80,9,25,12,0,232,0,Desktop,Chrome,Spring,0,5,0,0
6776,26,Female,126756,3,37,14,5,13,4,263,0,Desktop,Safari,Summer,0,3,1,283
6777,62,Male,23571,17,57,9,9,13,8,98,1,Tablet,Chrome,Spring,0,2,1,329
6778,18,Male,39576,5,20,47,15,3,1,194,1,Tablet,Firefox,Fall,0,3,0,0
6779,46,Female,139641,6,30,26,21,11,5,253,0,Desktop,Safari,Winter,1,1,1,308
6780,25,Male,82703,4,16,36,20,1,4,340,0,Desktop,Edge,Summer,0,2,0,0
6781,21,Male,29680,13,91,3,6,0,6,209,0,Mobile,Chrome,Winter,0,5,0,0
6782,52,Female,45706,8,117,10,8,13,6,74,0,Mobile,Safari,Summer,0,1,0,0
6783,20,Male,99854,11,94,25,20,9,2,5,1,Tablet,Safari,Spring,1,3,1,353
6784,62,Male,106195,19,109,4,5,3,5,353,0,Mobile,Safari,Summer,0,3,0,0
6785,57,Female,84527,5,81,30,26,14,2,357,0,Mobile,Edge,Spring,0,5,1,253
6786,24,Female,135042,5,91,11,17,7,1,164,0,Tablet,Chrome,Fall,0,3,1,128
6787,44,Male,90565,3,35,19,10,4,4,300,0,Mobile,Edge,Fall,0,5,1,111
6788,18,Male,68436,2,104,13,28,1,3,122,0,Tablet,Chrome,Spring,1,1,0,0
6789,44,Female,22774,3,31,36,1,14,3,139,0,Desktop,Firefox,Fall,0,5,0,0
6790,33,Male,36972,15,40,3,16,10,3,149,1,Mobile,Edge,Spring,0,5,0,0
6791,55,Male,34048,7,63,48,24,3,7,345,0,Tablet,Firefox,Spring,1,2,0,0
6792,24,Male,118908,3,115,14,23,3,0,35,1,Tablet,Firefox,Fall,0,4,1,254
6793,61,Female,128724,15,110,10,21,9,2,291,0,Tablet,Firefox,Summer,0,2,1,361
6794,40,Male,126669,11,91,38,25,4,8,35,1,Mobile,Edge,Winter,0,4,0,0
6795,58,Male,100225,16,106,40,1,1,2,167,0,Tablet,Edge,Summer,1,1,1,323
6796,28,Female,102273,13,7,27,3,6,0,289,0,Tablet,Firefox,Fall,0,1,1,290
6797,59,Female,146170,2,98,24,6,4,4,77,0,Mobile,Safari,Spring,0,3,0,0
6798,50,Female,101550,12,36,16,17,3,3,324,0,Tablet,Edge,Summer,0,2,0,0
6799,53,Male,107354,7,19,10,28,7,9,232,0,Tablet,Firefox,Fall,1,3,0,0
6800,54,Male,118737,1,106,27,22,14,7,307,0,Mobile,Chrome,Winter,0,3,1,93
6801,58,Female,96680,14,79,7,2,1,8,248,0,Mobile,Safari,Summer,1,4,0,0
6802,34,Male,116537,10,70,28,26,0,9,294,1,Desktop,Edge,Spring,0,2,1,499
6803,52,Male,77602,3,94,26,5,5,4,42,0,Desktop,Firefox,Spring,1,2,1,440
6804,22,Male,86403,11,67,18,11,9,0,173,0,Tablet,Firefox,Spring,0,3,1,66
6805,49,Male,47182,15,102,13,10,9,3,30,0,Desktop,Safari,Fall,1,3,1,245
6806,20,Female,99876,6,5,8,15,7,2,163,0,Tablet,Edge,Summer,1,3,0,0
6807,64,Female,97373,18,79,27,18,6,5,28,1,Tablet,Safari,Fall,0,4,1,473
6808,52,Male,67059,13,9,14,17,8,1,362,0,Desktop,Safari,Summer,0,4,0,0
6809,31,Female,28787,15,94,41,14,0,4,173,0,Mobile,Edge,Winter,0,5,0,0
6810,48,Male,140452,3,10,44,28,2,7,304,0,Mobile,Safari,Winter,0,1,1,338
6811,48,Male,20393,15,103,6,28,8,4,311,1,Desktop,Firefox,Winter,0,2,1,90
6812,34,Female,81775,1,9,20,13,4,4,154,0,Tablet,Safari,Spring,0,2,0,0
6813,41,Female,79454,10,77,28,20,5,7,363,1,Mobile,Safari,Summer,1,1,0,0
6814,40,Male,32056,18,32,23,2,13,4,226,1,Tablet,Firefox,Summer,0,3,1,379
6815,35,Male,81483,8,87,12,25,10,3,125,1,Mobile,Safari,Fall,0,2,0,0
6816,31,Male,128696,12,73,24,12,12,9,157,1,Desktop,Chrome,Spring,1,2,1,245
6817,32,Male,64957,5,91,44,27,6,8,311,1,Desktop,Firefox,Spring,0,3,1,397
6818,32,Female,48429,1,112,22,11,2,1,194,0,Desktop,Firefox,Fall,1,2,1,92
6819,23,Female,65909,8,48,26,19,6,0,326,0,Tablet,Safari,Winter,0,4,0,0
6820,44,Male,72906,5,20,22,12,2,3,304,1,Desktop,Firefox,Spring,1,1,0,0
6821,32,Male,117435,17,75,7,25,5,9,263,0,Desktop,Firefox,Spring,1,4,1,465
6822,53,Female,117757,15,82,15,4,7,2,75,1,Desktop,Firefox,Spring,0,4,1,185
6823,25,Male,106290,4,26,48,10,6,8,123,0,Tablet,Chrome,Winter,0,2,0,0
6824,32,Female,64389,13,77,30,12,4,2,80,0,Tablet,Firefox,Spring,0,4,1,353
6825,20,Male,40905,17,115,4,7,11,2,134,1,Tablet,Chrome,Winter,1,5,1,195
6826,64,Female,109619,13,27,6,23,5,9,259,0,Mobile,Chrome,Summer,0,4,0,0
6827,30,Male,73730,2,47,48,6,3,6,93,1,Tablet,Edge,Spring,1,2,1,61
6828,58,Male,77557,4,72,47,8,1,1,117,1,Desktop,Firefox,Fall,1,3,0,0
6829,51,Male,136814,2,47,2,27,6,7,168,1,Mobile,Firefox,Spring,0,3,0,0
6830,41,Female,126634,12,30,31,11,3,5,17,0,Tablet,Safari,Winter,1,2,0,0
6831,57,Female,115157,19,45,24,6,5,8,230,1,Tablet,Chrome,Fall,0,4,0,0
6832,49,Male,106113,18,74,35,25,9,7,364,0,Tablet,Firefox,Summer,0,1,0,0
6833,49,Male,122264,10,35,47,21,11,3,303,0,Mobile,Firefox,Fall,0,4,1,485
6834,47,Male,86199,5,21,31,27,1,7,11,0,Desktop,Chrome,Summer,0,4,0,0
6835,30,Male,67301,11,13,25,3,13,3,61,0,Desktop,Chrome,Spring,0,1,0,0
6836,18,Female,104752,1,95,8,21,1,4,245,0,Mobile,Edge,Summer,0,4,0,0
6837,51,Female,67259,3,59,12,20,5,9,70,0,Desktop,Edge,Fall,0,4,0,0
6838,32,Female,94801,17,10,2,19,7,6,307,1,Tablet,Edge,Winter,1,5,1,137
6839,61,Male,24574,15,74,15,1,0,5,241,1,Mobile,Firefox,Winter,0,5,1,171
6840,31,Male,108291,14,68,40,24,13,4,329,1,Desktop,Edge,Fall,1,2,1,163
6841,46,Female,146902,15,8,32,4,9,1,194,0,Mobile,Chrome,Winter,1,4,1,270
6842,51,Male,76776,16,111,11,28,6,4,324,0,Tablet,Firefox,Fall,1,3,1,224
6843,35,Female,116777,4,71,17,19,5,9,313,0,Desktop,Firefox,Winter,0,3,1,114
6844,24,Female,108212,19,92,21,28,13,6,169,1,Desktop,Chrome,Winter,0,2,0,0
6845,46,Female,107097,8,60,22,20,14,5,232,1,Tablet,Firefox,Fall,0,5,1,116
6846,48,Female,44737,6,22,33,17,4,5,94,1,Desktop,Firefox,Fall,1,2,0,0
6847,42,Male,43390,16,36,29,28,12,4,132,1,Desktop,Chrome,Summer,1,2,1,322
6848,55,Female,111612,3,116,15,22,9,8,7,0,Desktop,Safari,Fall,1,3,1,106
6849,31,Male,72330,8,89,21,19,12,0,82,0,Tablet,Edge,Fall,1,5,0,0
6850,25,Female,91082,5,52,2,24,11,3,136,0,Mobile,Firefox,Summer,1,5,1,275
6851,44,Female,73642,5,33,42,27,12,6,350,0,Mobile,Firefox,Spring,1,4,1,261
6852,19,Female,41280,12,36,38,14,7,0,79,1,Desktop,Chrome,Spring,1,2,0,0
6853,34,Female,118489,1,29,3,29,0,3,10,1,Mobile,Chrome,Summer,1,4,0,0
6854,54,Male,41037,7,80,25,10,4,5,110,0,Tablet,Chrome,Summer,0,1,1,321
6855,31,Male,136668,11,114,13,21,11,9,251,1,Desktop,Chrome,Spring,0,3,0,0
6856,42,Male,139229,10,67,24,9,5,7,194,0,Tablet,Chrome,Spring,0,1,1,375
6857,47,Male,60576,3,13,31,25,3,6,106,1,Desktop,Safari,Winter,0,1,0,0
6858,46,Female,48564,8,75,15,16,9,8,207,0,Desktop,Safari,Summer,1,1,0,0
6859,37,Male,119133,1,18,6,15,10,6,150,0,Desktop,Firefox,Summer,0,5,0,0
6860,38,Male,105439,8,24,41,27,11,2,226,1,Mobile,Firefox,Summer,0,4,0,0
6861,39,Female,116342,11,88,10,16,9,9,323,0,Desktop,Safari,Summer,0,4,0,0
6862,52,Male,131864,7,14,9,18,1,3,260,0,Tablet,Safari,Winter,1,2,0,0
6863,54,Male,109928,16,15,41,21,12,2,89,1,Desktop,Chrome,Fall,0,2,1,255
6864,33,Male,48087,7,43,41,23,7,8,69,0,Mobile,Firefox,Summer,0,2,1,142
6865,60,Male,129824,13,23,5,23,4,7,309,1,Desktop,Chrome,Winter,0,1,1,109
6866,34,Female,129844,10,23,45,10,9,9,339,1,Mobile,Chrome,Summer,0,3,0,0
6867,33,Female,107829,17,47,44,3,5,8,183,0,Mobile,Chrome,Spring,1,3,0,0
6868,19,Male,96213,3,65,41,7,8,9,47,0,Desktop,Firefox,Summer,1,3,1,228
6869,21,Female,32803,7,74,19,7,13,9,283,0,Mobile,Edge,Spring,0,4,0,0
6870,38,Male,132192,11,76,20,20,1,1,146,0,Desktop,Firefox,Spring,0,5,0,0
6871,56,Male,66002,13,69,33,11,4,4,307,0,Mobile,Edge,Summer,1,3,1,114
6872,51,Male,86761,5,27,43,23,11,4,343,0,Desktop,Chrome,Winter,0,3,0,0
6873,47,Female,148574,19,108,37,24,0,6,121,1,Desktop,Edge,Fall,0,5,0,0
6874,23,Female,91310,15,105,31,3,2,3,67,0,Desktop,Firefox,Summer,1,2,1,374
6875,34,Female,98579,1,64,39,18,5,3,2,0,Desktop,Safari,Summer,1,4,1,133
6876,56,Female,36163,5,14,13,25,7,7,245,1,Desktop,Chrome,Summer,1,4,0,0
6877,42,Female,88380,13,67,38,28,11,0,101,1,Tablet,Chrome,Summer,0,5,1,315
6878,22,Female,92883,10,6,45,12,4,5,141,1,Mobile,Chrome,Fall,0,1,1,284
6879,22,Male,71885,5,40,6,23,11,8,168,1,Desktop,Chrome,Fall,0,4,1,53
6880,37,Female,106340,1,61,47,17,3,1,12,0,Tablet,Edge,Summer,0,1,1,42
6881,33,Male,56764,10,70,8,26,4,4,43,1,Desktop,Chrome,Spring,1,2,0,0
6882,58,Male,112782,18,83,43,26,3,9,72,0,Mobile,Safari,Summer,0,4,0,0
6883,54,Female,82126,8,24,10,9,1,9,329,1,Tablet,Chrome,Summer,0,4,0,0
6884,57,Male,127994,3,46,41,5,13,8,4,0,Tablet,Firefox,Summer,0,2,1,105
6885,26,Male,87224,19,25,4,18,0,3,165,0,Mobile,Firefox,Fall,0,3,1,38
6886,22,Male,67055,19,98,14,23,7,8,164,1,Desktop,Safari,Winter,0,3,1,273
6887,59,Female,71599,2,92,4,9,13,7,32,0,Tablet,Chrome,Fall,1,2,0,0
6888,19,Female,102787,17,70,24,13,14,8,185,0,Tablet,Edge,Spring,1,5,1,499
6889,26,Male,98040,16,42,47,3,12,1,140,1,Tablet,Safari,Fall,0,1,0,0
6890,60,Female,59720,10,90,21,4,0,9,287,0,Mobile,Safari,Winter,0,5,1,172
6891,53,Male,113120,16,97,10,25,1,4,168,0,Desktop,Firefox,Fall,1,5,1,322
6892,39,Female,64484,5,82,46,18,4,9,363,0,Desktop,Chrome,Winter,1,4,0,0
6893,39,Male,147976,3,73,25,20,7,8,63,1,Mobile,Chrome,Fall,1,1,0,0
6894,39,Male,134067,3,28,6,21,9,4,221,0,Desktop,Chrome,Fall,0,5,1,111
6895,51,Female,58852,2,30,16,15,2,3,240,0,Mobile,Safari,Fall,0,3,0,0
6896,46,Female,33219,4,6,44,20,10,7,311,0,Tablet,Edge,Spring,1,5,0,0
6897,55,Female,128508,18,50,28,23,10,5,296,0,Tablet,Chrome,Summer,0,3,0,0
6898,63,Female,110351,2,113,36,6,8,1,219,0,Tablet,Safari,Spring,0,3,1,320
6899,50,Female,68865,6,38,33,9,14,7,353,1,Mobile,Safari,Spring,0,1,0,0
6900,35,Male,74457,3,66,30,11,13,4,241,0,Mobile,Firefox,Summer,0,4,0,0
6901,24,Male,110159,3,91,36,29,5,6,295,0,Tablet,Chrome,Fall,0,3,1,265
6902,18,Male,56817,2,45,25,29,10,3,210,0,Mobile,Safari,Fall,0,2,0,0
6903,50,Female,88993,3,103,13,13,2,8,172,1,Tablet,Firefox,Spring,0,4,0,0
6904,18,Female,113391,17,19,39,4,9,1,20,1,Tablet,Firefox,Summer,1,2,1,102
6905,41,Male,72380,14,59,15,27,6,9,96,0,Mobile,Chrome,Summer,1,3,1,104
6906,21,Male,70400,7,7,38,15,11,8,341,0,Mobile,Edge,Fall,0,3,0,0
6907,21,Male,135855,6,80,30,25,6,3,357,1,Tablet,Edge,Fall,1,1,1,373
6908,35,Male,56258,8,42,14,17,6,5,27,1,Tablet,Firefox,Fall,0,2,1,401
6909,44,Female,101006,19,55,4,12,3,4,294,0,Desktop,Firefox,Summer,1,5,0,0
6910,60,Male,68957,19,21,1,6,13,2,343,1,Tablet,Edge,Spring,1,5,0,0
6911,49,Female,131466,12,106,3,7,5,6,354,1,Mobile,Safari,Fall,0,4,0,0
6912,50,Male,38281,5,95,45,25,2,3,76,0,Desktop,Firefox,Summer,0,4,0,0
6913,45,Female,97264,5,87,36,17,13,0,267,0,Tablet,Safari,Winter,0,3,0,0
6914,59,Female,71331,14,53,4,11,3,7,164,0,Tablet,Chrome,Fall,0,2,0,0
6915,58,Female,65680,17,116,43,12,14,2,231,1,Tablet,Edge,Spring,1,1,0,0
6916,53,Female,58723,16,25,14,28,2,5,363,1,Mobile,Edge,Winter,1,1,0,0
6917,23,Male,30162,4,108,25,13,2,1,190,0,Desktop,Safari,Fall,0,4,1,334
6918,33,Male,114808,8,92,39,1,0,8,272,0,Tablet,Safari,Winter,1,5,1,207
6919,51,Male,121024,3,28,3,18,4,3,42,0,Mobile,Firefox,Fall,1,3,0,0
6920,40,Female,128877,5,87,7,22,11,6,233,0,Desktop,Chrome,Winter,1,3,1,62
6921,59,Male,71095,7,99,8,19,2,8,326,0,Tablet,Edge,Spring,1,5,1,10
6922,41,Male,31338,18,44,44,11,11,2,13,0,Desktop,Edge,Summer,0,2,1,252
6923,30,Male,107832,8,24,7,22,0,2,36,0,Tablet,Firefox,Fall,0,5,0,0
6924,35,Female,31675,11,83,48,18,14,2,75,0,Desktop,Safari,Winter,0,4,0,0
6925,30,Female,109606,14,108,25,29,8,4,139,1,Mobile,Safari,Winter,0,5,1,455
6926,54,Female,40080,18,39,17,10,10,9,124,1,Tablet,Safari,Summer,0,3,0,0
6927,60,Male,132675,13,52,26,6,11,5,304,1,Mobile,Chrome,Summer,0,1,1,441
6928,56,Male,137513,6,103,4,23,3,2,250,1,Desktop,Edge,Winter,0,2,0,0
6929,59,Male,33936,13,37,49,22,11,9,157,0,Tablet,Edge,Winter,0,4,1,314
6930,34,Female,30019,1,108,18,2,8,8,19,0,Tablet,Edge,Spring,1,1,0,0
6931,32,Male,126718,11,60,4,5,1,0,125,0,Mobile,Chrome,Summer,1,5,1,399
6932,35,Female,87282,7,45,17,10,1,6,312,0,Tablet,Chrome,Fall,0,1,1,255
6933,40,Female,69681,10,58,47,15,3,8,209,1,Tablet,Firefox,Summer,0,2,0,0
6934,47,Female,108304,2,48,17,29,3,4,127,0,Mobile,Firefox,Spring,1,2,0,0
6935,51,Female,93861,16,86,45,14,4,2,100,0,Desktop,Edge,Spring,0,2,1,394
6936,21,Male,130299,5,85,25,6,10,9,252,0,Mobile,Firefox,Spring,0,3,1,147
6937,20,Male,24486,16,76,3,14,0,3,235,0,Mobile,Firefox,Winter,0,2,0,0
6938,24,Female,102021,16,88,12,24,4,7,204,0,Desktop,Edge,Spring,1,4,0,0
6939,35,Male,99864,15,15,27,25,11,2,298,0,Tablet,Edge,Spring,0,5,0,0
6940,59,Female,138411,9,98,17,21,13,4,60,0,Tablet,Chrome,Winter,0,4,1,317
6941,24,Male,39112,1,95,22,14,9,2,256,0,Desktop,Chrome,Winter,0,5,0,0
6942,57,Male,71697,9,107,39,12,1,5,56,0,Tablet,Edge,Fall,1,3,1,123
6943,23,Female,137246,11,18,39,23,4,0,259,1,Desktop,Safari,Summer,1,3,0,0
6944,39,Female,75998,5,46,43,4,9,6,167,0,Mobile,Chrome,Winter,0,4,0,0
6945,18,Female,129537,6,83,48,26,9,5,43,1,Tablet,Firefox,Summer,0,2,1,394
6946,21,Female,117816,8,16,36,12,5,5,137,0,Tablet,Edge,Spring,0,3,1,205
6947,63,Male,46576,15,88,16,21,2,2,340,0,Desktop,Firefox,Summer,0,5,0,0
6948,60,Female,70100,16,21,37,17,3,0,274,0,Desktop,Firefox,Winter,0,5,0,0
6949,46,Male,128064,18,108,29,29,14,0,345,1,Mobile,Chrome,Summer,0,4,0,0
6950,38,Female,101238,12,94,14,19,4,6,250,0,Desktop,Edge,Fall,0,4,1,404
6951,43,Male,41320,4,82,7,16,5,3,21,1,Desktop,Chrome,Fall,0,2,1,493
6952,31,Female,103973,16,29,41,18,8,5,154,1,Desktop,Chrome,Summer,0,2,1,114
6953,26,Male,145885,11,30,28,6,8,3,23,0,Tablet,Chrome,Fall,0,4,0,0
6954,64,Male,85729,7,51,13,9,5,7,269,0,Tablet,Firefox,Fall,0,1,0,0
6955,29,Male,110853,15,29,16,26,11,8,181,1,Tablet,Chrome,Summer,0,1,0,0
6956,59,Female,141992,17,93,21,19,0,1,246,0,Tablet,Safari,Winter,1,5,0,0
6957,23,Female,114018,15,64,4,12,5,0,293,0,Tablet,Edge,Summer,0,2,0,0
6958,37,Female,104879,10,64,39,11,9,0,184,1,Tablet,Safari,Fall,1,1,1,447
6959,41,Female,49144,4,31,35,28,2,6,140,1,Mobile,Chrome,Spring,0,2,0,0
6960,44,Male,145143,17,47,15,16,4,1,3,1,Tablet,Edge,Fall,0,5,1,143
6961,55,Male,77326,4,80,26,2,4,2,142,0,Desktop,Safari,Spring,1,3,0,0
6962,25,Male,97148,11,24,46,18,9,3,163,0,Tablet,Chrome,Spring,1,4,0,0
6963,18,Female,39307,4,67,7,6,14,8,354,0,Desktop,Edge,Spring,0,2,0,0
6964,41,Male,80598,12,84,18,26,3,9,232,0,Desktop,Safari,Summer,0,5,1,198
6965,64,Male,39623,10,29,25,22,2,1,349,0,Mobile,Edge,Spring,0,1,0,0
6966,24,Female,40249,14,31,37,5,0,9,158,0,Desktop,Edge,Summer,0,5,0,0
6967,36,Female,93765,18,56,21,9,6,1,71,0,Desktop,Chrome,Winter,0,2,0,0
6968,39,Male,111810,6,86,8,13,12,0,194,1,Mobile,Chrome,Summer,0,5,1,448
6969,52,Female,122870,5,14,20,7,7,7,26,0,Desktop,Chrome,Winter,0,4,0,0
6970,47,Female,92131,2,119,18,23,4,7,174,0,Mobile,Edge,Winter,0,5,1,103
6971,46,Female,114138,13,54,19,27,7,4,186,1,Desktop,Firefox,Fall,0,5,1,234
6972,39,Female,58377,14,34,3,1,3,2,313,0,Tablet,Safari,Spring,0,4,0,0
6973,28,Male,72365,3,5,38,10,7,0,113,0,Desktop,Safari,Spring,0,5,1,467
6974,37,Male,123412,11,58,18,26,2,1,240,0,Tablet,Edge,Winter,0,2,0,0
6975,46,Male,54551,4,8,27,18,7,8,320,1,Mobile,Chrome,Spring,0,1,1,455
6976,58,Male,62926,13,91,15,12,5,7,202,0,Tablet,Firefox,Summer,0,1,0,0
6977,59,Male,110214,8,11,46,3,8,9,228,0,Tablet,Edge,Fall,0,1,0,0
6978,51,Female,107750,8,34,21,5,12,3,322,1,Desktop,Edge,Spring,1,4,1,415
6979,18,Male,58599,13,94,22,14,4,2,142,1,Tablet,Firefox,Summer,0,4,0,0
6980,48,Male,118345,10,69,8,27,0,4,138,1,Mobile,Edge,Spring,1,4,1,152
6981,47,Female,129490,13,33,11,15,7,7,104,0,Mobile,Edge,Summer,0,2,0,0
6982,35,Female,113330,13,29,43,12,14,9,320,0,Desktop,Edge,Fall,0,3,0,0
6983,34,Female,42593,17,44,12,4,10,5,119,1,Desktop,Firefox,Winter,1,2,1,202
6984,55,Male,80334,6,30,48,24,2,9,277,0,Mobile,Firefox,Spring,0,1,0,0
6985,31,Female,114400,2,21,39,16,10,3,197,0,Mobile,Edge,Summer,0,1,0,0
6986,40,Female,129865,17,35,27,11,4,7,265,1,Desktop,Safari,Summer,0,3,1,267
6987,42,Female,135749,12,65,35,4,13,3,137,0,Desktop,Firefox,Fall,0,4,0,0
6988,32,Male,79893,6,12,2,6,1,4,120,0,Desktop,Safari,Fall,0,1,0,0
6989,63,Female,62636,5,73,35,25,6,1,69,0,Desktop,Edge,Summer,0,2,0,0
6990,39,Female,89225,5,5,31,16,4,9,62,0,Desktop,Chrome,Winter,0,5,0,0
6991,20,Male,60363,9,83,8,2,11,3,144,0,Mobile,Chrome,Winter,1,3,0,0
6992,36,Female,75959,3,104,20,13,6,9,226,1,Desktop,Chrome,Fall,1,5,1,444
6993,61,Male,100223,5,75,8,8,11,9,121,0,Tablet,Edge,Summer,0,3,0,0
6994,51,Male,105917,7,50,4,12,13,2,4,0,Mobile,Firefox,Spring,0,3,1,419
6995,52,Female,118629,12,112,31,21,6,7,119,1,Tablet,Safari,Spring,0,2,1,186
6996,18,Male,109125,7,95,32,26,4,7,101,1,Desktop,Safari,Winter,0,1,1,44
6997,38,Female,21120,10,103,13,6,4,6,232,0,Mobile,Firefox,Summer,0,4,1,495
6998,46,Female,36491,8,95,22,3,8,5,172,0,Desktop,Safari,Fall,0,1,1,123
6999,23,Female,63638,17,24,26,15,2,8,206,1,Desktop,Edge,Summer,0,5,0,0
7000,54,Female,59062,5,86,17,8,13,3,219,0,Desktop,Firefox,Fall,0,1,0,0
7001,18,Male,25193,15,44,29,2,7,3,113,0,Mobile,Firefox,Spring,1,5,1,159
7002,18,Female,109144,9,6,27,16,0,5,332,0,Mobile,Firefox,Winter,0,4,0,0
7003,44,Female,35213,11,98,22,13,13,0,248,0,Tablet,Safari,Summer,1,4,1,39
7004,38,Female,143214,13,65,18,1,3,1,162,0,Mobile,Firefox,Winter,0,3,0,0
7005,33,Male,133915,18,106,5,11,11,1,260,0,Desktop,Firefox,Winter,1,1,0,0
7006,61,Male,99766,17,98,12,28,1,9,307,0,Tablet,Chrome,Summer,1,2,1,70
7007,57,Female,103959,9,75,2,1,2,3,234,1,Mobile,Chrome,Fall,0,2,1,295
7008,43,Male,37187,10,107,42,8,10,4,58,0,Tablet,Firefox,Summer,0,4,1,149
7009,33,Male,30040,5,81,7,2,5,1,150,0,Desktop,Firefox,Winter,0,4,1,187
7010,45,Female,86302,11,101,47,13,3,7,19,1,Mobile,Chrome,Winter,1,5,1,92
7011,18,Female,49949,15,108,26,29,0,4,218,0,Desktop,Edge,Summer,0,1,0,0
7012,53,Female,132000,2,34,39,21,4,7,20,1,Desktop,Chrome,Fall,0,5,1,465
7013,27,Female,23527,14,34,15,2,2,8,356,0,Tablet,Edge,Spring,0,3,0,0
7014,60,Female,136994,5,91,48,27,12,8,244,0,Tablet,Edge,Fall,0,1,1,186
7015,34,Male,96557,6,49,33,4,11,3,14,0,Tablet,Safari,Fall,0,4,0,0
7016,40,Female,103408,15,28,47,25,1,9,276,1,Tablet,Edge,Winter,0,4,1,96
7017,24,Female,122433,4,88,3,2,3,1,301,0,Tablet,Safari,Fall,1,1,0,0
7018,61,Female,97294,10,96,42,13,12,1,344,1,Mobile,Chrome,Spring,0,3,1,131
7019,24,Female,38757,19,60,48,4,3,4,303,1,Tablet,Edge,Fall,1,5,1,299
7020,61,Female,45412,9,87,2,29,2,9,239,0,Mobile,Edge,Winter,0,3,0,0
7021,32,Male,137997,10,65,17,26,13,3,313,1,Mobile,Safari,Fall,0,2,0,0
7022,51,Female,141522,4,117,1,21,13,5,31,0,Desktop,Safari,Winter,0,1,0,0
7023,63,Male,34312,4,17,36,26,4,8,100,0,Mobile,Edge,Winter,1,4,0,0
7024,62,Female,42119,6,84,43,15,4,6,46,0,Desktop,Safari,Fall,0,2,1,95
7025,21,Female,31804,8,60,17,29,7,3,305,0,Desktop,Edge,Summer,0,3,1,129
7026,31,Female,73986,16,19,2,26,9,6,41,0,Tablet,Firefox,Summer,0,3,0,0
7027,31,Male,66545,8,15,33,21,6,1,95,0,Tablet,Chrome,Fall,0,4,0,0
7028,33,Female,96519,16,16,29,12,10,4,82,1,Tablet,Safari,Summer,1,2,0,0
7029,24,Female,49999,6,90,6,12,8,8,109,0,Mobile,Chrome,Spring,0,3,1,108
7030,49,Female,116093,17,93,43,5,6,8,159,0,Tablet,Firefox,Spring,1,5,1,97
7031,36,Female,59758,1,7,36,29,1,3,47,0,Desktop,Edge,Spring,0,5,1,91
7032,19,Female,114324,19,28,24,10,2,7,356,1,Tablet,Safari,Summer,0,5,0,0
7033,27,Female,117486,18,93,11,26,5,4,18,0,Tablet,Edge,Winter,0,2,0,0
7034,34,Female,89519,17,13,5,2,0,2,202,1,Desktop,Edge,Fall,0,4,0,0
7035,54,Male,23768,17,96,30,8,7,5,263,1,Mobile,Firefox,Fall,1,1,0,0
7036,29,Female,21504,12,50,10,27,6,3,38,1,Mobile,Edge,Winter,0,5,0,0
7037,23,Female,141481,12,98,37,5,5,2,173,0,Mobile,Firefox,Spring,0,4,0,0
7038,39,Female,87986,6,75,27,22,4,3,28,0,Desktop,Safari,Summer,0,3,0,0
7039,49,Male,96772,7,64,27,8,13,0,18,0,Desktop,Firefox,Summer,0,1,1,99
7040,58,Male,136721,8,15,24,24,14,9,9,1,Mobile,Chrome,Winter,0,3,0,0
7041,37,Female,28002,3,14,3,13,9,7,363,0,Tablet,Edge,Fall,1,2,1,56
7042,18,Male,95427,17,7,38,29,4,8,16,0,Desktop,Firefox,Summer,1,2,1,378
7043,64,Female,58787,8,23,26,13,12,5,318,1,Mobile,Firefox,Spring,1,2,1,309
7044,23,Female,33898,11,6,45,26,7,4,40,0,Mobile,Edge,Summer,1,4,1,146
7045,36,Male,30472,18,21,48,23,7,8,101,0,Mobile,Safari,Spring,0,3,0,0
7046,35,Female,100800,16,97,39,15,14,3,94,0,Mobile,Chrome,Spring,0,2,1,426
7047,23,Male,103227,13,6,18,15,12,0,58,0,Tablet,Chrome,Fall,1,2,0,0
7048,62,Male,129023,9,57,3,24,2,6,197,0,Tablet,Safari,Fall,1,2,0,0
7049,50,Male,52632,19,20,38,26,8,0,106,0,Desktop,Edge,Spring,0,3,1,401
7050,40,Female,146718,7,117,42,11,2,8,350,0,Desktop,Safari,Spring,1,2,0,0
7051,40,Female,53743,17,14,48,23,12,3,275,1,Mobile,Safari,Winter,0,1,0,0
7052,43,Female,128552,8,72,25,10,14,2,206,1,Tablet,Chrome,Summer,0,3,0,0
7053,30,Female,98538,8,47,13,6,9,3,27,1,Desktop,Safari,Summer,0,2,0,0
7054,24,Female,132517,3,94,25,5,13,0,286,0,Tablet,Edge,Fall,1,3,0,0
7055,32,Female,63386,16,62,24,5,7,5,45,0,Desktop,Safari,Winter,1,5,1,269
7056,61,Female,113786,12,117,41,8,6,6,36,0,Mobile,Chrome,Winter,1,1,0,0
7057,44,Male,63388,15,64,16,1,12,6,306,1,Mobile,Safari,Fall,1,3,1,357
7058,43,Female,41323,4,28,43,2,8,4,350,0,Desktop,Safari,Summer,0,1,1,220
7059,50,Female,89269,7,80,41,17,10,9,38,0,Tablet,Edge,Winter,0,4,1,249
7060,32,Female,61319,11,89,42,29,8,9,239,0,Tablet,Firefox,Summer,0,2,0,0
7061,53,Male,87759,5,110,11,26,10,4,337,1,Mobile,Firefox,Winter,0,4,0,0
7062,62,Male,36868,13,20,21,7,13,5,74,0,Mobile,Chrome,Fall,1,4,1,183
7063,44,Male,119732,11,104,31,29,14,9,272,1,Tablet,Edge,Winter,0,4,1,69
7064,22,Female,22080,5,103,15,25,0,7,179,0,Tablet,Edge,Summer,1,3,0,0
7065,19,Male,33776,8,13,45,23,0,8,167,0,Mobile,Firefox,Spring,1,1,0,0
7066,50,Male,86231,17,10,49,9,2,5,251,1,Desktop,Safari,Winter,1,2,1,432
7067,33,Female,75452,11,112,36,4,6,2,348,1,Desktop,Chrome,Fall,1,3,1,128
7068,40,Female,73812,19,69,43,7,2,5,213,1,Tablet,Safari,Spring,0,2,0,0
7069,55,Female,83271,18,82,1,28,2,3,220,0,Tablet,Edge,Spring,0,1,1,478
7070,33,Male,118505,10,28,28,10,3,3,247,0,Desktop,Edge,Winter,0,4,0,0
7071,31,Female,97585,5,14,33,16,7,6,151,0,Mobile,Firefox,Spring,0,5,0,0
7072,46,Female,78542,1,86,3,10,13,5,321,1,Mobile,Firefox,Summer,0,2,1,21
7073,43,Female,144147,17,113,15,7,0,7,305,1,Mobile,Firefox,Fall,0,3,1,214
7074,52,Female,35628,17,77,33,26,3,7,182,1,Desktop,Edge,Summer,0,4,0,0
7075,32,Female,145850,1,31,32,26,3,2,141,0,Mobile,Safari,Fall,0,2,0,0
7076,20,Female,148445,1,87,23,2,12,3,83,1,Desktop,Edge,Spring,1,3,0,0
7077,40,Male,28265,9,104,26,2,7,1,152,0,Desktop,Chrome,Summer,1,2,1,285
7078,46,Female,44671,4,7,48,8,6,0,104,0,Tablet,Edge,Winter,0,5,1,109
7079,51,Male,148872,9,42,17,14,3,6,177,0,Desktop,Edge,Spring,0,3,1,235
7080,50,Male,32460,14,77,9,18,11,7,123,1,Desktop,Safari,Winter,0,3,1,378
7081,58,Female,148898,15,78,5,1,7,7,165,1,Tablet,Firefox,Winter,0,3,0,0
7082,58,Male,23477,16,77,29,17,10,5,217,0,Tablet,Chrome,Summer,1,1,1,13
7083,40,Male,22202,16,21,6,17,2,6,363,1,Desktop,Safari,Fall,0,2,0,0
7084,24,Male,133846,13,110,47,22,9,7,282,0,Tablet,Chrome,Spring,0,1,1,312
7085,20,Female,109410,14,106,41,5,13,3,236,0,Mobile,Safari,Summer,0,2,0,0
7086,49,Male,132928,9,52,35,16,6,7,259,1,Mobile,Firefox,Summer,0,5,0,0
7087,48,Male,126753,9,53,21,7,8,5,105,0,Desktop,Edge,Spring,0,2,0,0
7088,35,Male,31850,4,47,45,15,5,6,171,0,Tablet,Chrome,Fall,1,4,1,365
7089,60,Male,124621,10,88,45,19,3,9,329,1,Tablet,Safari,Winter,0,5,1,231
7090,24,Female,40809,3,11,23,21,3,6,65,0,Mobile,Chrome,Fall,0,3,0,0
7091,58,Female,90886,9,72,35,2,0,7,67,1,Desktop,Safari,Spring,0,3,0,0
7092,18,Male,22806,19,78,46,27,5,4,142,1,Desktop,Edge,Winter,0,5,1,220
7093,31,Female,27163,16,25,2,16,2,1,288,1,Desktop,Safari,Spring,0,1,0,0
7094,49,Female,114368,16,82,42,25,2,7,196,0,Mobile,Edge,Summer,1,3,0,0
7095,23,Male,20185,17,29,9,9,0,0,188,1,Tablet,Chrome,Spring,1,2,0,0
7096,56,Female,126374,18,85,13,20,6,1,101,1,Desktop,Safari,Summer,1,3,0,0
7097,27,Female,44718,10,65,43,18,8,4,362,0,Tablet,Chrome,Winter,0,3,1,353
7098,24,Male,97081,19,32,34,10,2,3,155,1,Mobile,Edge,Summer,0,2,0,0
7099,43,Male,76202,15,82,16,24,6,1,133,1,Desktop,Firefox,Spring,0,3,0,0
7100,51,Female,45215,15,56,5,20,8,3,67,1,Tablet,Safari,Fall,1,2,0,0
7101,47,Female,48325,11,17,1,21,14,6,212,0,Tablet,Safari,Spring,0,3,0,0
7102,53,Female,38458,8,38,40,4,13,4,169,0,Mobile,Firefox,Spring,0,4,1,28
7103,38,Female,142342,16,109,22,2,2,3,108,1,Mobile,Chrome,Fall,0,2,0,0
7104,34,Male,36006,10,71,48,14,8,1,2,0,Desktop,Safari,Summer,0,3,1,145
7105,50,Male,114080,9,8,46,22,10,1,43,0,Mobile,Chrome,Summer,1,1,1,361
7106,27,Male,52969,15,48,26,1,1,0,129,0,Tablet,Edge,Winter,0,4,0,0
7107,64,Male,96820,5,19,34,28,2,9,176,1,Desktop,Chrome,Spring,0,4,1,401
7108,59,Male,124014,2,88,21,8,10,5,281,0,Desktop,Edge,Fall,0,1,0,0
7109,29,Female,149693,16,12,7,11,3,5,90,1,Mobile,Safari,Fall,0,4,0,0
7110,33,Female,137853,18,118,25,1,13,3,323,1,Mobile,Edge,Winter,0,2,1,426
7111,58,Male,47655,16,9,12,5,6,8,252,0,Desktop,Safari,Fall,0,4,0,0
7112,49,Male,114679,5,70,31,25,10,3,95,0,Desktop,Edge,Spring,0,5,0,0
7113,32,Male,101234,1,96,47,13,8,2,91,0,Mobile,Firefox,Summer,0,3,1,207
7114,44,Female,149282,19,90,27,17,12,9,205,1,Mobile,Chrome,Fall,1,4,1,456
7115,45,Female,120406,10,77,22,10,0,8,345,0,Tablet,Edge,Summer,0,3,1,173
7116,34,Female,29102,13,96,34,23,11,0,56,0,Desktop,Firefox,Fall,0,3,0,0
7117,63,Male,87107,11,50,17,7,8,1,59,1,Tablet,Firefox,Fall,0,2,0,0
7118,19,Male,123429,15,69,11,13,9,0,230,0,Desktop,Firefox,Fall,0,2,1,305
7119,53,Male,146328,2,104,29,21,12,6,90,1,Mobile,Chrome,Winter,0,4,1,77
7120,24,Male,125001,6,117,34,4,4,0,54,0,Mobile,Edge,Spring,0,5,0,0
7121,30,Male,41553,11,110,37,25,14,0,251,0,Mobile,Chrome,Winter,0,5,0,0
7122,32,Female,104079,15,70,49,21,13,5,47,0,Tablet,Edge,Fall,0,2,0,0
7123,42,Male,149169,9,106,48,13,3,5,146,0,Tablet,Firefox,Spring,1,2,1,162
7124,40,Female,114437,12,30,26,1,13,4,209,0,Tablet,Firefox,Fall,0,1,1,413
7125,39,Female,99570,4,35,45,25,12,3,46,0,Tablet,Firefox,Fall,1,3,0,0
7126,43,Female,112656,14,55,45,11,10,7,118,1,Mobile,Chrome,Summer,0,3,1,149
7127,50,Female,86865,3,45,45,28,11,2,217,0,Tablet,Firefox,Winter,0,3,1,171
7128,28,Female,138301,17,55,32,21,5,0,122,1,Tablet,Safari,Summer,0,1,1,478
7129,27,Male,61420,13,23,37,9,9,0,154,0,Mobile,Safari,Fall,1,3,1,74
7130,42,Male,45382,8,99,5,13,4,4,18,0,Tablet,Firefox,Spring,0,5,1,417
7131,54,Male,89235,12,77,20,11,4,2,305,1,Desktop,Chrome,Summer,1,3,0,0
7132,60,Female,58795,12,7,7,27,11,2,193,1,Mobile,Firefox,Summer,0,2,0,0
7133,55,Female,71425,12,42,43,8,4,1,158,0,Tablet,Edge,Winter,0,1,0,0
7134,58,Female,77402,2,74,23,29,14,8,97,1,Tablet,Safari,Summer,1,4,1,452
7135,62,Female,82539,10,117,1,28,7,5,153,0,Tablet,Edge,Spring,0,2,0,0
7136,41,Female,96203,9,49,39,26,12,6,281,0,Mobile,Firefox,Spring,0,1,1,253
7137,57,Female,123127,1,113,3,7,9,1,35,1,Tablet,Firefox,Fall,0,3,0,0
7138,63,Male,127651,4,75,45,29,7,0,107,0,Tablet,Edge,Fall,0,3,1,413
7139,50,Female,43459,14,45,3,27,9,7,338,0,Tablet,Safari,Summer,0,5,0,0
7140,34,Female,69649,16,29,6,28,3,9,270,0,Mobile,Chrome,Winter,0,3,0,0
7141,41,Male,92495,18,93,31,22,12,3,163,0,Mobile,Safari,Spring,0,3,0,0
7142,54,Female,115117,2,54,27,25,13,8,34,1,Desktop,Firefox,Winter,0,3,1,492
7143,19,Male,66384,6,5,29,28,14,8,7,0,Tablet,Edge,Spring,1,3,1,111
7144,49,Male,91746,3,58,15,20,8,3,228,1,Desktop,Chrome,Summer,1,5,0,0
7145,41,Male,98053,19,90,36,15,7,9,188,0,Mobile,Chrome,Spring,1,5,0,0
7146,26,Female,76278,13,88,5,15,11,2,290,0,Desktop,Chrome,Fall,0,3,0,0
7147,21,Male,98156,17,17,3,21,5,4,269,1,Mobile,Safari,Fall,1,5,1,214
7148,34,Male,56744,14,44,25,12,1,5,260,0,Desktop,Chrome,Winter,0,5,0,0
7149,34,Female,108340,11,25,32,17,8,9,48,1,Mobile,Edge,Summer,0,2,1,193
7150,47,Male,50568,16,91,21,23,5,3,108,1,Desktop,Chrome,Fall,0,4,0,0
7151,57,Female,37991,11,45,48,6,7,0,141,0,Tablet,Safari,Winter,0,4,1,45
7152,28,Female,28912,18,65,17,13,5,6,215,0,Desktop,Chrome,Winter,0,4,1,196
7153,38,Male,52527,2,37,9,16,4,4,349,0,Tablet,Edge,Spring,0,5,1,59
7154,38,Female,116399,8,77,26,27,6,1,33,1,Tablet,Edge,Winter,0,4,0,0
7155,35,Female,70426,14,33,22,23,11,8,23,0,Desktop,Safari,Summer,0,2,0,0
7156,46,Male,130363,2,59,41,1,3,7,67,0,Mobile,Safari,Summer,1,4,0,0
7157,41,Male,118994,13,36,46,13,9,9,160,0,Tablet,Edge,Winter,0,3,1,150
7158,27,Male,40407,10,15,23,7,10,6,3,0,Desktop,Edge,Summer,0,5,1,282
7159,62,Male,141935,8,56,11,13,2,8,124,0,Desktop,Edge,Summer,1,3,0,0
7160,34,Female,32344,7,40,10,7,10,9,312,1,Tablet,Edge,Summer,0,1,1,357
7161,35,Male,121741,13,97,23,8,11,1,196,1,Mobile,Safari,Fall,0,5,1,433
7162,59,Male,22355,19,116,5,18,14,2,33,1,Tablet,Firefox,Spring,0,3,0,0
7163,37,Male,116429,15,35,26,17,6,8,32,1,Desktop,Firefox,Summer,0,1,0,0
7164,54,Female,74733,2,18,4,16,1,5,145,0,Desktop,Chrome,Summer,0,2,0,0
7165,62,Female,86285,5,67,43,28,9,1,73,1,Tablet,Edge,Summer,1,3,0,0
7166,35,Female,104971,19,56,27,17,2,5,261,0,Mobile,Chrome,Summer,0,4,0,0
7167,34,Female,65733,1,58,38,8,0,4,277,0,Tablet,Safari,Winter,0,2,0,0
7168,26,Female,76915,7,54,34,7,10,9,259,0,Tablet,Chrome,Fall,0,2,0,0
7169,31,Male,72716,18,93,3,25,11,4,231,0,Tablet,Chrome,Summer,1,1,1,336
7170,46,Female,131151,1,58,32,18,0,4,195,0,Mobile,Chrome,Summer,0,3,1,67
7171,48,Female,58526,1,94,26,4,1,1,293,1,Tablet,Chrome,Winter,0,4,0,0
7172,21,Female,38088,7,90,18,24,12,5,236,0,Tablet,Firefox,Winter,1,5,1,421
7173,35,Male,85377,17,77,7,22,13,6,291,0,Desktop,Firefox,Summer,0,5,1,470
7174,37,Male,64405,6,101,45,2,0,8,33,1,Desktop,Edge,Summer,0,3,0,0
7175,64,Female,58842,12,91,13,16,14,4,182,1,Mobile,Edge,Fall,0,3,1,421
7176,60,Male,81788,15,103,6,26,1,4,259,1,Mobile,Chrome,Spring,0,1,1,310
7177,61,Female,131682,13,88,35,18,0,8,176,0,Desktop,Edge,Winter,0,5,1,53
7178,26,Male,71529,12,101,31,23,2,5,146,1,Tablet,Chrome,Spring,1,4,1,275
7179,30,Male,109939,2,39,42,25,8,6,131,0,Mobile,Chrome,Winter,0,4,1,291
7180,32,Female,132833,18,114,37,8,8,3,93,0,Mobile,Safari,Fall,0,4,1,337
7181,44,Male,123578,4,34,43,14,7,3,357,0,Mobile,Firefox,Summer,0,1,0,0
7182,32,Female,72383,10,114,4,18,8,0,133,0,Desktop,Chrome,Fall,0,4,0,0
7183,45,Female,132311,11,59,42,19,11,4,9,0,Tablet,Safari,Winter,0,4,1,443
7184,54,Female,59177,6,98,4,24,13,1,204,0,Mobile,Firefox,Fall,0,5,0,0
7185,36,Male,136903,6,90,45,4,3,4,16,0,Desktop,Edge,Fall,0,4,0,0
7186,43,Male,59056,9,113,8,22,13,4,347,0,Desktop,Edge,Fall,0,3,0,0
7187,43,Female,108249,13,5,38,28,7,3,73,0,Desktop,Firefox,Summer,0,3,0,0
7188,42,Female,86421,5,19,11,14,10,9,178,0,Mobile,Firefox,Spring,0,2,1,291
7189,43,Male,53632,6,29,2,2,4,8,246,0,Desktop,Chrome,Spring,0,1,0,0
7190,43,Female,59685,4,24,18,17,3,4,185,1,Desktop,Edge,Spring,0,5,1,260
7191,63,Male,97222,6,75,18,6,12,5,57,0,Tablet,Firefox,Winter,1,2,0,0
7192,45,Male,88590,18,20,22,8,3,0,363,0,Desktop,Chrome,Winter,0,2,1,186
7193,35,Male,28977,13,56,12,29,1,4,86,0,Mobile,Chrome,Summer,0,1,0,0
7194,49,Female,110568,3,91,17,16,9,8,17,0,Desktop,Firefox,Summer,0,1,0,0
7195,20,Female,68967,10,89,17,21,8,5,321,0,Tablet,Chrome,Summer,1,2,1,137
7196,19,Male,94072,4,69,36,1,12,8,313,0,Desktop,Safari,Fall,0,4,1,313
7197,50,Female,35070,15,115,29,26,8,3,191,0,Mobile,Safari,Summer,0,3,1,499
7198,59,Female,102473,12,88,49,18,13,1,195,0,Desktop,Safari,Fall,0,2,0,0
7199,36,Male,41500,15,115,16,3,0,8,5,0,Mobile,Edge,Fall,0,1,0,0
7200,34,Male,125987,10,87,41,29,11,3,175,1,Desktop,Firefox,Winter,1,2,1,487
7201,61,Female,135475,12,74,11,29,3,1,132,0,Desktop,Safari,Fall,0,3,1,42
7202,50,Male,30011,8,106,44,28,8,0,88,1,Mobile,Edge,Summer,0,5,0,0
7203,29,Female,68039,3,100,43,18,13,1,183,1,Desktop,Firefox,Spring,0,3,1,285
7204,20,Male,28896,7,5,45,25,3,4,288,0,Mobile,Chrome,Summer,1,5,0,0
7205,60,Male,115335,18,98,22,10,13,2,110,0,Desktop,Chrome,Spring,0,1,1,383
7206,43,Female,100118,3,20,30,2,1,5,66,0,Mobile,Firefox,Spring,0,5,0,0
7207,52,Female,139595,15,31,8,19,1,3,100,0,Desktop,Firefox,Winter,0,4,0,0
7208,25,Female,59958,2,22,46,25,12,1,327,0,Desktop,Chrome,Summer,0,2,0,0
7209,53,Female,61912,15,81,18,11,9,6,228,1,Desktop,Firefox,Fall,0,2,1,73
7210,24,Female,20814,13,48,46,19,13,5,232,1,Tablet,Edge,Summer,1,4,1,331
7211,63,Male,95276,10,54,16,24,8,7,235,0,Desktop,Firefox,Winter,0,3,1,193
7212,63,Male,44719,8,96,47,24,10,9,264,1,Tablet,Chrome,Summer,0,1,1,464
7213,53,Female,121081,16,78,20,27,3,4,36,0,Mobile,Edge,Winter,0,4,0,0
7214,33,Male,40150,16,18,39,3,0,2,268,0,Tablet,Edge,Fall,1,2,1,378
7215,41,Female,90494,2,56,8,10,11,3,156,1,Desktop,Safari,Spring,0,5,1,192
7216,18,Male,23825,9,97,30,16,12,4,2,1,Desktop,Chrome,Winter,0,3,1,318
7217,42,Male,70368,8,79,38,28,0,4,78,1,Tablet,Chrome,Summer,1,3,1,240
7218,27,Female,34800,11,54,29,26,0,5,147,1,Tablet,Edge,Fall,0,4,0,0
7219,33,Female,95535,1,95,13,3,7,8,341,0,Tablet,Firefox,Winter,1,2,1,474
7220,33,Female,106390,11,112,17,24,0,3,305,0,Desktop,Firefox,Fall,0,2,0,0
7221,25,Male,131268,18,21,40,19,4,6,293,0,Mobile,Chrome,Winter,0,1,1,360
7222,46,Female,112851,15,7,43,20,8,6,180,1,Tablet,Chrome,Fall,0,1,1,213
7223,56,Female,125076,9,66,17,21,3,5,60,0,Mobile,Safari,Spring,0,4,0,0
7224,45,Female,95017,9,99,9,7,10,0,225,0,Tablet,Chrome,Winter,0,4,1,178
7225,23,Female,68505,1,25,2,17,8,8,298,0,Tablet,Edge,Summer,0,2,0,0
7226,33,Female,142405,7,37,42,8,4,5,263,1,Tablet,Chrome,Spring,0,4,0,0
7227,37,Female,77899,12,5,24,3,12,2,298,1,Mobile,Edge,Spring,0,3,0,0
7228,33,Male,102782,10,74,21,7,8,1,185,0,Desktop,Edge,Winter,0,5,1,92
7229,24,Male,42601,19,119,46,27,12,2,272,0,Desktop,Edge,Summer,0,2,1,81
7230,58,Male,30677,16,60,2,10,14,0,115,0,Desktop,Chrome,Fall,0,3,0,0
7231,31,Male,49552,6,8,5,27,1,2,300,0,Desktop,Safari,Winter,1,5,1,11
7232,60,Female,149249,11,26,17,19,13,4,38,0,Tablet,Edge,Winter,0,2,0,0
7233,43,Female,107858,19,81,24,25,12,3,256,1,Mobile,Edge,Winter,0,2,1,338
7234,43,Male,87891,19,62,8,15,7,9,234,1,Tablet,Chrome,Winter,0,2,1,426
7235,31,Male,94693,18,48,30,26,6,0,301,0,Desktop,Edge,Fall,0,3,0,0
7236,24,Male,120699,15,61,22,15,6,4,243,0,Desktop,Safari,Summer,0,2,1,13
7237,50,Female,143355,16,98,24,5,2,2,158,0,Tablet,Safari,Fall,0,4,0,0
7238,43,Female,111450,14,44,26,3,9,9,350,0,Tablet,Edge,Spring,0,4,0,0
7239,62,Female,53292,8,94,8,3,11,6,212,0,Desktop,Chrome,Winter,0,3,1,443
7240,37,Male,148424,8,60,12,29,1,9,291,0,Tablet,Edge,Fall,0,3,0,0
7241,20,Male,145451,2,67,14,4,10,7,61,0,Desktop,Safari,Spring,0,2,0,0
7242,21,Male,86097,6,107,30,15,13,4,133,0,Mobile,Firefox,Fall,1,4,0,0
7243,43,Male,93703,13,43,35,16,9,9,109,1,Mobile,Safari,Summer,0,2,1,51
7244,28,Male,36184,13,11,31,5,0,7,334,0,Tablet,Firefox,Fall,0,5,0,0
7245,19,Female,110033,12,18,28,21,12,5,297,1,Mobile,Firefox,Winter,0,2,0,0
7246,31,Female,109336,2,94,46,8,0,5,360,0,Desktop,Firefox,Spring,0,4,0,0
7247,61,Female,81046,12,22,27,10,6,4,284,0,Desktop,Edge,Summer,0,3,0,0
7248,47,Female,122968,17,59,36,22,8,9,138,1,Mobile,Chrome,Spring,0,5,1,461
7249,29,Female,86741,6,119,1,21,14,5,118,0,Desktop,Chrome,Fall,0,4,0,0
7250,43,Male,81377,7,60,41,2,0,0,125,1,Mobile,Edge,Spring,0,3,0,0
7251,61,Female,32039,6,92,14,14,14,7,180,1,Tablet,Safari,Summer,1,1,1,141
7252,50,Male,65161,4,61,10,5,9,4,222,0,Desktop,Edge,Winter,0,5,0,0
7253,30,Female,55006,9,62,42,7,3,7,160,0,Mobile,Chrome,Fall,0,2,0,0
7254,31,Male,37544,5,119,7,11,14,2,204,0,Tablet,Safari,Spring,0,3,1,339
7255,41,Male,32987,10,29,40,3,13,9,45,0,Tablet,Chrome,Fall,0,2,1,44
7256,51,Male,25239,15,118,14,12,12,5,16,0,Mobile,Edge,Spring,0,2,1,354
7257,61,Male,64785,8,100,36,14,1,0,90,1,Tablet,Edge,Summer,0,3,1,463
7258,43,Male,43358,4,74,27,23,13,0,291,0,Tablet,Edge,Winter,0,1,0,0
7259,38,Male,134759,5,84,11,29,7,3,105,0,Mobile,Edge,Winter,0,5,1,248
7260,45,Female,102674,7,7,42,1,8,9,145,0,Tablet,Safari,Spring,0,1,0,0
7261,53,Male,76450,6,25,49,29,2,5,112,0,Desktop,Chrome,Fall,0,4,1,225
7262,57,Male,108520,13,36,37,22,2,2,215,0,Desktop,Safari,Winter,0,1,0,0
7263,19,Female,48428,19,6,42,16,6,4,178,1,Mobile,Edge,Spring,0,1,1,269
7264,59,Male,29096,10,115,10,15,8,9,21,1,Tablet,Firefox,Fall,0,1,1,354
7265,26,Female,67582,15,24,7,1,6,3,226,0,Mobile,Safari,Winter,0,2,1,300
7266,40,Female,44536,3,79,17,23,11,9,46,1,Tablet,Firefox,Spring,0,2,1,48
7267,32,Male,77395,18,119,12,22,13,2,57,1,Tablet,Firefox,Summer,1,3,1,230
7268,30,Male,131595,14,22,37,13,12,8,261,0,Mobile,Safari,Spring,0,2,0,0
7269,40,Female,88157,3,58,37,26,6,3,52,0,Desktop,Firefox,Summer,0,3,1,218
7270,34,Male,121494,11,79,36,27,13,9,131,1,Tablet,Chrome,Winter,0,1,1,128
7271,19,Female,89484,10,103,7,15,1,6,53,1,Tablet,Safari,Fall,0,2,0,0
7272,37,Male,21287,17,40,24,17,11,4,83,0,Desktop,Chrome,Winter,1,2,1,294
7273,37,Female,74510,13,106,34,9,10,6,18,1,Desktop,Edge,Summer,0,4,0,0
7274,63,Male,43902,2,80,1,5,0,4,143,1,Tablet,Chrome,Winter,1,5,0,0
7275,20,Male,76188,13,65,29,27,1,2,306,1,Tablet,Edge,Summer,0,5,0,0
7276,29,Female,132894,19,64,26,23,11,5,28,1,Tablet,Edge,Summer,0,1,1,357
7277,57,Female,41164,5,99,10,12,5,8,302,1,Desktop,Safari,Spring,1,1,0,0
7278,19,Female,101204,16,40,1,17,11,5,113,0,Tablet,Edge,Fall,0,5,0,0
7279,53,Female,21772,10,98,45,11,11,3,116,1,Tablet,Chrome,Spring,1,3,1,115
7280,31,Male,73054,12,48,17,11,13,0,328,0,Tablet,Edge,Spring,0,3,0,0
7281,33,Female,74878,13,72,41,24,9,2,251,1,Desktop,Safari,Summer,0,5,1,419
7282,36,Female,146800,16,70,36,8,14,2,113,1,Tablet,Edge,Spring,0,4,1,63
7283,51,Male,52238,1,48,9,15,12,1,94,1,Desktop,Edge,Fall,0,2,1,292
7284,61,Male,124504,9,81,39,25,7,9,1,1,Mobile,Safari,Summer,0,4,1,370
7285,63,Female,78293,16,94,23,2,7,1,183,0,Tablet,Chrome,Fall,0,4,1,344
7286,23,Male,101298,19,33,29,22,5,7,314,0,Mobile,Safari,Fall,0,4,0,0
7287,30,Female,121442,15,52,2,10,1,7,149,1,Desktop,Safari,Spring,0,2,0,0
7288,53,Male,27213,18,40,18,21,13,2,56,1,Tablet,Safari,Spring,1,3,1,398
7289,39,Female,34941,12,96,28,22,8,3,70,1,Desktop,Edge,Summer,0,3,1,420
7290,35,Male,115881,14,12,47,14,9,4,145,0,Desktop,Chrome,Spring,0,3,1,291
7291,29,Female,120720,3,9,42,5,3,8,78,0,Tablet,Edge,Summer,0,4,1,265
7292,47,Female,35964,4,100,49,27,12,4,135,0,Tablet,Edge,Fall,1,1,1,152
7293,57,Male,46855,6,98,7,17,4,5,79,0,Desktop,Safari,Winter,0,4,0,0
7294,24,Male,78769,16,82,11,18,0,6,328,1,Mobile,Edge,Summer,0,1,0,0
7295,49,Female,141739,13,51,7,19,8,1,248,1,Tablet,Firefox,Summer,1,2,1,27
7296,36,Female,103504,12,47,43,7,10,3,176,1,Desktop,Edge,Spring,0,5,1,160
7297,23,Male,21046,12,14,24,26,10,5,10,0,Tablet,Edge,Winter,0,4,0,0
7298,37,Male,34909,2,14,15,25,10,3,221,1,Tablet,Firefox,Winter,1,3,0,0
7299,44,Male,99114,13,10,31,18,9,4,127,1,Desktop,Edge,Fall,1,1,1,258
7300,60,Male,43368,3,20,19,12,12,2,41,0,Desktop,Edge,Fall,0,3,0,0
7301,54,Male,136853,13,64,10,15,0,1,190,0,Mobile,Firefox,Summer,0,4,0,0
7302,24,Male,114135,2,30,48,29,6,0,107,1,Tablet,Chrome,Fall,0,2,1,40
7303,22,Male,91255,19,25,8,14,10,2,164,0,Mobile,Chrome,Spring,0,2,0,0
7304,28,Male,101496,9,104,1,10,8,9,178,0,Mobile,Chrome,Fall,0,1,1,74
7305,32,Male,109142,1,62,2,17,2,8,82,0,Mobile,Safari,Fall,0,3,1,36
7306,20,Female,135864,13,45,29,1,1,0,5,1,Mobile,Safari,Fall,0,5,0,0
7307,22,Male,133902,2,110,42,4,13,7,174,1,Mobile,Chrome,Fall,1,1,0,0
7308,40,Male,35624,15,34,10,9,9,4,333,1,Mobile,Edge,Winter,0,2,0,0
7309,54,Female,124715,19,9,42,4,7,3,296,1,Mobile,Chrome,Fall,0,1,0,0
7310,26,Female,126378,16,14,9,19,3,4,267,1,Desktop,Firefox,Summer,0,2,0,0
7311,32,Female,30352,11,116,31,26,0,6,118,1,Mobile,Firefox,Fall,0,4,1,367
7312,20,Female,116421,15,99,32,24,7,7,200,0,Desktop,Edge,Spring,0,4,1,234
7313,46,Female,100539,6,15,2,25,14,1,17,1,Desktop,Firefox,Fall,0,4,1,183
7314,23,Female,29223,14,106,24,5,5,5,75,0,Desktop,Firefox,Fall,0,2,0,0
7315,34,Male,116969,6,67,37,18,5,3,121,1,Desktop,Chrome,Summer,0,4,1,259
7316,43,Female,137976,19,11,43,15,3,7,282,1,Desktop,Chrome,Winter,0,4,0,0
7317,38,Female,98254,5,63,6,20,5,3,39,0,Tablet,Firefox,Spring,0,5,0,0
7318,25,Female,86851,11,16,8,26,1,2,354,1,Desktop,Firefox,Winter,0,5,0,0
7319,38,Male,70044,4,68,40,8,5,4,195,1,Tablet,Edge,Summer,1,3,1,132
7320,28,Female,107089,9,113,25,2,14,3,153,1,Tablet,Firefox,Winter,0,1,1,412
7321,55,Male,110218,9,117,42,25,1,4,344,1,Desktop,Chrome,Spring,0,5,1,441
7322,25,Female,105000,17,45,43,13,5,8,245,0,Desktop,Chrome,Winter,0,1,1,20
7323,59,Female,127240,8,64,25,27,13,2,116,0,Desktop,Chrome,Winter,0,1,0,0
7324,41,Male,51419,15,76,46,13,8,1,41,1,Tablet,Safari,Spring,1,1,1,127
7325,52,Male,33767,9,32,11,28,6,1,104,0,Tablet,Chrome,Summer,0,3,0,0
7326,31,Female,92002,5,84,35,14,11,8,248,1,Mobile,Safari,Fall,1,1,1,378
7327,31,Male,51028,4,67,1,15,13,6,364,0,Desktop,Chrome,Spring,1,2,0,0
7328,27,Male,67953,18,7,23,29,14,9,172,0,Mobile,Chrome,Summer,1,5,1,152
7329,29,Female,77965,9,105,3,21,13,3,266,0,Tablet,Edge,Summer,0,2,1,11
7330,55,Female,123394,3,36,41,12,11,5,329,0,Tablet,Safari,Winter,0,2,0,0
7331,61,Female,89776,9,25,1,23,3,9,149,0,Tablet,Firefox,Spring,1,2,0,0
7332,63,Male,51459,9,59,44,5,0,5,203,1,Mobile,Firefox,Summer,1,1,0,0
7333,51,Female,110932,4,113,12,3,8,2,25,0,Mobile,Edge,Summer,1,1,1,41
7334,58,Female,102331,7,22,38,18,0,8,278,0,Desktop,Edge,Summer,0,1,1,274
7335,27,Male,44689,7,57,40,3,4,3,11,0,Mobile,Safari,Winter,1,4,1,155
7336,34,Male,100446,8,116,31,14,13,0,261,1,Desktop,Safari,Spring,0,1,1,206
7337,34,Female,87982,1,114,29,2,6,1,6,0,Desktop,Edge,Winter,1,5,1,263
7338,20,Male,23346,9,79,35,18,9,4,225,1,Mobile,Safari,Summer,0,1,1,256
7339,48,Female,65179,12,65,28,13,12,7,272,0,Mobile,Edge,Summer,0,5,1,95
7340,18,Male,134773,6,54,21,2,12,6,248,1,Desktop,Chrome,Fall,0,5,0,0
7341,29,Female,60517,13,12,11,12,9,8,46,0,Mobile,Edge,Spring,1,3,0,0
7342,56,Male,89678,5,16,26,27,5,0,14,0,Desktop,Safari,Spring,0,4,0,0
7343,21,Male,101606,19,55,11,2,2,1,24,0,Tablet,Chrome,Spring,0,1,0,0
7344,59,Male,132491,1,70,5,8,10,9,254,1,Tablet,Edge,Summer,0,2,1,76
7345,30,Male,92623,18,45,7,29,7,3,332,1,Desktop,Safari,Summer,1,1,0,0
7346,51,Female,109288,8,26,31,5,10,6,262,1,Tablet,Safari,Summer,0,1,0,0
7347,59,Male,101171,8,13,39,29,6,0,247,1,Mobile,Safari,Spring,1,5,0,0
7348,38,Female,78916,15,82,42,25,8,4,277,0,Desktop,Edge,Fall,1,3,1,127
7349,39,Male,107754,19,83,8,11,0,1,112,0,Desktop,Edge,Winter,1,2,0,0
7350,21,Male,117409,10,15,27,13,7,1,201,1,Tablet,Firefox,Winter,0,1,0,0
7351,35,Female,68575,16,17,21,28,3,1,302,1,Desktop,Edge,Fall,0,2,0,0
7352,22,Male,128501,11,60,30,21,6,8,105,0,Tablet,Edge,Summer,0,2,0,0
7353,36,Male,65039,12,32,14,17,6,9,228,1,Desktop,Safari,Summer,0,5,1,234
7354,19,Female,69955,16,93,1,24,3,4,187,0,Mobile,Chrome,Fall,1,5,1,406
7355,29,Male,100260,16,68,45,16,7,7,170,1,Tablet,Firefox,Fall,0,3,0,0
7356,34,Female,75871,3,105,24,19,12,9,187,1,Mobile,Firefox,Winter,0,5,1,468
7357,27,Male,80678,9,68,6,26,11,5,41,0,Desktop,Firefox,Winter,0,3,0,0
7358,51,Male,140773,8,74,6,27,0,0,323,0,Tablet,Firefox,Summer,0,3,0,0
7359,23,Male,51351,10,59,5,26,4,9,339,1,Mobile,Firefox,Fall,1,3,1,170
7360,25,Female,80693,13,41,35,15,3,8,83,0,Desktop,Firefox,Spring,0,3,0,0
7361,28,Male,51433,18,37,44,18,3,6,321,0,Tablet,Safari,Summer,0,3,0,0
7362,29,Male,94797,13,29,15,29,14,1,342,0,Mobile,Safari,Spring,0,5,1,484
7363,26,Male,99015,13,118,35,6,2,7,147,0,Tablet,Edge,Winter,0,4,0,0
7364,19,Male,35804,15,27,48,4,0,1,335,0,Desktop,Firefox,Fall,1,2,0,0
7365,25,Male,112781,13,64,41,4,4,1,147,1,Mobile,Edge,Winter,0,5,1,235
7366,28,Male,65101,16,60,8,13,7,3,281,1,Desktop,Firefox,Winter,0,1,0,0
7367,53,Male,80115,8,67,43,9,9,7,167,1,Mobile,Edge,Winter,1,4,1,326
7368,27,Male,98363,19,12,35,10,5,6,256,0,Desktop,Edge,Summer,0,5,0,0
7369,38,Male,138870,10,21,5,14,11,1,223,1,Desktop,Edge,Winter,0,5,0,0
7370,37,Female,149826,12,99,31,28,0,9,94,1,Tablet,Chrome,Spring,1,1,1,58
7371,25,Male,127904,14,94,42,8,4,5,161,1,Tablet,Chrome,Spring,1,4,1,266
7372,53,Female,64700,6,61,31,3,5,3,248,0,Mobile,Firefox,Summer,1,5,0,0
7373,46,Female,134952,9,79,37,9,14,9,268,0,Mobile,Chrome,Fall,0,4,1,23
7374,59,Female,97576,7,66,8,29,8,0,348,0,Desktop,Chrome,Fall,0,2,0,0
7375,29,Male,39477,6,98,6,1,8,7,158,1,Tablet,Safari,Winter,1,1,0,0
7376,31,Female,36127,1,15,23,15,4,7,70,0,Desktop,Safari,Winter,1,5,0,0
7377,38,Female,106718,14,71,16,15,2,5,170,1,Desktop,Chrome,Spring,0,1,1,433
7378,39,Female,46049,6,44,44,28,5,9,261,1,Mobile,Safari,Winter,1,2,1,78
7379,38,Male,110063,12,44,49,7,10,6,215,1,Desktop,Chrome,Spring,0,5,1,56
7380,61,Female,149255,17,60,8,15,7,2,316,0,Desktop,Edge,Spring,0,1,0,0
7381,47,Male,32473,5,57,4,7,11,8,78,0,Tablet,Edge,Summer,0,3,0,0
7382,56,Female,102245,11,89,32,13,10,3,193,1,Desktop,Edge,Fall,0,2,1,43
7383,37,Female,119510,5,103,49,12,11,1,308,1,Desktop,Safari,Summer,0,4,1,106
7384,41,Male,81836,12,32,3,18,11,3,137,0,Desktop,Firefox,Summer,1,4,0,0
7385,40,Male,62464,3,90,16,7,4,1,144,0,Mobile,Firefox,Winter,1,1,0,0
7386,24,Female,33714,9,46,34,7,7,3,35,0,Tablet,Edge,Winter,0,1,1,399
7387,26,Female,80878,6,119,13,15,0,1,330,0,Mobile,Chrome,Fall,1,2,0,0
7388,18,Female,54208,2,50,33,9,7,7,272,0,Mobile,Chrome,Winter,1,4,1,170
7389,43,Male,117481,2,22,22,6,1,5,161,0,Tablet,Chrome,Fall,0,1,0,0
7390,55,Male,107104,12,27,31,26,6,7,307,1,Mobile,Safari,Fall,1,3,0,0
7391,55,Female,94683,8,30,24,27,1,0,317,1,Desktop,Chrome,Fall,0,3,0,0
7392,61,Female,101803,2,103,3,26,2,8,79,0,Mobile,Edge,Winter,0,5,0,0
7393,39,Male,61514,9,33,33,9,4,1,315,1,Mobile,Safari,Summer,1,5,0,0
7394,61,Male,116988,16,56,30,19,9,7,127,1,Desktop,Firefox,Spring,0,2,0,0
7395,27,Female,25136,15,114,26,24,6,3,359,1,Desktop,Firefox,Spring,0,1,0,0
7396,23,Male,118115,14,79,34,20,8,1,4,0,Mobile,Firefox,Summer,0,2,1,286
7397,34,Female,51516,4,110,22,16,11,0,327,0,Mobile,Safari,Spring,1,2,0,0
7398,55,Male,96982,4,50,30,16,11,3,186,0,Desktop,Safari,Summer,0,3,0,0
7399,41,Female,83878,11,5,35,27,4,9,358,1,Tablet,Firefox,Fall,0,1,1,351
7400,27,Female,65099,18,67,25,1,10,0,62,1,Desktop,Safari,Winter,1,4,1,449
7401,25,Female,110060,5,20,28,23,0,7,354,0,Tablet,Safari,Summer,1,3,0,0
7402,38,Male,33188,2,29,33,13,14,1,281,0,Desktop,Chrome,Summer,0,1,0,0
7403,23,Female,124123,15,66,23,19,10,7,327,0,Desktop,Safari,Winter,0,4,1,190
7404,38,Female,126373,11,106,26,4,14,9,281,0,Tablet,Edge,Fall,0,4,0,0
7405,56,Male,131073,17,86,9,19,2,0,123,0,Tablet,Safari,Winter,1,5,0,0
7406,41,Female,71188,16,84,8,22,4,6,322,1,Tablet,Chrome,Winter,1,4,0,0
7407,50,Female,144166,15,87,37,10,11,6,282,0,Mobile,Firefox,Fall,0,3,1,232
7408,35,Female,144077,3,20,33,13,2,4,228,0,Tablet,Firefox,Spring,0,5,0,0
7409,45,Male,25560,15,73,15,1,7,2,358,1,Desktop,Chrome,Summer,1,2,1,338
7410,49,Male,131157,19,95,49,13,7,5,362,1,Desktop,Firefox,Spring,0,2,1,448
7411,29,Male,128763,13,112,47,10,14,4,183,0,Desktop,Firefox,Spring,0,4,1,318
7412,59,Male,56397,16,74,8,15,10,8,131,1,Mobile,Firefox,Summer,0,4,1,376
7413,44,Female,97193,12,38,21,29,0,3,157,1,Tablet,Edge,Fall,0,3,1,489
7414,27,Male,143651,17,84,3,15,7,8,186,0,Tablet,Firefox,Spring,1,4,1,464
7415,63,Male,58082,16,57,9,7,13,9,235,0,Mobile,Safari,Fall,0,1,1,369
7416,59,Male,104376,9,27,14,26,3,5,149,0,Tablet,Firefox,Spring,0,3,0,0
7417,49,Female,61430,6,47,38,14,10,8,43,1,Desktop,Safari,Fall,0,2,0,0
7418,59,Female,70522,19,48,27,8,5,2,4,1,Tablet,Safari,Winter,1,5,0,0
7419,43,Female,60397,13,36,20,19,9,0,325,0,Mobile,Firefox,Winter,0,4,1,471
7420,42,Male,96860,8,111,4,25,14,5,198,0,Mobile,Chrome,Winter,0,4,0,0
7421,28,Female,149189,12,27,24,18,7,3,278,1,Tablet,Safari,Spring,0,5,1,61
7422,40,Female,45247,9,24,27,15,13,9,359,0,Mobile,Chrome,Fall,0,5,0,0
7423,51,Male,103094,4,23,12,26,1,3,6,1,Tablet,Edge,Fall,0,3,0,0
7424,57,Female,134798,13,97,28,27,7,3,150,0,Tablet,Firefox,Spring,0,3,0,0
7425,40,Male,39943,2,76,35,26,6,0,272,0,Desktop,Firefox,Fall,0,5,0,0
7426,46,Male,59460,3,33,24,9,3,4,164,0,Tablet,Chrome,Winter,1,5,0,0
7427,48,Female,61986,5,22,31,12,11,8,178,1,Tablet,Edge,Summer,0,4,1,92
7428,24,Male,64514,18,73,3,21,4,2,58,1,Desktop,Safari,Winter,0,4,1,371
7429,57,Male,100908,14,16,30,22,5,1,199,1,Desktop,Safari,Summer,1,4,0,0
7430,50,Male,72385,2,14,27,14,14,1,87,1,Tablet,Edge,Summer,0,1,1,381
7431,38,Male,32631,15,115,17,2,2,9,179,0,Desktop,Safari,Spring,1,1,1,111
7432,19,Male,87008,8,41,6,5,1,6,78,1,Mobile,Safari,Fall,0,2,0,0
7433,35,Male,46955,16,85,47,22,13,5,47,0,Tablet,Edge,Winter,0,3,1,105
7434,64,Female,67367,3,100,43,5,1,1,134,1,Mobile,Firefox,Summer,1,1,0,0
7435,50,Male,50802,5,59,18,14,14,0,153,0,Tablet,Safari,Spring,0,3,0,0
7436,54,Male,90408,4,8,35,4,3,6,269,0,Desktop,Edge,Fall,0,4,0,0
7437,51,Male,113083,12,99,27,24,6,5,115,0,Desktop,Firefox,Spring,0,5,1,354
7438,37,Male,63341,19,67,17,2,11,4,53,0,Desktop,Safari,Spring,1,4,1,48
7439,52,Female,33691,15,94,11,1,0,4,242,1,Tablet,Firefox,Winter,0,5,1,230
7440,35,Female,129786,13,16,38,2,0,9,323,1,Mobile,Edge,Spring,0,5,0,0
7441,63,Male,24753,5,22,37,13,14,2,287,1,Tablet,Safari,Spring,0,2,0,0
7442,41,Female,21833,12,12,42,27,3,4,67,0,Mobile,Chrome,Fall,0,3,0,0
7443,25,Male,124232,19,36,34,20,8,5,337,1,Desktop,Edge,Summer,0,5,0,0
7444,47,Male,28645,2,88,47,17,11,6,183,1,Mobile,Safari,Summer,0,1,1,292
7445,61,Male,125120,7,53,32,25,13,6,231,0,Tablet,Edge,Summer,0,1,1,235
7446,27,Male,135428,5,108,43,13,11,9,285,0,Tablet,Safari,Summer,1,4,1,486
7447,40,Female,115977,11,67,46,17,4,9,163,1,Desktop,Chrome,Winter,0,4,0,0
7448,28,Female,60024,18,81,46,5,0,7,104,1,Tablet,Firefox,Spring,0,2,0,0
7449,19,Male,137068,18,63,35,24,2,4,163,0,Mobile,Safari,Summer,1,2,0,0
7450,43,Male,128853,7,91,28,25,10,3,306,0,Mobile,Chrome,Fall,1,4,1,306
7451,53,Female,100598,10,71,22,25,5,6,286,0,Desktop,Safari,Winter,1,2,0,0
7452,50,Female,29635,14,103,16,8,12,1,271,0,Desktop,Edge,Summer,0,5,0,0
7453,64,Male,40064,11,43,46,22,14,7,29,0,Mobile,Firefox,Fall,0,4,1,110
7454,30,Female,29940,2,54,42,22,2,3,75,0,Mobile,Safari,Fall,0,2,0,0
7455,57,Male,55169,13,89,40,29,10,9,313,0,Tablet,Firefox,Fall,0,1,1,201
7456,42,Female,98647,13,75,12,12,5,0,112,0,Mobile,Edge,Fall,0,2,1,58
7457,21,Female,129667,9,30,5,9,5,1,248,1,Tablet,Edge,Winter,0,4,0,0
7458,59,Female,65200,17,27,26,18,4,0,307,0,Tablet,Firefox,Spring,0,1,0,0
7459,36,Female,76329,15,100,26,16,9,4,324,0,Tablet,Chrome,Spring,1,5,0,0
7460,35,Male,71158,16,67,13,19,12,0,246,0,Tablet,Edge,Fall,1,3,1,345
7461,54,Male,49739,10,70,24,22,4,8,58,0,Desktop,Safari,Summer,1,2,1,381
7462,47,Female,128282,12,43,44,8,8,3,140,0,Tablet,Safari,Spring,0,2,0,0
7463,36,Male,37793,5,70,3,7,2,9,325,0,Tablet,Edge,Spring,1,3,0,0
7464,40,Female,103682,17,107,32,24,14,2,362,1,Tablet,Chrome,Summer,1,3,0,0
7465,33,Female,53677,10,50,23,21,10,8,243,0,Tablet,Firefox,Summer,0,4,1,297
7466,18,Male,86296,6,19,49,9,9,3,324,0,Mobile,Chrome,Winter,0,5,1,118
7467,29,Male,43022,6,20,37,22,6,0,292,0,Mobile,Chrome,Winter,0,4,0,0
7468,41,Male,91148,12,94,38,12,12,1,250,0,Mobile,Chrome,Winter,1,1,1,299
7469,51,Female,121544,19,76,45,14,3,3,130,1,Tablet,Edge,Fall,0,4,1,356
7470,25,Male,47265,2,20,38,10,1,0,291,0,Desktop,Firefox,Fall,0,3,0,0
7471,35,Male,20530,13,89,13,16,9,5,125,0,Desktop,Edge,Spring,0,5,0,0
7472,22,Male,29551,11,43,15,29,2,6,356,0,Tablet,Firefox,Winter,0,4,1,199
7473,43,Male,48394,15,15,2,2,2,0,264,0,Desktop,Safari,Fall,0,1,0,0
7474,47,Female,62987,13,92,11,6,2,5,201,1,Mobile,Chrome,Spring,0,3,0,0
7475,30,Female,68984,3,40,16,11,2,2,284,0,Mobile,Edge,Winter,1,2,1,125
7476,36,Female,88096,14,22,18,4,9,6,188,0,Desktop,Chrome,Spring,0,3,1,284
7477,46,Female,104097,8,27,34,5,5,1,360,0,Desktop,Safari,Fall,1,1,0,0
7478,20,Female,90639,9,81,10,5,12,1,44,0,Tablet,Firefox,Winter,0,4,1,250
7479,43,Female,44090,15,53,13,17,13,3,10,1,Mobile,Edge,Spring,0,4,1,187
7480,57,Female,103457,18,112,32,26,5,7,5,0,Desktop,Firefox,Summer,1,4,0,0
7481,29,Male,127769,8,118,8,5,10,2,357,0,Desktop,Safari,Spring,0,2,0,0
7482,19,Female,22781,11,46,7,26,8,7,175,0,Tablet,Edge,Summer,1,1,0,0
7483,28,Female,37330,5,107,48,11,7,6,159,0,Mobile,Edge,Summer,1,5,1,481
7484,61,Female,25257,15,112,17,9,9,4,244,0,Desktop,Safari,Spring,1,2,1,453
7485,45,Female,78642,15,48,41,15,6,3,29,1,Tablet,Safari,Spring,1,3,1,70
7486,35,Male,74249,7,113,27,24,14,9,154,1,Tablet,Safari,Summer,0,1,1,237
7487,30,Female,71663,18,5,8,24,11,9,95,1,Desktop,Chrome,Winter,1,1,1,76
7488,54,Female,54956,12,11,29,3,11,1,2,0,Tablet,Edge,Summer,1,5,0,0
7489,39,Male,124367,12,52,37,16,12,8,335,1,Mobile,Firefox,Winter,1,1,1,423
7490,29,Female,35615,4,116,27,9,1,3,92,0,Mobile,Edge,Summer,1,3,1,402
7491,19,Female,20881,11,89,37,25,9,4,56,1,Desktop,Edge,Summer,1,2,1,343
7492,54,Female,21847,6,20,24,26,1,1,236,0,Mobile,Chrome,Fall,0,3,0,0
7493,24,Female,124903,10,52,45,23,13,1,332,0,Mobile,Firefox,Summer,0,3,0,0
7494,43,Female,71127,15,82,16,6,0,1,15,0,Mobile,Firefox,Spring,0,1,1,404
7495,43,Female,141265,1,47,26,9,6,9,85,0,Desktop,Edge,Spring,1,2,1,328
7496,41,Female,107646,17,55,31,27,6,1,254,0,Mobile,Edge,Fall,0,5,1,384
7497,29,Male,147148,3,111,27,22,0,8,221,0,Tablet,Firefox,Fall,0,3,1,349
7498,33,Male,57336,11,70,26,19,5,4,249,0,Mobile,Safari,Spring,0,4,0,0
7499,40,Female,101850,18,35,43,6,10,5,45,1,Mobile,Firefox,Fall,0,2,0,0
7500,57,Male,115654,10,43,15,11,13,3,303,0,Mobile,Firefox,Summer,1,1,1,427
7501,26,Female,59931,9,13,49,2,11,1,20,0,Desktop,Safari,Summer,0,3,1,292
7502,49,Male,63924,7,45,15,18,6,2,124,1,Desktop,Safari,Spring,0,3,0,0
7503,32,Female,42966,11,67,23,28,13,2,146,0,Tablet,Edge,Spring,1,3,0,0
7504,54,Male,64023,8,18,25,7,0,9,230,1,Mobile,Chrome,Spring,1,3,0,0
7505,30,Female,31320,2,62,44,24,11,7,335,1,Mobile,Safari,Spring,0,3,0,0
7506,22,Male,77841,5,78,4,23,5,7,61,0,Mobile,Chrome,Summer,0,3,0,0
7507,28,Male,85125,9,116,36,21,9,5,121,0,Mobile,Edge,Winter,0,5,1,183
7508,27,Female,87752,1,92,16,4,8,9,256,0,Tablet,Safari,Spring,0,4,1,433
7509,30,Female,111100,17,118,47,24,11,7,204,0,Tablet,Edge,Fall,1,5,1,250
7510,58,Male,124005,10,101,40,28,0,2,5,1,Mobile,Edge,Summer,0,5,0,0
7511,63,Male,109937,8,102,21,25,1,6,314,1,Mobile,Chrome,Fall,0,3,0,0
7512,32,Female,137296,18,88,40,7,1,4,337,1,Tablet,Firefox,Winter,0,3,0,0
7513,59,Male,145355,10,68,43,17,9,8,77,0,Mobile,Edge,Spring,0,3,1,104
7514,24,Female,81858,9,32,17,4,2,8,316,1,Mobile,Safari,Summer,1,2,0,0
7515,57,Male,78714,4,8,3,13,13,4,141,1,Mobile,Chrome,Fall,1,1,1,86
7516,45,Male,31780,2,38,7,20,3,5,100,1,Desktop,Firefox,Fall,0,1,0,0
7517,49,Female,96230,19,8,12,26,6,0,208,0,Mobile,Firefox,Fall,0,4,0,0
7518,52,Female,90345,10,74,1,19,2,3,296,0,Desktop,Chrome,Fall,0,5,0,0
7519,32,Female,141033,17,62,43,4,6,0,195,0,Mobile,Firefox,Spring,0,5,1,361
7520,53,Male,102098,3,90,37,25,4,3,180,0,Mobile,Chrome,Summer,0,4,1,305
7521,38,Male,132696,19,8,6,13,4,0,258,0,Desktop,Firefox,Fall,0,4,0,0
7522,23,Male,117977,19,54,46,1,6,9,195,1,Desktop,Firefox,Summer,0,2,0,0
7523,18,Female,126075,19,9,49,2,6,3,139,1,Desktop,Edge,Summer,1,4,1,407
7524,21,Male,142659,19,79,23,7,6,5,11,1,Desktop,Safari,Winter,1,4,0,0
7525,28,Male,21929,15,49,25,25,8,8,266,0,Tablet,Firefox,Winter,0,4,1,283
7526,61,Female,115153,18,39,25,23,0,1,28,0,Desktop,Firefox,Fall,1,3,0,0
7527,43,Male,132610,17,87,3,17,0,1,119,0,Tablet,Safari,Spring,1,2,1,292
7528,54,Male,137236,10,79,4,29,14,5,249,0,Mobile,Safari,Spring,0,3,1,366
7529,40,Female,139522,14,79,30,7,2,9,7,0,Mobile,Safari,Spring,1,2,1,444
7530,46,Female,34244,19,31,33,22,5,5,143,0,Tablet,Firefox,Fall,0,1,1,458
7531,38,Female,118415,18,6,29,13,1,2,7,0,Mobile,Edge,Spring,0,5,0,0
7532,62,Female,129715,11,58,4,17,8,1,55,0,Mobile,Edge,Summer,0,5,0,0
7533,62,Female,142636,11,115,14,1,0,2,20,0,Tablet,Safari,Summer,0,1,0,0
7534,44,Female,135402,12,76,21,28,13,3,3,0,Mobile,Chrome,Winter,1,4,1,67
7535,56,Female,144281,8,102,7,2,4,3,20,1,Desktop,Firefox,Summer,0,1,1,415
7536,57,Female,31116,16,108,21,6,6,6,266,1,Desktop,Edge,Fall,0,2,0,0
7537,30,Female,107954,8,88,7,12,9,3,227,0,Desktop,Chrome,Spring,0,1,0,0
7538,40,Male,101243,14,91,1,13,2,9,346,0,Tablet,Chrome,Fall,0,5,1,481
7539,33,Female,103301,18,83,34,20,13,5,350,1,Mobile,Chrome,Summer,0,5,0,0
7540,47,Female,55895,4,52,23,20,1,5,218,1,Desktop,Edge,Winter,1,4,0,0
7541,21,Male,98636,17,81,3,22,12,9,165,1,Tablet,Firefox,Summer,0,1,1,438
7542,57,Female,43867,13,99,18,9,2,2,340,0,Tablet,Firefox,Winter,0,4,0,0
7543,33,Male,129507,5,53,43,17,14,8,51,1,Desktop,Chrome,Fall,0,3,0,0
7544,48,Male,21208,3,114,12,18,11,9,170,1,Mobile,Firefox,Fall,0,2,1,215
7545,59,Female,64085,9,82,14,8,6,4,353,0,Mobile,Firefox,Fall,0,4,0,0
7546,42,Male,85572,18,5,41,8,14,9,30,0,Tablet,Edge,Fall,0,5,1,234
7547,61,Female,85234,19,95,28,27,0,8,244,0,Tablet,Chrome,Fall,0,2,0,0
7548,29,Female,103748,19,37,42,11,7,9,45,1,Tablet,Firefox,Winter,0,3,1,387
7549,43,Male,31252,16,39,45,22,2,5,215,0,Desktop,Safari,Summer,0,1,0,0
7550,54,Male,105261,1,58,24,22,4,5,356,0,Mobile,Firefox,Winter,0,3,0,0
7551,50,Male,27006,5,60,24,28,9,8,23,1,Desktop,Firefox,Fall,1,1,1,281
7552,45,Female,133371,15,19,3,8,10,9,53,0,Mobile,Chrome,Summer,1,1,1,474
7553,26,Female,109595,12,73,9,18,4,4,42,0,Tablet,Firefox,Fall,0,4,0,0
7554,29,Male,90883,1,105,24,18,5,2,164,1,Mobile,Chrome,Winter,0,2,0,0
7555,22,Female,52171,14,8,2,13,6,2,104,1,Desktop,Edge,Fall,0,2,0,0
7556,45,Female,48517,18,114,40,1,10,1,162,1,Tablet,Safari,Summer,0,3,1,359
7557,52,Male,44274,18,88,28,15,0,1,341,0,Mobile,Edge,Winter,0,5,0,0
7558,22,Male,53577,6,68,7,22,5,5,154,1,Desktop,Edge,Spring,1,3,1,193
7559,51,Male,47648,1,107,9,6,1,7,327,1,Tablet,Edge,Spring,0,3,0,0
7560,63,Male,89654,17,26,45,6,13,7,3,1,Mobile,Safari,Summer,1,4,1,345
7561,51,Male,37910,18,28,39,13,9,7,43,0,Mobile,Chrome,Winter,0,5,1,64
7562,30,Male,146399,15,51,39,27,2,9,54,0,Desktop,Chrome,Winter,0,4,1,473
7563,56,Male,98619,12,79,33,2,13,6,308,0,Tablet,Chrome,Spring,0,2,0,0
7564,59,Male,69647,13,114,34,23,4,1,13,0,Mobile,Safari,Spring,1,4,0,0
7565,62,Male,98723,2,10,21,19,0,9,112,1,Tablet,Safari,Summer,1,3,0,0
7566,31,Male,20424,4,31,29,17,6,1,56,0,Tablet,Chrome,Winter,0,2,0,0
7567,28,Female,71899,3,14,27,1,0,9,104,0,Desktop,Chrome,Winter,0,4,0,0
7568,59,Female,46641,19,43,17,14,7,6,175,0,Tablet,Chrome,Summer,0,1,0,0
7569,55,Male,54750,8,78,42,16,10,3,322,0,Tablet,Firefox,Winter,1,3,0,0
7570,21,Female,136156,12,114,47,15,11,5,68,0,Mobile,Firefox,Spring,0,3,0,0
7571,50,Female,142416,12,94,48,9,5,8,13,0,Desktop,Firefox,Winter,0,4,0,0
7572,24,Female,101454,10,41,23,19,10,4,286,0,Tablet,Firefox,Winter,0,5,1,121
7573,58,Female,43154,1,58,45,8,13,9,332,0,Desktop,Firefox,Winter,0,1,1,307
7574,25,Female,68166,5,101,21,15,0,3,161,0,Tablet,Firefox,Fall,0,4,1,277
7575,54,Female,31992,11,55,8,10,14,2,166,0,Mobile,Chrome,Winter,0,3,0,0
7576,27,Male,54001,9,64,9,23,13,6,299,0,Mobile,Edge,Spring,0,3,0,0
7577,60,Male,128293,14,76,33,29,6,6,354,1,Desktop,Safari,Fall,1,3,0,0
7578,32,Female,34546,3,55,4,2,9,6,259,0,Desktop,Firefox,Winter,0,4,0,0
7579,55,Female,61524,5,66,18,18,2,4,43,1,Tablet,Edge,Summer,0,2,0,0
7580,32,Male,88555,9,53,32,20,6,9,329,0,Tablet,Firefox,Winter,0,5,1,363
7581,22,Female,21304,18,55,30,2,14,7,199,0,Mobile,Edge,Summer,1,4,1,477
7582,46,Female,142722,6,32,25,21,10,1,132,0,Mobile,Chrome,Fall,1,4,0,0
7583,36,Female,132448,7,116,33,12,7,3,92,1,Mobile,Safari,Summer,0,3,1,434
7584,27,Female,69284,16,40,35,10,9,0,32,0,Mobile,Firefox,Summer,0,5,1,300
7585,29,Female,102368,8,108,42,12,13,5,257,0,Tablet,Safari,Winter,1,3,1,351
7586,21,Male,108327,10,29,34,7,14,5,36,1,Tablet,Chrome,Spring,0,1,1,423
7587,48,Male,30022,5,40,2,2,2,2,282,0,Tablet,Firefox,Fall,0,1,0,0
7588,35,Female,95886,11,81,13,25,4,0,205,1,Mobile,Safari,Summer,0,3,0,0
7589,33,Male,97354,13,64,41,1,9,4,150,0,Tablet,Safari,Summer,0,1,0,0
7590,57,Female,53617,2,11,23,2,1,0,344,0,Desktop,Firefox,Winter,0,1,0,0
7591,53,Female,140045,14,69,23,23,13,2,139,1,Mobile,Chrome,Spring,0,3,0,0
7592,42,Female,89498,9,77,31,28,1,7,281,0,Tablet,Safari,Fall,1,1,1,314
7593,40,Female,78824,10,96,2,21,0,9,335,0,Tablet,Firefox,Spring,0,2,0,0
7594,29,Female,143780,10,40,2,17,2,8,173,1,Mobile,Firefox,Summer,0,3,0,0
7595,51,Female,90390,10,114,5,20,3,2,164,1,Tablet,Safari,Winter,0,2,1,107
7596,53,Female,54307,19,98,14,8,2,8,102,0,Desktop,Safari,Winter,0,4,0,0
7597,54,Female,136587,11,77,23,21,10,6,290,0,Desktop,Safari,Fall,0,2,1,28
7598,20,Female,149884,11,34,35,12,7,7,288,0,Mobile,Firefox,Winter,0,4,0,0
7599,26,Male,88480,3,103,46,2,0,5,102,1,Tablet,Firefox,Summer,1,5,0,0
7600,35,Female,139645,19,51,1,9,4,4,153,1,Desktop,Chrome,Summer,0,1,1,28
7601,60,Male,42327,1,95,41,17,6,9,121,1,Tablet,Edge,Winter,0,5,1,415
7602,52,Male,23244,12,33,48,17,12,7,57,1,Desktop,Edge,Summer,0,1,1,302
7603,51,Female,42720,15,9,49,10,8,1,107,1,Desktop,Edge,Fall,0,4,1,183
7604,58,Male,45090,14,69,40,13,0,6,239,0,Desktop,Safari,Spring,0,3,1,41
7605,31,Female,84277,3,111,15,5,8,0,21,0,Mobile,Chrome,Winter,1,1,0,0
7606,21,Female,131559,13,119,30,14,10,6,73,0,Tablet,Edge,Winter,0,2,0,0
7607,46,Female,119895,18,73,21,14,8,5,341,0,Mobile,Chrome,Winter,1,4,0,0
7608,58,Female,142641,16,67,8,15,3,3,21,0,Desktop,Chrome,Spring,0,2,0,0
7609,62,Male,68536,6,97,7,25,14,2,298,0,Mobile,Edge,Winter,0,1,0,0
7610,32,Male,27855,10,60,41,22,9,8,11,0,Mobile,Edge,Spring,1,4,1,407
7611,45,Female,142483,17,21,34,5,4,5,58,1,Tablet,Edge,Fall,1,2,1,356
7612,59,Male,142963,17,55,42,22,5,5,354,1,Mobile,Safari,Fall,1,4,0,0
7613,33,Male,138430,8,117,37,6,3,0,240,0,Tablet,Chrome,Winter,0,4,0,0
7614,29,Male,147773,4,41,48,9,5,4,297,0,Desktop,Chrome,Winter,0,1,1,300
7615,22,Female,136815,15,92,32,29,4,6,86,1,Mobile,Firefox,Summer,0,1,1,260
7616,51,Male,21601,1,95,33,9,14,3,144,0,Desktop,Safari,Summer,0,5,1,184
7617,59,Male,51952,7,13,6,21,2,1,225,0,Desktop,Firefox,Summer,0,3,0,0
7618,18,Male,131113,10,42,42,4,2,8,194,1,Mobile,Chrome,Spring,0,1,0,0
7619,56,Female,70374,7,57,10,1,8,5,103,1,Desktop,Edge,Spring,0,3,1,150
7620,49,Male,25690,1,17,26,22,4,8,364,0,Mobile,Firefox,Spring,1,3,0,0
7621,43,Male,32521,17,94,45,23,10,7,326,1,Tablet,Chrome,Spring,0,4,0,0
7622,34,Female,120146,12,57,26,23,2,0,162,1,Desktop,Edge,Winter,0,1,1,186
7623,44,Male,96019,17,79,19,15,7,1,302,1,Tablet,Firefox,Spring,0,3,1,422
7624,41,Female,28058,15,92,35,14,7,1,48,0,Desktop,Safari,Spring,0,5,0,0
7625,52,Female,33704,16,101,45,1,13,1,234,0,Tablet,Chrome,Summer,1,2,1,29
7626,63,Female,78933,14,53,4,6,13,3,293,1,Desktop,Safari,Summer,0,3,0,0
7627,59,Female,91101,3,74,25,8,12,6,22,1,Tablet,Safari,Summer,1,2,1,378
7628,56,Female,63856,19,39,8,3,2,6,336,0,Desktop,Chrome,Summer,0,5,0,0
7629,43,Female,57256,12,20,12,17,6,0,135,0,Mobile,Safari,Spring,0,2,0,0
7630,55,Male,77352,19,17,24,29,8,7,175,1,Desktop,Chrome,Fall,1,5,1,305
7631,40,Female,147588,18,112,24,23,2,3,333,0,Desktop,Chrome,Spring,0,1,0,0
7632,39,Male,50615,14,15,17,20,7,7,242,1,Mobile,Edge,Spring,0,1,1,130
7633,21,Male,141638,9,91,25,28,11,9,17,1,Tablet,Firefox,Summer,0,3,1,36
7634,26,Female,127210,3,6,33,5,11,8,259,1,Tablet,Chrome,Fall,0,4,1,489
7635,21,Male,21927,12,98,27,18,0,6,198,0,Desktop,Firefox,Winter,0,1,0,0
7636,24,Male,35512,17,23,2,7,11,2,76,0,Desktop,Chrome,Winter,0,1,0,0
7637,40,Male,28301,5,108,9,17,13,2,203,1,Mobile,Safari,Summer,1,1,1,352
7638,19,Female,106849,8,49,33,15,2,4,233,0,Mobile,Firefox,Winter,1,1,0,0
7639,41,Male,93993,19,50,19,20,11,6,275,0,Mobile,Chrome,Summer,0,5,1,285
7640,57,Male,91028,4,51,49,24,3,6,159,0,Tablet,Chrome,Winter,1,3,0,0
7641,48,Female,88759,15,53,5,16,2,8,115,0,Mobile,Edge,Summer,0,5,0,0
7642,64,Male,108047,19,83,47,13,12,0,258,1,Desktop,Safari,Summer,0,1,1,219
7643,48,Male,106991,15,46,20,28,8,2,237,1,Mobile,Chrome,Winter,0,5,0,0
7644,64,Male,83058,14,37,24,7,12,0,96,0,Mobile,Safari,Winter,0,4,0,0
7645,57,Female,119258,16,112,31,15,12,5,128,1,Desktop,Firefox,Winter,0,4,1,164
7646,60,Male,84926,10,45,44,23,11,9,274,1,Tablet,Safari,Fall,0,1,1,212
7647,51,Male,43434,14,73,4,23,9,6,311,0,Tablet,Chrome,Spring,0,3,0,0
7648,41,Female,50341,11,90,32,28,4,1,260,0,Mobile,Safari,Spring,0,2,1,241
7649,43,Female,127845,2,95,47,5,14,8,334,0,Mobile,Edge,Fall,0,3,1,140
7650,33,Female,35007,19,115,35,27,2,4,78,0,Desktop,Edge,Fall,0,4,1,116
7651,64,Male,119878,3,103,14,12,2,2,349,0,Tablet,Safari,Fall,0,4,1,463
7652,30,Female,46799,4,23,36,28,10,6,290,0,Mobile,Edge,Summer,0,3,1,378
7653,32,Female,75820,11,43,6,10,1,6,176,0,Mobile,Safari,Spring,0,1,0,0
7654,44,Female,35674,13,11,17,19,9,0,127,1,Mobile,Edge,Spring,0,5,0,0
7655,21,Male,35426,18,43,18,10,5,5,198,1,Desktop,Chrome,Winter,0,4,0,0
7656,33,Female,92631,18,102,8,29,8,2,363,1,Mobile,Chrome,Winter,0,4,0,0
7657,47,Female,64791,19,38,12,7,6,6,204,0,Desktop,Safari,Spring,0,2,1,90
7658,61,Female,109640,12,95,17,24,14,4,45,0,Tablet,Firefox,Summer,0,5,0,0
7659,47,Female,23255,1,48,31,23,1,3,349,0,Desktop,Chrome,Spring,1,3,0,0
7660,53,Female,53826,6,73,1,22,8,9,164,0,Tablet,Firefox,Winter,0,4,1,494
7661,20,Male,120261,3,72,11,15,13,6,98,1,Desktop,Chrome,Summer,0,5,1,285
7662,39,Male,108568,17,67,42,9,2,6,307,0,Mobile,Safari,Summer,1,3,0,0
7663,39,Female,24944,3,75,16,29,6,7,243,0,Mobile,Safari,Spring,0,5,0,0
7664,29,Female,57826,1,52,37,27,9,4,143,1,Tablet,Safari,Spring,0,2,1,156
7665,38,Female,50497,3,7,49,6,6,3,137,0,Mobile,Firefox,Fall,0,4,1,367
7666,21,Male,47723,4,89,28,21,3,0,58,0,Mobile,Firefox,Spring,0,4,0,0
7667,48,Male,55287,6,38,9,11,13,3,269,1,Mobile,Firefox,Winter,0,2,0,0
7668,61,Male,31845,7,117,8,6,3,9,169,1,Tablet,Safari,Summer,1,2,0,0
7669,48,Male,109833,8,13,25,26,11,0,108,0,Desktop,Safari,Summer,0,1,1,464
7670,40,Female,88106,13,65,10,20,1,6,44,1,Desktop,Edge,Summer,0,3,0,0
7671,37,Female,113039,4,24,40,29,1,5,86,0,Tablet,Chrome,Spring,1,4,1,212
7672,32,Female,92986,6,44,3,15,1,6,286,0,Tablet,Safari,Winter,0,5,0,0
7673,40,Female,105807,11,16,23,13,11,7,77,0,Mobile,Firefox,Summer,1,2,0,0
7674,45,Male,126007,1,107,23,6,10,5,242,1,Desktop,Edge,Spring,0,1,1,229
7675,33,Female,75569,8,114,44,20,4,1,224,0,Tablet,Chrome,Summer,0,2,1,264
7676,54,Male,101434,2,32,4,21,2,1,314,0,Desktop,Firefox,Winter,0,2,0,0
7677,38,Male,99925,8,52,23,15,9,8,339,1,Tablet,Safari,Spring,0,4,0,0
7678,32,Female,133718,9,101,9,29,6,5,163,1,Tablet,Edge,Summer,0,3,1,274
7679,34,Male,45463,4,78,4,6,12,5,122,1,Mobile,Firefox,Summer,0,4,0,0
7680,54,Male,20744,17,79,34,16,6,0,177,0,Desktop,Safari,Winter,0,5,0,0
7681,30,Female,108340,7,11,39,1,5,7,187,0,Desktop,Safari,Winter,0,2,0,0
7682,36,Male,56282,10,86,18,6,12,7,244,0,Tablet,Firefox,Winter,0,5,1,199
7683,47,Male,72082,5,87,34,16,7,3,221,0,Tablet,Edge,Spring,0,5,0,0
7684,62,Female,74689,10,18,34,22,10,6,135,0,Tablet,Firefox,Winter,1,2,1,65
7685,35,Male,96407,12,85,42,1,3,8,35,1,Tablet,Safari,Winter,0,3,0,0
7686,31,Male,99072,6,91,3,7,8,0,167,0,Mobile,Firefox,Fall,0,5,0,0
7687,53,Female,108633,1,23,19,28,11,4,262,0,Mobile,Chrome,Summer,0,5,0,0
7688,53,Male,84766,3,58,34,10,11,7,334,0,Tablet,Edge,Winter,0,5,0,0
7689,37,Female,85711,7,64,26,21,14,6,220,0,Mobile,Chrome,Fall,1,2,1,172
7690,36,Male,135253,11,113,35,8,12,9,65,0,Desktop,Safari,Summer,0,3,0,0
7691,62,Male,23217,12,71,41,21,9,3,110,0,Desktop,Chrome,Fall,1,2,0,0
7692,61,Female,100642,9,38,43,26,9,2,341,1,Tablet,Safari,Winter,0,2,1,422
7693,24,Female,50359,1,93,31,5,4,0,9,0,Mobile,Safari,Spring,1,3,0,0
7694,61,Male,132000,4,45,43,18,3,2,182,1,Mobile,Edge,Summer,0,5,0,0
7695,21,Female,73509,2,35,27,4,2,1,43,1,Tablet,Firefox,Fall,1,1,1,195
7696,51,Male,81970,2,43,3,20,13,4,120,0,Mobile,Safari,Fall,1,3,0,0
7697,19,Female,42357,17,82,37,16,14,0,306,1,Desktop,Chrome,Fall,0,3,1,281
7698,22,Male,62354,2,105,12,10,8,3,113,0,Desktop,Firefox,Winter,1,4,1,235
7699,27,Male,58570,4,56,47,26,11,7,319,1,Desktop,Chrome,Summer,0,1,1,271
7700,49,Male,27034,11,51,23,16,14,8,254,0,Desktop,Chrome,Summer,1,1,0,0
7701,59,Male,36263,19,24,17,8,3,0,231,1,Tablet,Chrome,Fall,0,1,0,0
7702,58,Male,62180,13,100,16,19,8,2,136,1,Mobile,Safari,Spring,1,2,1,433
7703,30,Female,70099,18,101,17,1,10,5,168,0,Mobile,Firefox,Summer,1,4,1,318
7704,56,Female,94312,19,56,15,23,0,4,179,0,Desktop,Safari,Summer,0,5,0,0
7705,22,Male,129358,15,99,26,9,4,0,254,0,Mobile,Firefox,Winter,0,1,0,0
7706,27,Male,95348,12,75,45,6,0,1,47,0,Desktop,Firefox,Fall,0,5,1,266
7707,27,Female,105275,11,66,2,13,8,1,142,0,Tablet,Firefox,Winter,0,1,0,0
7708,55,Female,46925,1,9,17,13,11,6,281,1,Tablet,Edge,Spring,1,5,1,449
7709,44,Female,139939,16,61,1,18,6,5,85,0,Tablet,Edge,Fall,1,2,1,122
7710,38,Female,39575,13,8,30,14,11,5,93,0,Desktop,Safari,Spring,0,1,0,0
7711,25,Female,42231,6,15,32,2,9,0,159,0,Desktop,Edge,Spring,0,1,0,0
7712,18,Male,96935,6,23,30,16,8,0,52,0,Tablet,Chrome,Winter,1,4,0,0
7713,45,Male,67731,10,106,42,17,4,3,260,1,Mobile,Firefox,Fall,0,5,1,172
7714,56,Female,43100,2,88,4,22,9,9,118,0,Mobile,Firefox,Summer,0,1,0,0
7715,31,Female,30768,3,31,42,16,13,5,46,0,Mobile,Edge,Fall,0,1,1,282
7716,38,Female,149057,6,33,44,14,8,5,157,0,Desktop,Chrome,Winter,1,2,0,0
7717,47,Female,118835,16,22,32,13,3,4,193,0,Desktop,Chrome,Summer,1,5,0,0
7718,38,Female,135919,6,41,35,16,12,3,96,0,Desktop,Chrome,Spring,0,1,0,0
7719,26,Female,79337,13,65,1,24,2,1,257,0,Mobile,Edge,Summer,0,3,0,0
7720,34,Female,136385,4,51,19,1,1,6,324,0,Tablet,Safari,Fall,0,2,0,0
7721,22,Female,138058,15,93,33,28,3,5,187,1,Mobile,Chrome,Winter,1,5,1,156
7722,48,Female,70697,6,24,19,17,2,6,232,0,Tablet,Safari,Fall,0,4,1,150
7723,57,Male,31357,1,74,36,1,8,2,254,0,Tablet,Firefox,Fall,0,3,1,151
7724,55,Female,86973,9,104,27,10,12,0,78,0,Desktop,Edge,Spring,0,2,1,466
7725,60,Female,44946,12,53,13,5,11,0,180,0,Mobile,Chrome,Winter,0,1,0,0
7726,36,Male,106424,11,19,27,7,11,3,248,0,Tablet,Firefox,Fall,0,2,0,0
7727,53,Male,91038,13,22,46,4,12,3,334,0,Desktop,Edge,Summer,0,3,1,399
7728,50,Male,125912,1,42,14,1,11,6,246,0,Desktop,Firefox,Summer,0,2,0,0
7729,30,Female,75149,19,93,24,1,7,6,130,1,Mobile,Chrome,Spring,0,3,0,0
7730,31,Female,25566,4,88,35,10,11,3,21,0,Desktop,Safari,Winter,0,3,1,94
7731,50,Female,142474,5,26,19,3,0,6,285,0,Mobile,Edge,Winter,0,3,0,0
7732,46,Female,61576,17,119,25,5,1,7,76,0,Desktop,Firefox,Fall,0,5,1,411
7733,60,Male,73318,5,80,11,13,2,8,338,0,Mobile,Firefox,Fall,0,2,1,86
7734,53,Female,89550,19,109,9,21,5,5,160,1,Desktop,Safari,Spring,0,5,0,0
7735,61,Female,147059,3,108,6,25,4,3,169,0,Tablet,Firefox,Summer,1,4,0,0
7736,27,Male,71408,11,64,36,9,10,9,278,0,Mobile,Chrome,Summer,0,4,1,459
7737,48,Female,73506,2,115,37,25,4,1,140,1,Tablet,Safari,Spring,0,2,1,286
7738,23,Female,137998,14,101,29,8,5,8,313,0,Mobile,Chrome,Fall,1,2,1,149
7739,18,Female,99149,6,97,9,11,12,6,8,1,Mobile,Chrome,Summer,0,1,1,261
7740,24,Female,60167,19,70,33,25,11,5,156,0,Mobile,Chrome,Spring,0,1,0,0
7741,44,Male,53699,1,30,23,24,13,3,313,1,Desktop,Edge,Fall,1,5,0,0
7742,38,Male,137017,7,68,15,29,7,3,181,0,Tablet,Firefox,Winter,1,1,0,0
7743,45,Male,69545,2,100,11,14,13,1,214,1,Desktop,Edge,Fall,0,4,0,0
7744,33,Male,120769,19,62,23,8,0,0,204,0,Mobile,Firefox,Summer,0,1,0,0
7745,63,Female,72429,1,7,26,24,4,4,241,1,Tablet,Safari,Spring,0,4,0,0
7746,40,Female,133927,9,34,1,24,5,5,17,0,Tablet,Edge,Spring,1,5,1,29
7747,37,Female,107350,17,23,30,21,10,9,277,1,Mobile,Firefox,Summer,1,3,0,0
7748,55,Male,43386,10,14,17,10,9,8,51,1,Desktop,Chrome,Spring,1,4,0,0
7749,42,Male,79273,6,93,47,3,10,0,212,1,Tablet,Safari,Spring,0,5,1,12
7750,45,Male,132312,3,50,46,4,5,4,54,0,Tablet,Safari,Spring,1,2,1,52
7751,22,Female,61585,15,23,41,25,8,4,316,0,Tablet,Chrome,Winter,0,4,0,0
7752,38,Female,124292,6,62,23,23,9,8,44,1,Desktop,Edge,Spring,1,4,1,200
7753,35,Male,27509,3,111,36,12,6,3,333,0,Tablet,Firefox,Fall,0,2,0,0
7754,64,Male,107852,10,89,41,9,3,2,233,1,Mobile,Safari,Spring,0,3,0,0
7755,23,Female,131153,12,10,5,11,6,2,29,1,Desktop,Firefox,Fall,0,1,0,0
7756,46,Female,96607,1,55,35,11,6,5,171,0,Mobile,Safari,Fall,0,4,0,0
7757,36,Female,113278,16,18,9,16,10,0,61,0,Tablet,Chrome,Winter,0,1,0,0
7758,50,Male,132385,17,62,4,13,10,0,61,0,Mobile,Chrome,Summer,1,1,1,464
7759,18,Male,98764,10,12,7,27,5,0,328,0,Mobile,Edge,Spring,1,4,0,0
7760,62,Male,97150,12,6,1,14,7,6,20,1,Desktop,Safari,Spring,1,4,1,394
7761,20,Male,95837,19,22,16,7,7,4,56,0,Desktop,Chrome,Fall,0,4,0,0
7762,59,Female,144045,8,90,25,12,12,8,176,0,Desktop,Chrome,Winter,0,5,0,0
7763,38,Female,83305,8,61,6,24,12,2,330,1,Tablet,Chrome,Spring,0,2,1,384
7764,52,Female,121085,10,98,38,28,9,5,249,0,Desktop,Firefox,Winter,0,1,0,0
7765,58,Male,62851,10,104,14,19,11,6,204,1,Desktop,Safari,Fall,0,4,1,493
7766,57,Female,96910,18,96,37,8,12,2,184,0,Mobile,Edge,Winter,1,3,1,455
7767,20,Female,54407,10,39,11,4,5,8,46,0,Mobile,Firefox,Winter,0,5,0,0
7768,42,Female,66606,7,70,1,22,10,1,45,0,Mobile,Edge,Summer,0,4,0,0
7769,62,Female,127277,4,60,42,17,1,6,42,0,Desktop,Chrome,Summer,1,2,1,67
7770,55,Female,99518,1,104,1,2,4,9,8,1,Desktop,Edge,Fall,0,5,0,0
7771,62,Male,116794,11,86,36,23,12,3,340,0,Tablet,Edge,Fall,1,1,1,351
7772,37,Female,65652,19,47,8,22,0,8,14,1,Mobile,Chrome,Fall,1,1,0,0
7773,61,Female,30248,5,77,32,13,9,6,229,0,Tablet,Safari,Fall,0,1,0,0
7774,62,Male,30515,8,96,33,26,9,7,282,1,Desktop,Safari,Winter,0,4,1,281
7775,51,Male,120578,2,76,8,28,13,9,102,0,Tablet,Firefox,Fall,0,5,0,0
7776,38,Female,112345,2,12,14,21,11,2,297,1,Desktop,Edge,Winter,0,2,1,454
7777,40,Female,30830,14,9,24,7,12,5,237,0,Desktop,Safari,Summer,0,2,0,0
7778,23,Female,80631,9,17,49,18,9,3,29,0,Tablet,Firefox,Fall,0,2,1,46
7779,30,Female,120784,10,11,41,10,13,3,191,1,Mobile,Firefox,Summer,0,5,1,318
7780,40,Male,145496,13,25,29,4,11,1,269,1,Tablet,Safari,Spring,0,5,0,0
7781,26,Female,26799,1,97,25,21,12,9,354,1,Mobile,Safari,Spring,0,3,1,98
7782,34,Male,94083,14,41,6,8,14,8,303,0,Mobile,Edge,Winter,0,1,1,67
7783,19,Female,117098,2,49,1,22,10,0,216,1,Desktop,Safari,Summer,0,2,0,0
7784,36,Female,34328,4,56,23,22,8,0,248,0,Tablet,Safari,Summer,0,2,0,0
7785,36,Female,32679,19,52,41,21,3,6,277,0,Mobile,Firefox,Spring,0,5,1,348
7786,24,Male,41058,1,66,33,26,0,9,351,1,Desktop,Safari,Fall,0,2,0,0
7787,59,Female,146226,4,82,14,13,2,6,12,1,Mobile,Chrome,Winter,0,3,1,266
7788,59,Female,117773,11,105,28,14,9,3,106,1,Mobile,Chrome,Fall,0,2,1,466
7789,37,Male,66696,13,55,29,21,12,7,24,1,Mobile,Safari,Summer,1,5,1,297
7790,26,Female,105442,18,8,43,17,14,4,277,0,Desktop,Edge,Summer,0,2,0,0
7791,34,Male,128963,10,90,40,12,1,5,4,1,Mobile,Edge,Summer,0,2,0,0
7792,44,Female,58872,5,60,23,4,8,3,281,0,Desktop,Chrome,Winter,0,1,0,0
7793,64,Male,74971,1,79,44,9,6,2,8,0,Desktop,Edge,Winter,0,3,1,90
7794,19,Male,102083,14,38,38,15,9,1,164,1,Mobile,Firefox,Summer,0,4,0,0
7795,53,Male,43306,16,49,49,15,9,7,290,1,Mobile,Chrome,Winter,0,2,0,0
7796,36,Female,48210,18,20,43,18,11,4,114,0,Desktop,Safari,Fall,0,4,0,0
7797,34,Male,65693,3,13,10,27,14,9,50,1,Mobile,Chrome,Spring,0,3,0,0
7798,22,Male,48239,3,84,27,6,5,5,238,0,Tablet,Chrome,Spring,1,4,1,308
7799,56,Female,113366,4,107,8,2,3,5,347,0,Mobile,Safari,Spring,0,1,1,71
7800,35,Male,88917,7,20,44,9,10,3,284,1,Mobile,Firefox,Winter,0,3,1,497
7801,24,Female,120368,13,99,4,5,3,8,62,1,Tablet,Edge,Spring,0,2,1,320
7802,34,Female,124893,9,35,21,25,11,6,349,1,Desktop,Firefox,Summer,0,5,0,0
7803,56,Male,114377,3,17,21,12,11,9,127,1,Desktop,Safari,Summer,0,5,1,437
7804,53,Male,27447,17,9,30,29,6,7,221,0,Desktop,Chrome,Winter,0,4,1,237
7805,57,Female,105904,15,51,13,26,7,6,202,0,Desktop,Firefox,Spring,0,4,1,471
7806,62,Male,40271,10,43,3,5,3,3,300,1,Tablet,Safari,Winter,0,3,1,32
7807,21,Male,85875,15,22,20,12,13,8,160,1,Desktop,Edge,Fall,0,1,0,0
7808,55,Male,139509,1,24,36,25,6,1,8,1,Tablet,Firefox,Fall,1,4,1,353
7809,42,Male,138469,10,6,40,15,2,4,125,1,Tablet,Edge,Fall,0,2,0,0
7810,22,Female,105510,7,44,5,2,11,1,90,1,Mobile,Safari,Winter,0,5,1,193
7811,47,Female,112045,7,34,22,11,11,7,244,1,Desktop,Firefox,Fall,0,2,0,0
7812,29,Male,123434,3,14,2,23,8,8,195,0,Desktop,Safari,Fall,1,2,0,0
7813,21,Female,76843,7,68,25,24,11,2,106,0,Mobile,Edge,Winter,0,2,0,0
7814,41,Male,46221,9,46,40,19,2,4,206,1,Mobile,Firefox,Summer,0,5,1,375
7815,46,Male,147108,8,79,24,17,13,8,71,1,Desktop,Safari,Winter,0,2,1,196
7816,26,Male,84388,3,57,5,18,2,5,357,0,Tablet,Chrome,Summer,0,3,1,492
7817,21,Male,112799,5,97,16,10,9,2,32,0,Desktop,Safari,Fall,0,2,1,268
7818,41,Female,76467,13,57,15,5,11,5,166,0,Mobile,Chrome,Winter,0,3,0,0
7819,31,Male,93269,13,44,13,25,12,8,212,0,Desktop,Safari,Spring,1,3,1,485
7820,22,Female,131414,8,20,11,21,1,9,10,1,Desktop,Chrome,Summer,1,4,0,0
7821,35,Male,90585,18,52,16,17,2,6,335,0,Desktop,Edge,Winter,0,4,1,462
7822,59,Female,63086,7,65,18,28,7,3,198,0,Tablet,Safari,Spring,0,2,1,145
7823,36,Female,130937,10,96,25,1,1,3,247,0,Tablet,Chrome,Winter,0,4,1,118
7824,29,Female,106624,10,85,47,13,12,0,217,0,Mobile,Safari,Spring,0,4,0,0
7825,35,Female,101144,11,42,38,2,0,2,129,1,Tablet,Edge,Summer,1,4,1,80
7826,34,Male,20638,12,118,40,17,4,8,198,0,Tablet,Firefox,Summer,1,3,1,324
7827,47,Female,93245,13,117,4,15,7,0,333,1,Mobile,Firefox,Winter,0,3,0,0
7828,41,Male,90679,8,48,48,8,5,1,75,0,Tablet,Firefox,Fall,1,4,1,403
7829,28,Female,82934,17,19,21,2,13,1,90,0,Mobile,Firefox,Winter,0,1,0,0
7830,52,Female,86760,14,99,11,28,1,7,281,0,Mobile,Edge,Winter,0,4,0,0
7831,40,Female,67234,17,65,34,27,11,5,52,1,Tablet,Edge,Spring,0,3,1,131
7832,34,Male,81049,19,11,30,8,8,6,308,0,Desktop,Edge,Fall,0,1,0,0
7833,18,Female,83843,16,114,4,27,13,3,12,0,Tablet,Safari,Summer,0,2,1,366
7834,32,Male,68047,9,34,14,5,12,3,46,0,Desktop,Edge,Winter,0,1,0,0
7835,49,Male,130406,10,40,11,17,3,3,137,1,Tablet,Firefox,Spring,0,1,0,0
7836,26,Male,122549,9,117,4,4,12,5,301,0,Tablet,Safari,Spring,0,2,1,473
7837,32,Female,29741,1,94,26,12,2,3,292,0,Tablet,Edge,Summer,0,1,1,192
7838,45,Female,140111,3,15,3,18,3,0,137,0,Desktop,Chrome,Fall,0,3,0,0
7839,41,Female,83004,11,74,37,6,2,0,97,1,Desktop,Edge,Summer,1,3,0,0
7840,52,Female,81489,7,110,38,5,7,7,162,1,Mobile,Firefox,Fall,0,2,1,442
7841,39,Female,42991,18,33,41,28,0,1,88,0,Desktop,Firefox,Winter,0,2,0,0
7842,44,Female,125711,13,96,4,25,0,8,53,1,Desktop,Firefox,Summer,0,5,0,0
7843,36,Female,46081,18,83,26,28,8,9,109,0,Desktop,Firefox,Winter,0,1,1,63
7844,62,Male,142761,16,97,39,19,6,7,45,0,Tablet,Safari,Summer,0,2,0,0
7845,29,Female,133094,16,10,45,5,8,0,353,1,Desktop,Firefox,Fall,0,4,0,0
7846,37,Male,77304,10,116,42,10,2,9,161,0,Tablet,Firefox,Fall,0,5,0,0
7847,18,Male,35642,9,80,44,23,2,7,285,0,Tablet,Safari,Spring,1,1,0,0
7848,38,Female,147310,8,55,42,25,13,8,304,1,Tablet,Edge,Summer,1,3,1,383
7849,62,Female,95103,19,84,11,19,1,3,82,0,Tablet,Chrome,Spring,0,5,1,466
7850,18,Male,127163,3,114,11,4,1,6,315,0,Desktop,Safari,Spring,0,4,0,0
7851,27,Male,124072,9,42,38,13,10,3,318,1,Tablet,Chrome,Spring,1,3,1,42
7852,64,Female,137062,2,77,38,13,8,2,255,0,Desktop,Chrome,Winter,0,3,1,188
7853,49,Male,138778,19,26,20,17,1,0,291,0,Mobile,Safari,Spring,1,5,0,0
7854,56,Male,37399,8,101,26,18,3,1,315,0,Mobile,Firefox,Fall,0,5,1,487
7855,39,Male,53103,18,94,38,19,10,6,187,0,Tablet,Safari,Winter,1,1,0,0
7856,35,Male,131257,8,58,12,26,3,5,89,0,Mobile,Firefox,Spring,0,3,1,400
7857,63,Female,35330,5,44,29,23,8,7,25,0,Mobile,Safari,Spring,1,5,1,242
7858,49,Female,36464,6,11,14,23,13,2,53,0,Mobile,Edge,Winter,0,2,0,0
7859,44,Male,22134,10,114,25,17,2,5,78,1,Tablet,Chrome,Summer,0,2,0,0
7860,45,Male,144679,15,100,42,25,9,5,114,0,Mobile,Safari,Fall,0,5,1,197
7861,35,Male,69409,4,44,42,3,13,1,348,1,Tablet,Chrome,Winter,0,5,1,408
7862,56,Female,115198,3,111,39,13,14,0,312,0,Desktop,Safari,Spring,0,1,1,35
7863,46,Female,20184,9,28,26,13,1,1,258,1,Mobile,Edge,Fall,0,5,0,0
7864,35,Male,115923,16,45,10,3,11,8,145,1,Tablet,Safari,Fall,0,2,1,195
7865,61,Male,141529,16,55,14,2,14,5,196,0,Desktop,Firefox,Winter,0,5,1,156
7866,25,Male,69274,15,43,5,15,2,2,304,0,Mobile,Safari,Winter,0,5,1,446
7867,48,Female,126360,9,106,22,3,13,9,348,0,Mobile,Firefox,Fall,1,3,1,118
7868,51,Male,92799,17,118,11,22,8,6,102,0,Tablet,Safari,Summer,0,3,1,220
7869,24,Male,139388,12,105,29,16,4,0,290,1,Mobile,Edge,Winter,0,5,0,0
7870,53,Male,75810,8,87,7,29,4,7,352,0,Mobile,Chrome,Summer,0,2,0,0
7871,35,Male,98727,14,47,18,10,6,9,169,0,Tablet,Safari,Winter,1,4,0,0
7872,55,Male,89050,18,73,31,20,13,6,95,0,Desktop,Firefox,Winter,0,4,1,112
7873,26,Female,140321,12,98,43,2,0,2,262,0,Desktop,Edge,Summer,0,5,0,0
7874,26,Female,52734,14,63,20,15,9,3,262,1,Mobile,Firefox,Summer,0,5,0,0
7875,63,Female,91613,5,29,35,8,4,6,28,0,Tablet,Edge,Winter,0,3,0,0
7876,25,Male,70546,1,98,7,13,8,3,136,0,Desktop,Safari,Summer,0,3,0,0
7877,52,Female,55120,13,29,30,1,13,4,129,0,Desktop,Chrome,Winter,0,4,1,157
7878,35,Male,68484,14,77,4,26,13,0,336,0,Desktop,Safari,Fall,0,3,0,0
7879,22,Female,80563,2,95,30,24,5,4,274,0,Desktop,Firefox,Fall,1,1,0,0
7880,31,Female,95036,16,28,30,2,11,9,222,1,Tablet,Edge,Fall,0,5,1,118
7881,45,Male,100528,5,66,30,9,7,9,336,1,Desktop,Safari,Winter,0,3,0,0
7882,47,Male,75113,1,108,18,29,9,3,123,1,Desktop,Edge,Summer,1,2,1,127
7883,21,Male,73096,12,47,43,20,7,2,92,0,Desktop,Firefox,Spring,0,4,1,154
7884,56,Female,30133,19,63,46,20,0,8,11,1,Mobile,Edge,Spring,0,3,0,0
7885,37,Male,26405,10,58,10,23,7,0,6,0,Desktop,Safari,Spring,0,3,1,200
7886,42,Female,50269,12,106,14,19,5,9,228,0,Mobile,Firefox,Spring,0,2,0,0
7887,45,Female,102410,19,83,36,12,3,4,22,0,Desktop,Safari,Fall,0,3,0,0
7888,29,Female,116993,16,106,23,12,2,9,215,1,Tablet,Safari,Summer,0,2,1,250
7889,19,Male,135742,17,30,12,10,4,1,284,0,Tablet,Safari,Winter,0,1,1,354
7890,60,Male,37085,13,58,12,19,14,4,115,0,Tablet,Chrome,Fall,0,1,0,0
7891,31,Male,55702,7,65,34,20,12,4,214,1,Mobile,Edge,Fall,0,1,1,87
7892,39,Female,140075,3,98,26,10,4,9,141,1,Mobile,Firefox,Spring,0,3,1,334
7893,48,Female,99883,5,79,6,19,6,0,179,1,Desktop,Chrome,Winter,0,1,0,0
7894,40,Male,33502,4,97,37,26,8,3,1,0,Tablet,Chrome,Fall,0,4,1,196
7895,37,Female,66479,15,83,15,24,10,6,29,0,Desktop,Chrome,Summer,0,3,1,464
7896,55,Female,99384,17,48,42,9,0,0,298,1,Desktop,Edge,Summer,0,5,0,0
7897,21,Female,107957,12,13,39,29,13,9,285,0,Tablet,Safari,Spring,1,5,0,0
7898,32,Male,34426,14,46,19,29,8,1,350,0,Desktop,Firefox,Fall,0,1,1,66
7899,41,Female,90231,4,33,40,5,2,3,316,0,Mobile,Firefox,Winter,0,4,1,285
7900,42,Female,134507,17,83,47,28,5,9,105,1,Mobile,Chrome,Summer,0,1,1,67
7901,18,Male,35860,11,85,23,29,5,1,162,0,Tablet,Edge,Spring,0,2,0,0
7902,24,Male,66865,6,84,36,29,3,1,40,1,Tablet,Chrome,Winter,1,3,1,273
7903,48,Male,67404,4,62,13,3,13,0,349,0,Tablet,Chrome,Fall,0,5,0,0
7904,29,Male,111246,13,90,31,23,1,1,222,0,Tablet,Chrome,Spring,0,4,1,346
7905,59,Male,77423,15,108,37,19,4,2,52,0,Desktop,Firefox,Fall,0,4,1,392
7906,22,Male,110947,18,67,26,22,2,3,64,0,Desktop,Chrome,Winter,0,3,0,0
7907,61,Female,94379,17,53,43,27,3,0,4,0,Tablet,Safari,Fall,1,1,1,82
7908,59,Female,51152,19,111,48,4,5,0,18,1,Tablet,Chrome,Winter,0,1,1,314
7909,55,Female,135104,10,15,18,23,10,6,342,1,Desktop,Firefox,Fall,0,1,0,0
7910,29,Female,101109,5,106,47,14,6,4,10,1,Desktop,Safari,Fall,1,5,1,122
7911,56,Male,123870,12,93,33,6,1,6,270,0,Mobile,Firefox,Winter,0,2,0,0
7912,35,Female,50737,15,58,40,13,10,9,351,0,Desktop,Safari,Summer,0,4,1,115
7913,19,Male,74325,4,34,32,28,14,8,99,1,Tablet,Chrome,Spring,0,2,0,0
7914,27,Male,58767,8,70,4,7,2,0,302,0,Tablet,Safari,Winter,0,3,0,0
7915,32,Female,113792,17,69,41,12,11,7,194,1,Mobile,Firefox,Winter,0,2,1,20
7916,47,Female,122170,6,106,19,28,6,9,317,1,Mobile,Safari,Spring,0,4,1,214
7917,61,Male,61705,16,62,7,20,12,3,34,0,Mobile,Edge,Fall,1,1,0,0
7918,34,Male,22002,5,61,47,28,4,8,349,0,Desktop,Safari,Summer,1,1,0,0
7919,21,Male,102159,14,41,35,28,3,1,326,1,Desktop,Safari,Spring,0,5,1,462
7920,24,Male,80237,2,58,26,14,3,8,65,0,Tablet,Edge,Winter,0,5,1,165
7921,58,Female,136632,17,77,44,13,8,7,163,1,Tablet,Edge,Winter,1,5,0,0
7922,48,Male,75713,6,73,23,11,14,5,176,1,Mobile,Firefox,Spring,1,4,1,32
7923,56,Female,61815,11,118,34,6,8,4,47,1,Mobile,Safari,Fall,0,5,0,0
7924,51,Male,84997,2,28,7,26,9,2,218,1,Desktop,Safari,Spring,0,5,0,0
7925,23,Male,80859,1,67,11,7,6,0,221,1,Tablet,Chrome,Summer,0,2,0,0
7926,55,Male,134229,5,95,8,10,0,5,11,1,Tablet,Edge,Winter,0,2,1,151
7927,62,Female,145526,8,98,13,24,0,9,190,0,Mobile,Safari,Winter,1,2,0,0
7928,51,Male,83236,4,55,32,26,2,4,86,1,Desktop,Chrome,Spring,0,5,1,161
7929,61,Female,107787,19,19,41,15,2,7,33,0,Tablet,Safari,Spring,1,5,0,0
7930,32,Female,137882,5,51,34,9,6,0,95,0,Tablet,Firefox,Winter,0,3,0,0
7931,31,Female,98243,5,77,18,3,11,9,330,1,Desktop,Safari,Winter,0,5,1,446
7932,23,Male,109653,16,50,15,5,13,0,181,1,Mobile,Safari,Summer,0,5,1,68
7933,54,Female,42743,18,105,43,28,12,6,284,0,Mobile,Chrome,Fall,0,5,1,10
7934,49,Female,76739,11,34,24,10,1,7,23,0,Desktop,Firefox,Winter,1,2,0,0
7935,20,Male,139492,17,117,47,15,7,9,49,0,Desktop,Chrome,Fall,0,5,1,416
7936,20,Male,96326,3,83,21,3,0,0,332,0,Desktop,Chrome,Winter,1,2,1,87
7937,39,Female,133605,18,24,18,21,10,8,221,0,Tablet,Firefox,Fall,0,2,0,0
7938,39,Female,118156,4,61,14,18,12,6,2,0,Desktop,Firefox,Spring,0,4,0,0
7939,27,Male,101132,19,53,19,3,14,6,77,1,Mobile,Safari,Summer,0,5,0,0
7940,20,Female,50339,9,60,13,7,7,7,356,0,Tablet,Chrome,Winter,0,2,0,0
7941,29,Female,54121,5,60,16,24,8,7,111,0,Desktop,Chrome,Fall,0,2,1,487
7942,46,Female,62995,4,29,2,21,13,0,154,1,Desktop,Firefox,Spring,1,2,0,0
7943,34,Male,72032,16,13,34,14,4,3,145,1,Desktop,Safari,Winter,0,5,1,344
7944,24,Female,134132,10,113,49,16,10,8,299,0,Mobile,Firefox,Winter,0,3,0,0
7945,30,Male,69831,9,26,26,19,3,2,97,0,Mobile,Safari,Summer,0,5,1,444
7946,19,Male,61446,16,81,22,4,5,5,315,1,Mobile,Edge,Fall,0,5,0,0
7947,21,Male,138308,17,41,20,3,5,3,214,0,Tablet,Safari,Winter,1,3,0,0
7948,27,Female,146530,18,32,29,3,7,0,322,1,Mobile,Safari,Spring,1,5,0,0
7949,56,Male,65678,15,18,18,9,7,2,74,0,Desktop,Edge,Winter,0,4,0,0
7950,41,Female,144318,9,34,29,4,0,2,295,0,Mobile,Chrome,Fall,1,4,1,369
7951,34,Male,40698,6,43,42,22,8,2,26,1,Tablet,Firefox,Spring,0,5,0,0
7952,23,Female,125168,6,61,44,19,9,5,222,0,Mobile,Safari,Fall,0,4,1,155
7953,36,Female,100252,11,9,27,24,0,8,203,0,Tablet,Firefox,Winter,0,2,0,0
7954,22,Female,116342,3,16,35,28,2,6,278,1,Desktop,Safari,Spring,0,1,0,0
7955,49,Male,103404,12,39,29,11,6,6,344,1,Tablet,Chrome,Spring,1,5,1,184
7956,27,Female,67918,15,45,6,15,4,0,29,0,Mobile,Edge,Fall,1,3,0,0
7957,26,Female,116666,7,67,37,4,5,8,115,0,Desktop,Firefox,Winter,0,2,1,221
7958,44,Male,135378,18,46,25,29,12,3,266,1,Mobile,Chrome,Spring,0,3,1,258
7959,30,Male,77235,15,69,21,8,7,7,110,0,Mobile,Safari,Spring,1,3,0,0
7960,36,Female,26125,8,114,31,2,3,0,153,1,Desktop,Chrome,Winter,1,1,1,245
7961,38,Male,127508,9,69,40,25,13,7,118,1,Desktop,Chrome,Fall,0,4,1,230
7962,41,Male,141356,15,110,16,18,13,8,123,0,Mobile,Firefox,Fall,0,3,0,0
7963,55,Male,147422,16,47,14,3,3,4,205,0,Desktop,Edge,Winter,1,5,0,0
7964,21,Female,120651,3,64,6,3,7,6,322,0,Mobile,Safari,Fall,0,5,1,13
7965,41,Male,67511,5,24,11,21,2,9,251,1,Tablet,Edge,Winter,1,2,0,0
7966,52,Female,122012,3,102,27,19,12,1,134,0,Tablet,Safari,Summer,0,2,1,302
7967,20,Male,49046,2,102,38,12,5,0,252,1,Mobile,Chrome,Spring,1,3,1,488
7968,21,Male,108296,2,67,5,24,3,5,1,0,Tablet,Firefox,Fall,0,1,0,0
7969,54,Female,142618,4,28,15,14,5,8,284,0,Mobile,Firefox,Spring,1,4,0,0
7970,57,Male,30114,3,96,38,26,3,0,214,0,Desktop,Firefox,Summer,0,1,0,0
7971,52,Male,20637,9,79,16,23,1,9,124,0,Tablet,Edge,Summer,1,1,0,0
7972,48,Male,58634,12,76,18,27,9,0,197,1,Desktop,Edge,Spring,0,2,1,139
7973,61,Male,108713,9,39,33,13,14,3,20,0,Mobile,Chrome,Winter,0,4,1,44
7974,42,Female,55776,19,45,35,16,10,9,332,0,Mobile,Safari,Fall,1,3,0,0
7975,57,Female,43600,12,20,24,17,10,5,347,0,Tablet,Safari,Fall,1,1,1,130
7976,30,Female,101787,16,84,35,22,2,8,314,0,Desktop,Firefox,Summer,1,3,1,340
7977,21,Female,46809,1,110,7,18,10,1,169,1,Mobile,Firefox,Summer,0,2,0,0
7978,63,Female,43756,10,10,14,13,7,4,98,1,Mobile,Firefox,Winter,0,3,0,0
7979,31,Female,79469,10,24,30,29,12,6,146,0,Desktop,Chrome,Winter,0,5,1,435
7980,30,Female,58368,4,60,24,24,0,3,162,0,Desktop,Firefox,Spring,1,4,1,458
7981,44,Male,97185,11,79,15,26,10,5,66,1,Mobile,Safari,Fall,0,1,0,0
7982,23,Female,147169,11,12,13,13,9,5,245,0,Desktop,Edge,Winter,1,2,0,0
7983,34,Female,96902,11,88,19,8,5,3,359,1,Tablet,Firefox,Fall,0,3,1,213
7984,53,Female,31880,6,100,29,7,8,3,321,0,Desktop,Chrome,Summer,0,2,0,0
7985,57,Male,103319,15,101,22,8,0,8,126,1,Tablet,Edge,Spring,1,5,1,331
7986,52,Female,145214,2,10,2,17,12,0,220,0,Desktop,Safari,Spring,0,2,0,0
7987,34,Female,77155,3,96,39,24,3,4,361,0,Mobile,Edge,Spring,1,4,1,363
7988,58,Female,136193,5,12,13,1,6,8,283,0,Mobile,Edge,Winter,1,4,1,219
7989,19,Male,107762,11,66,36,3,5,8,30,1,Desktop,Safari,Winter,0,4,1,305
7990,30,Female,126745,12,18,38,4,5,8,86,1,Desktop,Firefox,Winter,0,5,1,120
7991,19,Male,85316,3,7,18,19,8,1,332,0,Mobile,Chrome,Winter,1,4,0,0
7992,45,Male,90856,9,6,15,28,7,6,256,1,Desktop,Safari,Summer,1,5,0,0
7993,60,Male,28727,3,26,35,2,12,9,225,1,Mobile,Chrome,Summer,0,1,0,0
7994,43,Male,97260,2,101,17,29,12,7,297,0,Mobile,Edge,Fall,1,5,0,0
7995,39,Female,59211,6,111,48,11,4,0,240,1,Mobile,Edge,Spring,1,3,1,294
7996,64,Male,105469,6,89,13,29,10,1,257,0,Tablet,Edge,Summer,1,4,0,0
7997,60,Male,98930,17,74,22,11,13,0,133,0,Tablet,Chrome,Fall,0,2,1,209
7998,20,Female,125256,8,108,40,19,11,8,133,1,Tablet,Safari,Fall,0,5,1,50
7999,52,Male,61417,1,75,21,25,10,9,71,1,Mobile,Safari,Winter,0,1,1,489
8000,29,Male,104658,8,10,26,28,1,4,340,0,Mobile,Edge,Fall,0,3,0,0
8001,41,Male,121673,15,54,46,2,11,3,282,1,Desktop,Chrome,Fall,1,1,1,329
8002,22,Male,82827,18,48,4,5,2,7,305,1,Tablet,Firefox,Winter,0,1,0,0
8003,37,Male,51437,13,12,7,19,11,2,326,1,Mobile,Safari,Summer,0,3,0,0
8004,56,Male,40519,8,28,10,29,9,7,90,0,Desktop,Firefox,Summer,1,4,0,0
8005,56,Female,27983,18,31,15,9,2,2,317,1,Desktop,Edge,Summer,0,2,0,0
8006,30,Female,64656,13,57,26,7,3,5,259,0,Tablet,Edge,Winter,0,3,1,427
8007,58,Female,138099,14,55,16,26,1,3,167,0,Tablet,Edge,Fall,0,4,0,0
8008,62,Female,25635,15,32,40,12,7,7,78,0,Tablet,Safari,Winter,0,4,1,262
8009,29,Male,122373,6,63,34,28,14,6,177,0,Mobile,Firefox,Fall,0,5,1,48
8010,30,Male,124555,1,73,17,19,7,4,270,0,Mobile,Safari,Spring,1,4,0,0
8011,27,Male,129883,7,87,38,18,13,2,20,0,Tablet,Firefox,Spring,0,3,0,0
8012,50,Female,137873,1,77,16,28,12,4,137,0,Desktop,Chrome,Spring,0,4,0,0
8013,57,Female,39622,15,29,34,18,11,3,191,0,Mobile,Safari,Summer,0,5,1,124
8014,33,Male,143140,6,48,29,21,7,7,262,0,Mobile,Firefox,Summer,0,5,1,382
8015,62,Male,124041,5,51,18,9,9,4,102,0,Tablet,Chrome,Winter,0,2,1,472
8016,52,Female,94975,12,113,11,2,13,9,105,0,Mobile,Firefox,Summer,0,3,0,0
8017,20,Female,113445,3,17,12,2,14,9,299,0,Tablet,Edge,Winter,0,3,1,162
8018,22,Female,80666,14,57,37,15,4,4,320,0,Mobile,Safari,Winter,0,2,1,121
8019,43,Female,120877,6,57,2,24,14,1,97,1,Desktop,Chrome,Summer,0,3,1,264
8020,28,Male,76005,4,41,18,16,9,8,300,1,Mobile,Chrome,Summer,0,1,0,0
8021,24,Female,118429,15,67,38,28,5,5,5,0,Tablet,Safari,Winter,0,5,1,178
8022,27,Female,127725,17,70,33,14,13,0,141,1,Desktop,Firefox,Winter,0,1,0,0
8023,59,Male,31403,5,119,9,19,5,2,143,1,Desktop,Safari,Winter,0,4,0,0
8024,51,Male,80477,6,44,15,15,6,3,237,0,Tablet,Edge,Fall,1,2,1,451
8025,20,Male,119610,10,82,28,3,0,9,184,1,Desktop,Firefox,Summer,0,1,1,222
8026,25,Female,120405,9,65,8,6,9,9,201,1,Mobile,Safari,Winter,1,4,0,0
8027,48,Female,132985,4,99,46,6,2,1,346,0,Desktop,Safari,Spring,0,3,1,490
8028,28,Female,85035,9,10,36,22,10,9,30,1,Desktop,Safari,Winter,0,3,1,155
8029,62,Female,52903,8,29,39,21,2,3,312,0,Desktop,Firefox,Fall,1,4,0,0
8030,24,Male,112489,3,107,8,20,10,1,124,1,Mobile,Firefox,Summer,0,4,1,80
8031,62,Male,27311,1,50,42,28,6,5,324,0,Desktop,Edge,Winter,0,4,0,0
8032,19,Female,70611,5,35,19,9,13,9,125,1,Mobile,Edge,Spring,0,4,1,481
8033,23,Female,117561,3,106,4,11,5,8,303,0,Desktop,Edge,Summer,0,4,1,365
8034,58,Female,40615,4,84,27,4,8,0,284,0,Tablet,Firefox,Fall,0,2,0,0
8035,49,Male,76808,19,67,13,14,8,4,293,1,Mobile,Chrome,Winter,1,4,0,0
8036,37,Female,53580,15,95,38,13,8,8,330,0,Mobile,Chrome,Winter,1,3,1,155
8037,51,Male,77052,19,98,21,15,12,6,73,1,Mobile,Firefox,Summer,0,3,0,0
8038,33,Female,143731,16,72,26,17,3,5,251,0,Desktop,Firefox,Summer,1,2,0,0
8039,42,Male,111856,8,43,45,8,14,6,127,1,Mobile,Edge,Winter,1,4,1,400
8040,29,Male,62898,14,84,23,11,2,8,292,0,Tablet,Chrome,Winter,0,5,0,0
8041,24,Female,43952,5,40,30,24,14,2,222,0,Tablet,Safari,Fall,0,3,1,221
8042,56,Male,102790,1,11,31,11,3,7,331,1,Desktop,Safari,Summer,1,4,1,47
8043,34,Male,35227,19,89,31,16,2,0,153,0,Mobile,Firefox,Summer,0,5,1,147
8044,62,Female,33760,5,70,16,3,6,9,331,0,Desktop,Safari,Fall,0,5,0,0
8045,28,Male,28826,3,59,42,25,10,5,297,0,Tablet,Firefox,Winter,0,1,1,82
8046,23,Female,99475,17,76,41,23,2,8,183,0,Desktop,Chrome,Summer,1,5,1,71
8047,40,Male,118972,7,46,7,15,14,0,69,1,Tablet,Firefox,Summer,0,5,0,0
8048,44,Male,103213,17,31,17,13,0,4,219,1,Tablet,Chrome,Fall,0,3,0,0
8049,63,Male,80432,13,6,24,7,7,7,57,0,Desktop,Safari,Fall,0,5,0,0
8050,23,Male,93996,14,74,20,5,5,9,3,0,Tablet,Firefox,Winter,0,5,0,0
8051,55,Female,78204,12,8,39,28,4,5,304,0,Tablet,Firefox,Winter,0,3,0,0
8052,19,Female,28673,11,25,27,12,7,5,59,1,Tablet,Edge,Summer,0,1,1,490
8053,39,Female,113402,1,5,2,3,10,2,292,0,Mobile,Firefox,Fall,0,1,0,0
8054,37,Male,56158,3,42,1,26,7,7,183,0,Tablet,Chrome,Spring,0,4,1,306
8055,42,Male,94989,12,64,34,12,2,0,79,0,Desktop,Safari,Fall,1,4,0,0
8056,32,Female,35904,9,80,27,5,2,3,333,1,Mobile,Firefox,Summer,0,5,1,497
8057,46,Female,145212,2,95,37,19,9,7,169,1,Mobile,Safari,Summer,0,5,1,208
8058,25,Female,35396,14,18,6,29,6,5,74,0,Desktop,Chrome,Spring,1,4,0,0
8059,54,Female,142982,5,83,38,19,2,8,59,0,Tablet,Safari,Fall,0,4,0,0
8060,50,Male,113906,3,92,27,1,8,0,162,0,Desktop,Firefox,Spring,0,5,0,0
8061,39,Female,107469,12,86,48,20,7,1,30,0,Desktop,Firefox,Spring,0,3,0,0
8062,64,Male,74039,12,21,16,25,7,0,89,0,Tablet,Chrome,Spring,0,3,0,0
8063,22,Female,115885,7,77,35,12,8,3,318,0,Tablet,Safari,Summer,0,3,1,251
8064,56,Male,24334,1,51,27,22,7,8,70,0,Mobile,Firefox,Spring,1,4,1,285
8065,35,Female,116996,3,86,35,22,3,3,311,1,Mobile,Chrome,Winter,0,1,1,297
8066,55,Female,47268,11,60,36,6,6,8,357,1,Tablet,Safari,Summer,0,4,0,0
8067,54,Male,84636,13,57,38,29,13,5,100,0,Tablet,Firefox,Winter,0,3,1,105
8068,47,Male,42068,10,22,28,21,5,4,96,0,Desktop,Chrome,Winter,1,2,1,444
8069,48,Female,48247,19,73,3,18,0,9,278,0,Tablet,Edge,Summer,0,3,0,0
8070,27,Male,85121,4,52,41,21,11,3,353,0,Tablet,Chrome,Summer,0,2,0,0
8071,32,Female,143761,5,13,31,16,4,9,22,1,Tablet,Chrome,Fall,0,3,0,0
8072,59,Male,108670,11,58,3,11,1,1,356,1,Tablet,Chrome,Summer,0,3,0,0
8073,61,Female,36285,9,39,38,10,8,7,82,0,Tablet,Chrome,Spring,0,2,1,490
8074,35,Female,120539,13,112,24,3,14,2,220,0,Desktop,Safari,Fall,0,3,0,0
8075,40,Female,106903,17,50,26,26,10,0,279,0,Tablet,Edge,Spring,1,2,1,94
8076,50,Female,148255,15,5,41,27,14,9,74,0,Desktop,Firefox,Winter,0,2,0,0
8077,33,Female,44136,13,45,47,18,14,6,66,1,Desktop,Safari,Summer,0,4,0,0
8078,55,Female,80378,11,77,28,12,12,7,270,0,Mobile,Chrome,Winter,0,1,1,236
8079,52,Female,57787,1,36,9,14,2,6,147,1,Desktop,Firefox,Fall,0,4,1,388
8080,51,Female,44425,8,88,37,4,11,3,325,0,Mobile,Chrome,Winter,0,1,0,0
8081,45,Male,115001,5,81,27,10,14,7,250,1,Tablet,Edge,Fall,0,1,0,0
8082,19,Male,38961,16,44,48,25,14,9,176,1,Mobile,Chrome,Spring,0,3,1,335
8083,47,Male,53443,4,15,3,7,11,3,96,0,Tablet,Firefox,Summer,0,2,0,0
8084,30,Female,38823,19,66,41,16,6,4,330,0,Tablet,Safari,Spring,0,1,1,452
8085,58,Female,95409,18,50,49,26,1,7,133,1,Mobile,Edge,Fall,0,1,0,0
8086,33,Female,91123,2,52,28,9,6,1,206,0,Desktop,Edge,Fall,0,1,1,51
8087,22,Male,124249,13,47,32,3,12,9,234,1,Tablet,Firefox,Spring,0,2,1,99
8088,45,Male,45852,16,55,35,2,3,7,171,0,Mobile,Edge,Spring,0,5,1,324
8089,56,Male,57535,8,65,7,25,10,4,331,1,Desktop,Safari,Spring,1,1,1,402
8090,62,Male,27004,19,46,7,6,5,4,167,0,Desktop,Edge,Summer,0,2,1,457
8091,37,Male,126032,3,30,21,10,14,6,358,0,Tablet,Edge,Spring,1,2,1,74
8092,41,Female,47823,19,108,32,4,8,3,315,0,Desktop,Chrome,Winter,0,5,1,30
8093,44,Male,124913,17,15,38,4,7,2,237,0,Desktop,Chrome,Spring,1,4,1,31
8094,47,Female,74086,9,29,20,10,8,5,238,1,Tablet,Safari,Fall,0,1,1,481
8095,62,Female,138336,17,44,8,10,13,5,94,1,Desktop,Chrome,Fall,1,5,1,110
8096,44,Female,27131,1,29,4,13,4,9,180,1,Mobile,Edge,Fall,0,5,0,0
8097,43,Male,103232,4,88,26,6,4,5,350,0,Desktop,Safari,Spring,0,4,0,0
8098,24,Male,45649,15,110,15,7,3,6,239,1,Mobile,Safari,Spring,0,1,1,216
8099,59,Female,24099,12,117,6,28,8,3,203,0,Desktop,Firefox,Summer,1,5,0,0
8100,64,Male,70806,17,79,48,27,13,2,214,0,Tablet,Chrome,Spring,0,5,0,0
8101,55,Male,51571,12,112,32,26,9,2,266,0,Desktop,Firefox,Fall,0,4,1,129
8102,22,Female,50580,16,78,5,5,7,2,107,0,Mobile,Firefox,Spring,1,5,1,339
8103,40,Female,134163,13,56,44,15,5,1,339,1,Desktop,Chrome,Winter,0,3,1,180
8104,45,Female,146627,11,117,46,8,9,5,271,1,Tablet,Firefox,Spring,1,1,0,0
8105,51,Female,114200,15,7,6,10,13,0,316,0,Desktop,Edge,Spring,1,1,0,0
8106,32,Female,101118,16,43,3,12,13,5,35,0,Desktop,Chrome,Fall,0,4,0,0
8107,49,Male,46469,6,95,29,17,5,7,35,0,Mobile,Chrome,Summer,0,5,1,321
8108,43,Female,85179,11,39,19,16,5,5,1,0,Desktop,Firefox,Fall,0,3,0,0
8109,48,Male,107938,15,117,10,1,5,1,47,0,Mobile,Chrome,Fall,0,3,0,0
8110,36,Male,135973,5,44,7,4,6,6,109,1,Tablet,Chrome,Spring,0,3,1,381
8111,26,Female,44236,3,99,45,8,5,2,111,1,Desktop,Chrome,Fall,1,5,0,0
8112,46,Female,45110,2,89,1,27,7,8,245,0,Tablet,Edge,Spring,1,2,1,417
8113,56,Male,43430,1,26,1,24,6,7,274,1,Tablet,Chrome,Spring,0,4,1,474
8114,21,Female,64407,15,66,17,6,1,5,26,1,Mobile,Firefox,Winter,1,2,1,112
8115,20,Male,57948,2,23,22,21,9,0,316,0,Desktop,Safari,Fall,1,4,0,0
8116,46,Female,103299,6,18,36,10,3,1,146,0,Mobile,Firefox,Spring,0,1,0,0
8117,28,Female,134496,12,105,14,26,13,7,319,0,Mobile,Edge,Summer,0,1,1,393
8118,50,Male,102565,16,119,6,18,10,5,41,1,Mobile,Safari,Summer,0,5,1,187
8119,55,Male,77367,14,113,30,13,6,0,210,1,Desktop,Safari,Winter,0,4,0,0
8120,28,Female,58180,4,54,46,5,1,8,43,1,Mobile,Safari,Spring,1,2,1,184
8121,44,Female,24652,8,66,47,12,3,7,224,1,Tablet,Edge,Fall,0,1,1,245
8122,50,Female,92370,12,91,33,21,1,1,294,1,Desktop,Chrome,Fall,0,5,0,0
8123,38,Male,122755,14,94,20,18,14,9,250,1,Tablet,Safari,Fall,1,1,1,419
8124,56,Female,108023,13,47,16,8,1,4,155,1,Mobile,Edge,Winter,0,2,1,499
8125,48,Female,147845,5,59,4,14,13,2,177,0,Mobile,Chrome,Spring,0,4,1,347
8126,55,Female,27084,12,112,34,15,6,0,312,1,Tablet,Edge,Summer,0,3,1,217
8127,63,Female,65630,10,44,1,26,10,6,177,1,Tablet,Edge,Spring,0,1,0,0
8128,19,Male,73276,19,16,13,5,14,8,212,1,Mobile,Edge,Winter,1,4,0,0
8129,44,Male,100228,13,69,48,5,1,6,188,1,Desktop,Chrome,Fall,0,1,1,172
8130,53,Male,135052,9,118,8,28,3,2,355,1,Desktop,Chrome,Winter,0,4,1,389
8131,28,Female,22655,11,38,22,17,6,5,87,0,Mobile,Firefox,Summer,1,2,1,298
8132,64,Female,77752,5,112,4,13,5,2,312,0,Mobile,Safari,Winter,0,3,1,221
8133,35,Female,125737,13,87,34,17,3,3,204,0,Tablet,Firefox,Summer,0,1,0,0
8134,18,Male,119618,10,27,45,11,8,0,117,0,Tablet,Edge,Summer,0,5,1,446
8135,52,Male,67670,18,75,37,1,4,1,227,0,Mobile,Chrome,Fall,0,5,0,0
8136,52,Male,25272,15,11,23,24,1,0,62,1,Mobile,Firefox,Fall,0,1,0,0
8137,48,Male,20218,12,69,20,13,13,9,100,1,Mobile,Chrome,Winter,1,4,1,363
8138,45,Female,116428,4,22,24,26,6,1,170,0,Tablet,Firefox,Summer,0,4,0,0
8139,56,Male,57471,5,12,27,18,9,3,156,0,Mobile,Chrome,Winter,0,1,0,0
8140,18,Male,68762,8,93,13,24,11,5,37,1,Mobile,Chrome,Spring,1,4,1,124
8141,42,Female,41515,5,46,5,29,1,7,276,0,Tablet,Firefox,Fall,0,1,0,0
8142,60,Male,54307,1,97,16,28,7,9,35,0,Tablet,Chrome,Summer,0,2,0,0
8143,55,Female,138121,18,91,38,6,6,8,327,0,Desktop,Edge,Fall,0,3,1,291
8144,37,Female,98681,19,97,48,13,13,9,354,0,Tablet,Safari,Fall,1,4,1,422
8145,20,Female,37986,19,5,29,21,11,6,262,0,Desktop,Firefox,Spring,0,3,1,283
8146,19,Female,104624,10,83,26,22,8,3,19,1,Desktop,Edge,Fall,0,2,1,175
8147,35,Female,90600,9,19,22,20,5,6,362,1,Mobile,Firefox,Spring,0,5,0,0
8148,61,Male,132092,1,32,24,28,6,0,8,0,Mobile,Chrome,Summer,0,2,1,244
8149,27,Male,138336,3,40,13,11,9,9,272,0,Tablet,Firefox,Fall,0,2,1,165
8150,22,Female,135793,13,110,43,19,13,5,24,1,Mobile,Safari,Fall,0,4,0,0
8151,26,Male,74888,6,108,21,27,13,0,141,0,Tablet,Firefox,Winter,1,5,0,0
8152,19,Female,107732,6,100,1,20,8,7,119,0,Mobile,Edge,Winter,1,3,1,281
8153,51,Male,31603,18,50,4,9,6,3,9,0,Desktop,Edge,Spring,1,5,0,0
8154,55,Male,88024,5,81,3,13,8,7,168,0,Desktop,Safari,Winter,0,2,0,0
8155,48,Male,110728,17,25,23,15,7,7,263,1,Mobile,Firefox,Summer,1,5,1,389
8156,27,Male,48897,3,53,16,24,4,1,208,1,Tablet,Safari,Spring,0,4,0,0
8157,29,Male,38802,5,43,45,11,6,5,288,0,Desktop,Firefox,Winter,1,4,0,0
8158,53,Male,36411,3,42,13,24,11,9,60,0,Mobile,Safari,Fall,0,2,0,0
8159,38,Male,80399,13,13,39,16,6,3,349,0,Tablet,Chrome,Winter,0,1,0,0
8160,64,Female,115202,15,24,31,17,0,2,363,1,Mobile,Firefox,Spring,1,5,0,0
8161,23,Female,126511,17,88,24,5,3,8,51,0,Tablet,Firefox,Winter,0,3,1,84
8162,20,Female,80692,15,12,47,22,4,9,40,0,Tablet,Safari,Winter,1,2,0,0
8163,27,Male,77676,5,18,15,14,11,8,335,1,Desktop,Edge,Spring,0,1,0,0
8164,22,Male,32770,14,66,5,15,5,1,267,0,Mobile,Firefox,Spring,1,5,1,93
8165,63,Female,93513,11,88,49,9,6,4,329,0,Desktop,Safari,Summer,0,1,1,294
8166,43,Female,57429,14,39,22,14,4,9,16,1,Desktop,Edge,Spring,0,2,1,177
8167,38,Male,117567,7,59,22,10,1,9,281,0,Desktop,Chrome,Spring,0,5,1,489
8168,62,Female,145041,3,49,11,26,4,6,202,0,Tablet,Edge,Spring,1,1,0,0
8169,43,Female,79429,10,25,24,22,4,8,84,0,Desktop,Edge,Summer,1,1,0,0
8170,55,Female,90085,11,109,45,13,6,7,297,1,Desktop,Edge,Fall,1,4,1,240
8171,61,Female,40337,6,57,10,17,12,9,65,1,Mobile,Edge,Spring,1,2,1,472
8172,43,Male,112901,5,109,47,1,2,3,160,1,Desktop,Safari,Spring,0,3,1,454
8173,25,Female,106181,13,58,34,14,0,2,104,0,Mobile,Firefox,Spring,0,2,0,0
8174,22,Female,133333,12,90,11,12,11,0,351,1,Desktop,Chrome,Fall,0,2,1,101
8175,32,Female,44507,19,47,43,7,5,0,176,0,Tablet,Edge,Spring,0,4,0,0
8176,33,Female,79596,19,10,29,3,11,8,54,1,Tablet,Safari,Summer,0,3,1,78
8177,18,Male,90509,5,59,22,23,6,3,125,0,Mobile,Edge,Winter,1,4,0,0
8178,33,Female,28436,9,48,33,21,10,7,75,1,Mobile,Safari,Summer,0,2,1,125
8179,54,Female,30086,4,95,8,1,9,3,122,0,Desktop,Chrome,Fall,1,1,0,0
8180,20,Female,103276,15,72,49,27,14,5,41,1,Tablet,Edge,Fall,0,1,1,354
8181,64,Female,111054,3,8,32,24,7,3,339,0,Tablet,Firefox,Fall,0,2,1,50
8182,48,Female,39851,7,67,40,13,13,1,61,0,Mobile,Firefox,Winter,0,5,0,0
8183,30,Male,59732,14,96,45,25,6,0,135,1,Desktop,Edge,Winter,0,2,1,323
8184,33,Female,34842,14,95,23,22,14,7,102,0,Tablet,Edge,Summer,1,2,1,370
8185,60,Female,148928,9,62,5,2,6,5,53,1,Mobile,Firefox,Winter,0,5,0,0
8186,38,Male,141755,3,58,31,9,6,0,228,1,Desktop,Chrome,Fall,1,5,1,167
8187,19,Female,146072,9,85,29,18,0,4,353,0,Mobile,Edge,Fall,0,4,0,0
8188,44,Male,115490,4,107,6,22,8,2,100,0,Desktop,Edge,Spring,0,1,1,312
8189,55,Female,21745,17,42,25,26,8,1,317,1,Tablet,Safari,Fall,1,5,1,494
8190,43,Male,32697,6,64,25,4,6,2,349,1,Mobile,Edge,Spring,0,2,0,0
8191,55,Male,112469,16,56,31,16,8,1,35,1,Tablet,Edge,Summer,0,3,1,192
8192,63,Female,23879,18,33,14,6,10,9,259,1,Mobile,Chrome,Winter,1,3,1,11
8193,42,Male,105697,13,44,17,20,3,1,320,0,Mobile,Safari,Spring,0,4,0,0
8194,28,Female,38499,7,75,16,27,6,0,139,0,Tablet,Chrome,Summer,0,3,1,228
8195,25,Male,108177,3,12,28,29,1,2,130,0,Mobile,Edge,Summer,1,1,0,0
8196,25,Male,55035,6,109,9,3,13,2,296,0,Desktop,Edge,Fall,1,2,1,374
8197,50,Female,38651,3,101,2,28,5,3,106,0,Desktop,Safari,Winter,0,3,0,0
8198,24,Male,95224,12,100,4,11,14,2,99,1,Desktop,Safari,Fall,1,1,1,497
8199,55,Female,133369,5,39,20,24,1,7,262,0,Mobile,Chrome,Winter,0,3,0,0
8200,38,Male,96524,17,86,41,29,9,3,354,0,Mobile,Edge,Fall,0,2,1,398
8201,25,Male,109006,10,119,36,5,2,9,21,1,Mobile,Edge,Summer,1,4,1,331
8202,38,Female,57249,7,111,37,1,10,0,224,0,Tablet,Chrome,Fall,0,1,0,0
8203,37,Female,43849,4,20,6,8,12,1,183,0,Mobile,Chrome,Winter,0,5,1,305
8204,25,Male,119233,10,22,1,19,10,6,340,0,Mobile,Safari,Fall,1,5,0,0
8205,63,Female,93309,7,63,45,4,0,5,355,1,Tablet,Edge,Spring,0,3,0,0
8206,48,Female,121628,11,106,3,9,6,8,191,1,Mobile,Edge,Fall,0,5,1,287
8207,46,Male,49076,8,93,37,3,11,5,308,0,Tablet,Chrome,Summer,1,1,0,0
8208,26,Male,90123,8,38,45,5,1,1,293,0,Tablet,Edge,Fall,1,5,0,0
8209,32,Female,53124,5,8,42,28,2,7,198,0,Tablet,Edge,Summer,1,1,1,495
8210,47,Male,35787,5,73,3,16,11,8,245,0,Tablet,Safari,Summer,1,5,1,109
8211,43,Female,73462,7,82,43,8,0,4,9,0,Tablet,Edge,Summer,0,4,1,417
8212,27,Female,105984,4,69,33,6,2,5,123,0,Desktop,Safari,Spring,0,3,1,318
8213,46,Female,91035,2,65,15,3,10,3,32,0,Desktop,Edge,Winter,0,1,1,293
8214,33,Female,23841,19,90,4,16,3,1,358,1,Mobile,Edge,Winter,0,4,0,0
8215,53,Female,64890,2,50,15,8,13,4,112,0,Mobile,Edge,Winter,0,3,0,0
8216,37,Female,147727,16,25,7,13,6,4,212,0,Mobile,Chrome,Winter,1,4,0,0
8217,62,Male,45402,12,81,47,5,5,0,259,1,Mobile,Edge,Winter,0,5,0,0
8218,54,Female,140021,15,116,4,6,0,4,277,0,Mobile,Edge,Summer,0,1,0,0
8219,39,Male,131713,10,104,3,27,10,0,328,1,Tablet,Firefox,Fall,0,2,0,0
8220,24,Female,108591,6,97,23,3,3,2,116,1,Desktop,Firefox,Fall,0,4,1,349
8221,40,Male,125363,13,42,14,8,8,8,238,0,Desktop,Safari,Winter,1,2,0,0
8222,58,Male,86201,6,77,6,4,2,3,175,0,Desktop,Edge,Summer,0,1,1,91
8223,57,Male,117807,2,101,33,25,5,8,21,0,Tablet,Safari,Winter,0,5,1,60
8224,46,Female,43237,14,90,9,21,10,5,298,0,Desktop,Firefox,Fall,0,5,0,0
8225,33,Male,62988,18,85,12,17,1,0,352,0,Tablet,Safari,Spring,0,2,0,0
8226,55,Male,113803,6,64,35,25,4,2,145,0,Desktop,Edge,Spring,1,3,0,0
8227,45,Female,96310,19,91,31,8,8,2,40,1,Tablet,Firefox,Fall,0,2,1,68
8228,55,Male,20553,14,40,3,21,11,3,58,0,Mobile,Edge,Fall,0,2,1,278
8229,48,Male,33860,13,10,46,19,1,9,115,1,Mobile,Safari,Spring,0,2,1,388
8230,31,Female,110439,8,116,36,29,2,3,42,1,Tablet,Safari,Winter,0,2,1,238
8231,50,Male,27045,5,43,13,14,11,7,343,0,Tablet,Chrome,Fall,0,1,0,0
8232,26,Male,94916,13,33,13,9,1,2,313,0,Tablet,Firefox,Winter,0,1,1,84
8233,44,Female,76435,6,31,34,12,1,3,36,1,Desktop,Safari,Fall,1,2,1,179
8234,41,Male,118453,19,73,21,13,5,2,253,0,Mobile,Firefox,Winter,0,2,0,0
8235,30,Male,52261,11,13,34,23,5,6,52,1,Desktop,Chrome,Winter,1,5,0,0
8236,43,Male,134677,16,28,42,28,4,5,345,0,Mobile,Firefox,Winter,0,4,0,0
8237,46,Male,98879,5,67,43,27,13,0,10,1,Desktop,Safari,Spring,0,1,1,243
8238,60,Female,147632,12,23,28,8,1,9,152,1,Desktop,Firefox,Winter,0,3,1,156
8239,45,Female,22853,17,101,47,3,0,0,334,0,Tablet,Chrome,Summer,0,3,0,0
8240,45,Female,95664,2,34,35,22,12,5,148,1,Mobile,Firefox,Winter,0,3,1,180
8241,25,Female,130884,10,62,14,28,12,2,52,0,Desktop,Firefox,Spring,1,4,0,0
8242,40,Male,68022,15,44,18,15,2,8,247,0,Tablet,Firefox,Spring,0,5,1,242
8243,46,Female,22736,19,72,19,20,2,1,270,1,Tablet,Firefox,Fall,1,4,0,0
8244,22,Female,53724,17,36,19,29,8,2,73,1,Tablet,Safari,Winter,0,2,1,196
8245,59,Male,31440,19,117,33,19,3,8,250,0,Tablet,Edge,Fall,0,5,1,297
8246,24,Male,90716,19,69,35,4,13,5,162,1,Desktop,Firefox,Winter,0,5,1,228
8247,59,Male,50284,13,38,20,2,13,0,84,0,Desktop,Chrome,Winter,0,2,0,0
8248,53,Female,126911,13,89,29,5,8,1,323,0,Mobile,Firefox,Fall,1,3,0,0
8249,58,Male,31646,16,35,8,24,12,6,112,0,Desktop,Chrome,Spring,0,3,0,0
8250,44,Male,104565,3,63,25,21,10,5,103,1,Tablet,Edge,Spring,1,1,0,0
8251,63,Male,105694,4,82,17,2,0,0,12,0,Mobile,Chrome,Fall,0,3,0,0
8252,19,Female,34342,7,30,1,7,2,9,298,0,Mobile,Edge,Winter,0,4,0,0
8253,42,Female,123317,3,26,38,24,0,1,227,1,Desktop,Chrome,Fall,0,5,0,0
8254,26,Female,85620,9,38,49,11,5,5,232,0,Mobile,Chrome,Fall,0,1,0,0
8255,44,Female,84261,8,101,30,12,0,5,137,0,Desktop,Safari,Spring,0,1,0,0
8256,18,Female,147932,18,17,28,4,1,5,51,1,Tablet,Edge,Spring,0,3,0,0
8257,40,Female,148397,14,100,33,3,8,8,37,0,Tablet,Firefox,Winter,0,1,0,0
8258,27,Female,21935,5,59,13,8,10,1,150,0,Desktop,Firefox,Winter,0,1,0,0
8259,59,Male,116002,3,12,24,26,0,9,137,1,Tablet,Safari,Fall,0,2,0,0
8260,42,Male,62376,10,66,44,18,3,9,116,1,Desktop,Firefox,Spring,0,3,0,0
8261,20,Male,94798,11,26,37,23,5,8,63,1,Desktop,Safari,Winter,0,3,1,465
8262,23,Female,97140,17,109,22,26,13,8,341,0,Tablet,Chrome,Winter,0,5,1,311
8263,23,Female,62481,8,60,13,24,1,9,329,1,Tablet,Firefox,Fall,0,4,0,0
8264,19,Male,108669,9,88,40,5,0,8,283,1,Mobile,Edge,Spring,1,1,0,0
8265,35,Male,136189,8,25,12,16,3,8,116,0,Tablet,Chrome,Summer,0,1,0,0
8266,40,Female,114203,2,102,41,23,2,2,303,0,Tablet,Edge,Summer,0,4,1,109
8267,19,Female,75721,4,53,49,12,6,9,329,0,Desktop,Edge,Fall,0,4,1,175
8268,29,Female,120777,16,98,46,9,6,8,284,0,Desktop,Firefox,Summer,0,1,1,112
8269,39,Female,119039,9,10,7,29,11,9,35,1,Tablet,Firefox,Spring,0,4,0,0
8270,54,Female,22838,9,39,36,8,13,8,363,1,Mobile,Firefox,Summer,0,2,0,0
8271,37,Female,55330,5,31,29,5,9,2,166,0,Desktop,Chrome,Summer,0,4,1,176
8272,56,Female,98976,3,88,29,20,10,3,96,0,Desktop,Edge,Spring,0,3,0,0
8273,41,Female,122210,14,117,26,19,6,3,169,1,Tablet,Safari,Winter,0,1,1,263
8274,37,Male,119576,15,106,27,15,8,3,323,0,Tablet,Chrome,Spring,1,1,1,69
8275,18,Female,123140,6,44,24,22,8,6,184,0,Tablet,Safari,Winter,0,4,0,0
8276,18,Female,120166,16,18,31,20,3,4,137,1,Tablet,Firefox,Winter,0,5,0,0
8277,34,Female,56994,10,78,7,11,8,6,51,1,Tablet,Edge,Fall,0,2,0,0
8278,18,Male,111875,14,56,17,20,14,5,228,0,Mobile,Firefox,Winter,0,3,0,0
8279,62,Male,50384,12,110,49,13,10,6,77,1,Desktop,Firefox,Fall,1,4,1,96
8280,47,Female,65378,9,83,33,23,6,7,226,0,Mobile,Firefox,Summer,0,5,1,313
8281,58,Male,127318,19,44,34,26,5,5,208,0,Mobile,Chrome,Spring,0,4,0,0
8282,64,Male,52643,12,47,18,13,10,8,163,0,Tablet,Safari,Winter,0,1,1,352
8283,20,Male,36926,13,116,41,21,8,3,16,1,Desktop,Safari,Fall,0,3,1,29
8284,63,Female,58977,13,62,5,17,3,4,168,1,Tablet,Safari,Spring,1,4,0,0
8285,28,Female,137453,17,7,1,29,0,8,325,0,Mobile,Firefox,Spring,0,1,0,0
8286,41,Female,43652,2,19,7,21,5,8,8,0,Desktop,Chrome,Fall,1,2,0,0
8287,39,Female,83295,9,49,34,29,12,1,161,1,Desktop,Firefox,Spring,0,1,0,0
8288,61,Female,30270,8,99,3,16,0,1,222,1,Tablet,Safari,Winter,1,4,1,342
8289,62,Female,102804,7,15,36,22,9,8,166,0,Mobile,Edge,Summer,0,4,0,0
8290,43,Female,81630,5,114,35,17,8,5,312,0,Tablet,Chrome,Winter,0,2,0,0
8291,30,Male,56417,19,43,12,19,13,7,230,1,Desktop,Edge,Spring,0,4,0,0
8292,18,Female,147390,3,23,15,22,4,7,20,0,Tablet,Chrome,Fall,0,5,0,0
8293,41,Female,66894,13,83,4,14,1,7,52,0,Desktop,Edge,Summer,0,2,0,0
8294,27,Female,76042,6,106,33,23,11,4,321,1,Tablet,Firefox,Summer,1,3,0,0
8295,52,Female,83253,11,24,16,7,7,9,66,0,Mobile,Chrome,Summer,0,1,0,0
8296,41,Female,68841,4,90,29,23,9,3,275,0,Mobile,Chrome,Spring,0,3,1,81
8297,45,Female,72723,3,75,6,9,10,2,233,0,Tablet,Chrome,Winter,0,2,1,198
8298,53,Female,40317,4,60,49,2,5,3,352,0,Mobile,Edge,Fall,0,5,1,363
8299,33,Female,75008,3,82,37,19,12,7,276,1,Tablet,Firefox,Fall,0,2,0,0
8300,57,Male,56434,13,8,23,23,2,3,363,1,Desktop,Firefox,Fall,0,5,1,44
8301,33,Male,66125,15,13,13,6,10,7,308,0,Mobile,Chrome,Spring,0,4,0,0
8302,34,Female,100984,12,107,44,1,14,7,142,1,Mobile,Firefox,Spring,0,2,1,12
8303,32,Female,95449,15,29,1,26,1,0,122,0,Mobile,Edge,Winter,0,3,0,0
8304,33,Male,94102,11,51,12,7,9,8,205,1,Desktop,Edge,Spring,0,1,1,19
8305,32,Female,117980,11,103,27,16,10,2,91,0,Mobile,Chrome,Spring,0,2,1,44
8306,51,Female,101141,13,105,25,2,13,5,122,0,Mobile,Safari,Spring,0,1,1,187
8307,28,Male,20557,12,53,22,4,3,2,187,1,Tablet,Safari,Winter,0,2,1,178
8308,18,Female,127776,6,31,34,23,0,8,80,0,Tablet,Chrome,Winter,0,2,1,429
8309,32,Female,64383,19,32,18,20,0,0,156,0,Desktop,Edge,Fall,0,2,0,0
8310,43,Female,26040,19,92,41,22,4,6,259,0,Desktop,Safari,Summer,0,4,0,0
8311,21,Male,66652,3,101,16,14,9,4,127,0,Tablet,Safari,Fall,0,3,0,0
8312,60,Male,119432,16,101,29,29,8,2,4,0,Mobile,Safari,Winter,0,4,0,0
8313,22,Female,136048,9,66,30,11,11,6,213,0,Tablet,Chrome,Winter,0,3,0,0
8314,52,Male,80941,14,20,30,9,4,0,69,1,Tablet,Edge,Fall,0,1,0,0
8315,30,Male,107340,3,91,20,5,5,5,361,1,Desktop,Firefox,Fall,1,4,1,33
8316,27,Male,94828,3,50,47,3,9,6,231,0,Desktop,Chrome,Fall,0,1,1,370
8317,28,Female,46110,7,79,22,22,8,8,279,0,Mobile,Chrome,Summer,0,2,0,0
8318,35,Male,25349,19,50,42,20,2,8,60,0,Tablet,Edge,Summer,0,4,1,314
8319,51,Male,50374,3,44,34,25,11,6,283,0,Mobile,Edge,Spring,0,4,0,0
8320,56,Male,104545,1,87,4,2,14,4,119,0,Desktop,Firefox,Summer,0,2,0,0
8321,58,Female,130623,12,38,31,10,3,6,306,1,Desktop,Chrome,Winter,1,5,1,438
8322,59,Male,62591,6,91,14,21,1,0,268,0,Desktop,Chrome,Summer,0,1,0,0
8323,40,Male,20057,7,14,8,29,13,6,138,0,Mobile,Chrome,Winter,0,3,0,0
8324,24,Female,144007,2,105,37,25,3,9,49,0,Mobile,Safari,Spring,0,3,1,435
8325,56,Male,94039,18,115,5,10,7,3,230,1,Tablet,Edge,Spring,0,3,1,180
8326,20,Male,113829,15,5,8,7,1,1,220,1,Desktop,Chrome,Fall,1,4,0,0
8327,29,Male,140536,15,70,11,15,3,5,363,1,Tablet,Chrome,Summer,0,3,0,0
8328,24,Female,84578,10,119,29,5,7,6,35,0,Desktop,Firefox,Spring,1,3,1,498
8329,43,Female,128497,17,90,21,8,6,6,182,0,Tablet,Safari,Summer,0,2,1,428
8330,50,Male,39121,18,21,39,18,8,7,120,0,Desktop,Safari,Summer,1,1,0,0
8331,54,Male,25493,18,51,13,20,14,4,276,0,Tablet,Chrome,Spring,0,4,0,0
8332,32,Male,148758,15,28,49,29,13,9,268,1,Mobile,Safari,Spring,1,2,1,371
8333,19,Male,122181,6,54,19,6,14,9,259,0,Mobile,Safari,Winter,0,2,0,0
8334,58,Male,87818,9,89,3,23,1,7,258,1,Tablet,Firefox,Summer,1,4,1,441
8335,24,Male,108706,11,108,34,11,3,3,278,0,Desktop,Firefox,Spring,0,2,0,0
8336,49,Female,129679,15,33,38,8,8,9,291,1,Mobile,Safari,Spring,0,5,0,0
8337,21,Male,140196,3,82,19,29,5,0,237,1,Tablet,Firefox,Spring,0,4,1,192
8338,37,Male,21431,19,76,32,4,8,7,244,1,Mobile,Chrome,Fall,0,1,1,398
8339,53,Male,80469,1,98,47,25,8,3,9,0,Tablet,Firefox,Winter,0,4,0,0
8340,49,Female,82241,17,90,36,7,6,4,343,0,Tablet,Edge,Winter,0,2,0,0
8341,45,Male,65294,11,91,39,2,13,3,254,1,Mobile,Chrome,Spring,0,2,1,310
8342,30,Female,120079,18,108,14,15,6,6,273,0,Mobile,Firefox,Spring,0,1,1,20
8343,18,Male,144198,11,119,7,9,7,9,142,0,Tablet,Safari,Spring,1,1,0,0
8344,52,Male,106127,7,17,20,23,1,2,244,1,Tablet,Chrome,Spring,0,5,0,0
8345,47,Male,31351,1,68,32,21,9,1,104,0,Tablet,Firefox,Summer,1,4,0,0
8346,53,Male,52483,12,32,46,19,11,9,186,0,Tablet,Edge,Winter,0,3,0,0
8347,42,Male,51195,4,98,31,25,13,1,36,1,Tablet,Firefox,Winter,0,2,1,58
8348,33,Male,132943,8,9,22,23,6,6,161,0,Mobile,Chrome,Fall,1,3,0,0
8349,36,Female,144208,15,78,5,19,14,9,64,0,Desktop,Firefox,Fall,0,2,1,376
8350,18,Male,122689,11,107,31,5,5,5,141,0,Tablet,Edge,Winter,0,1,1,154
8351,22,Male,42735,8,13,15,19,6,1,162,1,Desktop,Edge,Fall,0,3,0,0
8352,39,Male,35203,12,18,44,3,5,7,133,0,Desktop,Safari,Fall,0,2,1,62
8353,41,Female,23974,3,106,17,12,10,5,111,0,Desktop,Chrome,Fall,0,4,1,202
8354,60,Male,124209,4,14,37,7,2,7,200,0,Tablet,Edge,Fall,1,4,1,489
8355,62,Female,139365,12,37,19,25,4,5,274,0,Mobile,Edge,Summer,0,4,0,0
8356,54,Male,122769,8,79,10,5,2,3,89,0,Desktop,Edge,Fall,0,2,0,0
8357,53,Male,143099,10,44,44,12,5,7,18,0,Tablet,Safari,Winter,0,4,0,0
8358,53,Female,105222,1,10,34,27,14,3,340,0,Mobile,Chrome,Winter,0,5,0,0
8359,21,Female,59713,13,21,49,4,2,5,276,1,Mobile,Edge,Fall,0,5,0,0
8360,53,Male,129362,7,40,25,20,11,4,359,0,Desktop,Chrome,Summer,0,1,0,0
8361,35,Female,144776,3,74,37,19,1,3,360,0,Desktop,Edge,Fall,1,3,1,44
8362,33,Female,32636,16,65,28,13,10,6,340,0,Desktop,Edge,Winter,0,2,0,0
8363,58,Male,55070,12,115,15,15,12,7,260,0,Mobile,Chrome,Fall,1,4,1,18
8364,35,Male,49123,5,78,20,24,3,5,22,1,Mobile,Chrome,Spring,0,4,1,471
8365,39,Male,140973,18,53,13,10,8,0,217,1,Mobile,Safari,Spring,0,1,0,0
8366,19,Female,51812,8,110,20,28,0,6,341,1,Desktop,Safari,Spring,0,2,1,113
8367,38,Male,48760,12,73,43,1,7,3,201,0,Desktop,Chrome,Fall,0,2,1,171
8368,53,Male,24966,3,87,31,3,4,1,265,1,Tablet,Chrome,Fall,0,4,1,186
8369,61,Female,131751,16,75,18,18,1,2,187,1,Tablet,Safari,Summer,0,2,0,0
8370,56,Female,138414,10,28,41,16,13,9,289,0,Desktop,Chrome,Summer,0,4,0,0
8371,64,Male,103962,17,55,48,12,8,3,361,0,Mobile,Chrome,Winter,1,5,0,0
8372,56,Female,99698,10,46,28,16,1,6,263,1,Mobile,Safari,Winter,0,4,0,0
8373,46,Female,36058,3,23,47,11,10,8,66,0,Desktop,Safari,Spring,0,1,0,0
8374,43,Female,61482,2,66,4,11,10,9,97,1,Tablet,Safari,Summer,0,1,1,300
8375,38,Male,129203,14,79,24,28,2,5,291,1,Desktop,Edge,Winter,1,4,1,215
8376,34,Male,22998,9,71,44,23,0,9,93,0,Desktop,Firefox,Fall,0,2,1,33
8377,33,Male,142659,17,34,45,22,0,4,160,0,Mobile,Edge,Fall,0,3,0,0
8378,48,Female,81265,4,111,9,14,1,8,257,0,Desktop,Chrome,Spring,1,5,0,0
8379,26,Male,86445,15,42,47,17,1,7,117,0,Desktop,Safari,Fall,0,3,1,202
8380,48,Male,131033,13,10,32,19,13,7,351,0,Mobile,Edge,Winter,1,5,1,165
8381,31,Female,138821,19,115,32,11,12,7,180,1,Mobile,Edge,Spring,0,5,1,141
8382,54,Female,54648,9,103,39,4,5,7,35,1,Mobile,Chrome,Spring,0,2,1,161
8383,19,Male,80623,4,26,21,10,14,7,296,1,Mobile,Edge,Winter,0,5,1,280
8384,63,Female,98033,8,15,44,27,10,9,295,0,Tablet,Firefox,Spring,1,1,1,289
8385,31,Male,104480,15,76,42,23,7,9,20,0,Tablet,Safari,Winter,0,1,0,0
8386,50,Male,27527,14,95,39,19,11,6,353,0,Desktop,Safari,Fall,1,5,0,0
8387,52,Male,124000,3,33,46,4,3,1,215,0,Mobile,Chrome,Fall,0,4,0,0
8388,56,Female,23072,17,12,27,11,2,1,53,0,Mobile,Chrome,Winter,1,3,1,496
8389,64,Female,32018,8,91,47,7,12,4,140,0,Mobile,Safari,Fall,0,2,0,0
8390,37,Male,49652,14,97,36,20,13,5,136,1,Tablet,Safari,Winter,0,5,1,336
8391,19,Male,24476,13,84,8,9,1,8,169,0,Desktop,Edge,Spring,0,5,0,0
8392,58,Male,129371,15,39,19,28,0,0,122,1,Desktop,Chrome,Summer,1,5,1,398
8393,36,Male,115768,11,76,29,22,7,6,139,1,Desktop,Chrome,Summer,0,1,0,0
8394,54,Female,47482,15,76,19,2,12,6,26,0,Mobile,Safari,Winter,1,1,0,0
8395,35,Male,122793,12,49,5,27,6,7,215,1,Tablet,Firefox,Fall,0,3,0,0
8396,33,Male,82513,9,37,22,1,12,0,38,0,Mobile,Chrome,Spring,0,2,1,449
8397,21,Female,106411,15,110,35,8,14,9,133,1,Mobile,Chrome,Fall,0,5,1,179
8398,29,Male,36219,1,9,10,27,10,3,288,1,Tablet,Chrome,Summer,0,1,1,110
8399,46,Male,50448,12,66,15,19,1,9,197,0,Desktop,Safari,Fall,0,1,1,404
8400,24,Male,99903,6,41,2,23,11,4,112,1,Tablet,Edge,Fall,1,4,0,0
8401,31,Male,45120,1,21,42,16,6,1,143,0,Mobile,Safari,Summer,0,5,0,0
8402,29,Male,26855,19,26,22,14,11,1,363,1,Mobile,Safari,Summer,1,5,0,0
8403,52,Female,76553,13,82,48,4,5,3,308,0,Tablet,Chrome,Fall,0,2,1,32
8404,22,Female,88633,6,106,35,19,7,2,28,0,Tablet,Chrome,Fall,1,4,0,0
8405,34,Female,64585,17,36,39,25,14,6,147,0,Tablet,Firefox,Spring,0,5,0,0
8406,59,Female,105425,13,18,19,22,5,6,310,1,Desktop,Safari,Winter,0,1,0,0
8407,49,Male,21084,9,112,47,22,3,1,81,0,Desktop,Edge,Spring,0,3,1,182
8408,27,Female,118856,8,24,12,6,12,4,15,1,Tablet,Edge,Spring,1,2,1,443
8409,60,Female,41944,15,26,34,15,13,4,269,1,Tablet,Safari,Fall,0,5,0,0
8410,34,Female,53921,18,34,45,13,7,7,215,0,Mobile,Chrome,Spring,0,5,1,173
8411,22,Female,81282,2,58,20,19,0,7,23,1,Tablet,Chrome,Spring,0,1,0,0
8412,62,Female,107393,2,37,7,22,9,3,336,0,Desktop,Firefox,Spring,1,3,0,0
8413,59,Female,71397,11,9,24,4,0,9,190,0,Tablet,Edge,Spring,0,1,1,213
8414,26,Female,149822,1,22,3,2,3,0,281,0,Tablet,Chrome,Fall,1,1,0,0
8415,50,Female,38070,18,67,6,3,0,5,160,0,Tablet,Chrome,Summer,0,3,0,0
8416,53,Male,74987,7,50,33,14,4,6,149,0,Mobile,Chrome,Fall,0,1,1,325
8417,53,Female,135381,17,11,34,4,10,0,284,0,Desktop,Firefox,Spring,0,1,1,299
8418,35,Male,76690,16,33,33,16,8,7,91,0,Tablet,Edge,Winter,1,1,1,205
8419,26,Female,110011,7,61,29,11,13,8,116,0,Mobile,Firefox,Winter,0,3,1,463
8420,46,Female,81134,7,51,23,29,8,7,219,0,Tablet,Firefox,Summer,0,1,0,0
8421,31,Female,149170,2,13,4,13,8,2,140,1,Desktop,Firefox,Winter,1,3,1,297
8422,42,Male,107755,5,115,5,1,5,8,20,0,Mobile,Firefox,Spring,0,5,0,0
8423,32,Male,126993,14,63,34,13,11,9,364,1,Mobile,Safari,Fall,0,5,0,0
8424,23,Female,79439,8,116,16,15,0,2,339,0,Mobile,Chrome,Fall,0,1,0,0
8425,59,Male,51489,12,109,40,7,9,3,307,1,Desktop,Firefox,Winter,1,4,1,211
8426,46,Female,43178,7,75,47,28,4,5,85,0,Tablet,Edge,Summer,0,5,0,0
8427,32,Male,99019,6,75,43,5,9,6,101,1,Mobile,Firefox,Fall,1,3,1,471
8428,46,Male,77956,13,117,42,28,1,7,202,0,Desktop,Firefox,Summer,0,5,0,0
8429,21,Male,67802,12,47,3,27,11,6,333,0,Mobile,Edge,Fall,0,5,1,176
8430,35,Female,130463,17,63,43,25,0,2,25,1,Mobile,Firefox,Winter,0,1,0,0
8431,61,Male,82778,16,10,49,6,12,1,31,0,Mobile,Chrome,Fall,1,3,0,0
8432,56,Male,77719,1,114,42,24,4,1,207,0,Desktop,Edge,Spring,0,4,0,0
8433,33,Female,53573,7,115,49,9,4,8,168,1,Desktop,Chrome,Winter,0,3,1,498
8434,28,Male,53688,3,57,14,6,0,6,343,0,Tablet,Edge,Fall,0,5,0,0
8435,31,Female,131466,6,68,33,29,12,6,67,0,Mobile,Safari,Summer,0,5,0,0
8436,20,Female,138292,3,108,28,23,14,4,191,0,Tablet,Chrome,Fall,0,1,1,173
8437,59,Male,117065,3,95,41,6,12,5,11,0,Tablet,Firefox,Spring,0,4,1,167
8438,55,Female,119747,8,8,15,22,6,6,165,1,Mobile,Firefox,Summer,0,2,1,101
8439,62,Male,125352,14,5,4,2,2,8,140,1,Mobile,Firefox,Spring,0,4,0,0
8440,59,Male,66475,9,74,20,21,10,9,262,0,Tablet,Edge,Summer,1,3,0,0
8441,35,Female,70697,5,35,25,6,12,3,326,1,Mobile,Firefox,Winter,0,1,0,0
8442,37,Male,53978,15,69,35,10,5,5,213,0,Mobile,Chrome,Spring,0,2,0,0
8443,42,Male,49677,17,73,39,5,1,0,345,1,Tablet,Chrome,Fall,0,2,1,368
8444,55,Female,101540,10,23,22,20,13,6,47,0,Mobile,Safari,Summer,0,3,0,0
8445,30,Female,30272,8,73,35,12,8,3,36,0,Mobile,Edge,Summer,0,1,0,0
8446,21,Male,26212,18,73,47,6,1,1,82,0,Desktop,Chrome,Summer,1,2,1,90
8447,31,Female,41071,6,53,28,6,1,3,44,0,Mobile,Firefox,Winter,0,1,0,0
8448,50,Female,139998,17,35,10,8,0,7,231,0,Desktop,Firefox,Winter,0,3,0,0
8449,45,Female,128644,4,64,16,24,0,1,87,1,Mobile,Chrome,Summer,0,3,1,36
8450,54,Female,95236,15,112,49,26,11,0,35,0,Tablet,Safari,Fall,1,1,0,0
8451,25,Male,115516,10,75,23,17,3,0,349,0,Tablet,Safari,Summer,1,3,0,0
8452,61,Male,37297,13,83,19,18,6,6,317,1,Desktop,Chrome,Winter,0,3,0,0
8453,51,Female,71932,1,119,1,11,3,6,209,0,Mobile,Chrome,Winter,1,2,0,0
8454,61,Male,126885,9,59,1,1,4,3,166,1,Desktop,Edge,Spring,1,1,1,115
8455,22,Female,76884,5,81,46,26,5,4,180,0,Mobile,Edge,Fall,0,3,1,194
8456,22,Female,48625,11,80,26,7,4,4,2,1,Mobile,Chrome,Fall,0,4,1,344
8457,48,Male,48831,4,87,34,8,4,6,195,0,Mobile,Firefox,Summer,1,4,1,120
8458,62,Male,139675,16,81,2,3,13,2,353,1,Desktop,Chrome,Fall,1,3,1,395
8459,26,Male,138313,18,95,28,19,3,4,23,1,Desktop,Edge,Winter,0,5,1,404
8460,59,Male,143950,8,42,20,16,13,6,26,0,Desktop,Chrome,Fall,1,4,0,0
8461,49,Female,76478,2,37,42,23,8,6,30,1,Tablet,Safari,Summer,1,2,0,0
8462,50,Female,82909,17,10,47,8,4,8,275,0,Desktop,Edge,Spring,1,2,1,162
8463,20,Male,49367,10,17,27,29,8,3,167,0,Mobile,Safari,Spring,0,2,0,0
8464,47,Female,65813,13,81,28,6,13,0,90,0,Desktop,Edge,Summer,0,3,1,435
8465,29,Male,120874,15,81,31,24,14,4,224,0,Tablet,Edge,Winter,0,3,1,34
8466,46,Male,40121,9,24,47,2,3,3,106,1,Tablet,Edge,Spring,0,4,0,0
8467,20,Male,55547,8,104,7,23,8,2,28,1,Tablet,Firefox,Summer,1,2,0,0
8468,43,Female,83642,6,41,8,12,4,6,127,0,Desktop,Edge,Winter,0,2,0,0
8469,47,Female,44914,4,49,32,21,7,8,61,0,Tablet,Safari,Fall,0,5,0,0
8470,26,Male,136664,18,77,11,6,0,3,176,0,Tablet,Edge,Summer,0,3,0,0
8471,43,Male,129932,3,85,48,14,14,5,95,0,Tablet,Safari,Summer,0,4,1,488
8472,19,Male,37178,4,103,26,7,3,0,96,0,Tablet,Chrome,Winter,0,4,0,0
8473,20,Male,87258,13,63,25,9,12,0,141,0,Tablet,Safari,Summer,0,3,0,0
8474,63,Female,99421,11,56,7,7,14,2,86,0,Desktop,Safari,Fall,1,2,0,0
8475,21,Female,80563,8,22,20,15,12,4,123,1,Tablet,Safari,Summer,1,1,1,284
8476,42,Male,70050,14,29,41,12,3,5,353,1,Desktop,Edge,Fall,0,4,0,0
8477,30,Male,82607,14,83,30,27,1,8,216,0,Mobile,Safari,Winter,0,3,1,182
8478,56,Female,85638,16,91,1,17,2,8,108,1,Desktop,Safari,Summer,1,2,1,330
8479,61,Male,112971,14,5,18,15,7,9,179,0,Desktop,Safari,Winter,1,2,0,0
8480,52,Female,147068,1,45,8,15,11,0,70,0,Tablet,Safari,Fall,1,2,1,273
8481,40,Female,33262,2,106,29,21,7,1,127,0,Tablet,Safari,Winter,0,5,0,0
8482,26,Male,27453,1,22,40,27,13,7,206,1,Tablet,Firefox,Spring,0,2,1,33
8483,19,Female,127943,11,5,22,14,0,4,263,0,Desktop,Chrome,Spring,1,5,0,0
8484,58,Female,65174,6,43,32,11,1,2,67,0,Desktop,Safari,Summer,0,3,1,73
8485,61,Female,136720,15,78,40,11,3,8,138,0,Tablet,Chrome,Summer,0,2,1,480
8486,48,Female,97760,12,35,14,20,10,1,225,0,Mobile,Edge,Summer,1,3,0,0
8487,61,Male,26172,5,106,2,13,12,6,61,1,Mobile,Safari,Winter,0,4,1,280
8488,64,Female,96788,12,75,35,13,5,9,102,0,Mobile,Edge,Fall,1,2,1,127
8489,19,Female,37918,14,42,7,8,2,7,293,1,Mobile,Firefox,Winter,0,5,0,0
8490,49,Female,27197,14,12,3,7,6,1,15,1,Tablet,Edge,Spring,0,4,0,0
8491,35,Male,117127,19,38,15,20,2,0,50,0,Tablet,Edge,Spring,0,3,0,0
8492,30,Male,33677,5,77,43,13,7,2,260,1,Desktop,Edge,Summer,0,1,1,190
8493,63,Male,31039,3,93,34,11,5,7,101,0,Mobile,Safari,Winter,0,3,1,52
8494,22,Female,47785,18,31,22,19,7,3,10,1,Desktop,Edge,Fall,1,4,0,0
8495,59,Male,24570,6,45,18,6,6,4,244,0,Tablet,Firefox,Winter,0,4,1,371
8496,61,Male,92242,9,11,46,8,11,8,123,0,Desktop,Safari,Winter,1,4,0,0
8497,27,Male,31655,7,36,18,19,4,3,150,0,Desktop,Safari,Spring,0,2,0,0
8498,60,Female,118738,18,77,34,5,4,8,159,1,Mobile,Chrome,Fall,0,3,1,497
8499,42,Male,67907,2,85,36,10,2,5,253,0,Mobile,Edge,Spring,0,3,1,470
8500,51,Male,29449,10,103,46,1,3,6,332,1,Mobile,Edge,Winter,1,5,1,97
8501,54,Male,44630,12,116,39,26,14,7,201,0,Mobile,Safari,Fall,0,3,1,202
8502,47,Female,94658,2,20,47,12,7,9,284,0,Desktop,Safari,Winter,1,5,0,0
8503,24,Female,66371,13,6,38,26,4,9,98,0,Tablet,Edge,Winter,0,1,0,0
8504,23,Male,30991,8,47,37,24,12,0,222,1,Mobile,Firefox,Summer,0,2,1,281
8505,20,Male,44887,7,35,18,7,14,8,208,1,Tablet,Chrome,Fall,1,3,1,427
8506,30,Male,33859,3,84,43,8,8,1,275,1,Desktop,Edge,Winter,0,1,0,0
8507,20,Female,43640,8,51,40,18,2,2,334,0,Desktop,Safari,Winter,0,3,0,0
8508,43,Female,68339,1,37,29,7,9,0,47,0,Mobile,Chrome,Spring,0,5,0,0
8509,41,Male,111068,15,89,12,14,2,9,115,1,Desktop,Chrome,Winter,1,1,0,0
8510,23,Female,124765,1,21,18,20,7,2,184,1,Tablet,Edge,Spring,0,3,0,0
8511,60,Male,73235,12,103,31,18,7,1,11,0,Mobile,Safari,Fall,0,1,0,0
8512,59,Female,124300,11,58,15,25,11,6,77,1,Tablet,Safari,Spring,0,1,1,322
8513,29,Male,123156,16,58,40,21,6,6,330,0,Mobile,Safari,Spring,0,2,1,356
8514,53,Female,22512,4,55,30,23,5,5,221,1,Mobile,Edge,Winter,0,2,0,0
8515,19,Male,100982,2,56,36,4,6,9,347,0,Desktop,Safari,Fall,0,1,1,409
8516,28,Female,41912,3,11,28,10,6,3,54,0,Desktop,Edge,Summer,1,3,0,0
8517,56,Male,119567,4,58,15,11,5,2,59,0,Tablet,Safari,Summer,1,1,0,0
8518,51,Male,140639,18,97,43,11,12,6,193,1,Mobile,Chrome,Fall,0,3,1,44
8519,43,Male,55515,12,15,33,20,12,2,32,0,Tablet,Firefox,Winter,0,5,0,0
8520,35,Male,35416,1,66,2,19,8,8,146,1,Mobile,Chrome,Fall,0,4,1,264
8521,38,Female,92816,3,34,8,1,4,9,132,0,Desktop,Safari,Spring,1,3,0,0
8522,53,Male,96510,4,86,48,2,4,7,208,1,Desktop,Chrome,Spring,0,2,1,309
8523,57,Female,135781,6,61,33,9,5,6,338,1,Mobile,Firefox,Summer,0,3,0,0
8524,63,Female,63746,17,50,35,17,9,1,213,1,Tablet,Chrome,Fall,0,4,1,397
8525,61,Male,63775,8,84,18,5,10,9,179,1,Desktop,Safari,Winter,0,1,0,0
8526,39,Male,122067,18,74,26,2,12,2,310,1,Mobile,Safari,Spring,0,5,0,0
8527,47,Male,142039,16,70,48,4,3,7,126,1,Mobile,Edge,Winter,1,5,1,407
8528,60,Male,32227,6,59,21,27,9,2,138,1,Mobile,Safari,Winter,0,4,1,460
8529,47,Female,33031,19,111,28,7,9,7,245,0,Mobile,Firefox,Fall,0,5,1,350
8530,25,Female,128819,8,111,20,21,8,3,193,0,Tablet,Edge,Summer,0,3,0,0
8531,51,Female,53000,4,62,45,17,11,4,353,1,Mobile,Safari,Spring,1,1,1,495
8532,64,Female,71253,9,14,20,3,1,8,275,0,Tablet,Safari,Winter,1,3,1,139
8533,26,Male,130848,8,8,4,26,10,9,135,1,Tablet,Safari,Summer,0,4,1,272
8534,37,Female,87564,19,117,36,9,11,1,45,0,Tablet,Safari,Spring,0,2,0,0
8535,57,Male,140921,1,78,34,1,2,2,361,0,Tablet,Chrome,Spring,1,5,0,0
8536,42,Male,115969,4,77,45,26,8,0,38,1,Desktop,Edge,Summer,0,4,1,349
8537,36,Female,142614,10,66,13,20,0,7,135,0,Tablet,Edge,Summer,0,1,0,0
8538,22,Female,38313,8,113,31,21,4,8,235,0,Tablet,Safari,Spring,0,2,1,34
8539,28,Female,134326,3,47,39,16,2,9,67,0,Tablet,Chrome,Summer,1,1,0,0
8540,32,Female,95186,12,46,7,26,13,8,75,0,Mobile,Firefox,Fall,0,3,0,0
8541,25,Female,111760,9,28,17,3,2,2,264,1,Desktop,Chrome,Winter,0,2,0,0
8542,36,Female,77751,3,9,42,19,0,4,90,1,Tablet,Chrome,Summer,1,5,0,0
8543,40,Male,72492,4,103,12,16,7,8,102,1,Tablet,Chrome,Winter,0,2,1,333
8544,44,Male,50364,6,72,30,1,13,4,3,1,Desktop,Edge,Fall,0,3,1,109
8545,57,Male,38361,9,103,48,22,2,0,93,1,Tablet,Chrome,Winter,0,5,0,0
8546,49,Female,87949,2,110,34,29,3,0,12,0,Mobile,Chrome,Fall,1,3,1,27
8547,43,Male,126330,2,81,22,12,4,3,82,0,Mobile,Chrome,Summer,1,3,0,0
8548,44,Male,51070,18,105,21,20,4,6,171,0,Tablet,Firefox,Fall,0,5,1,63
8549,36,Male,123722,3,100,9,24,11,6,350,0,Mobile,Edge,Winter,0,5,0,0
8550,59,Male,42409,3,49,12,6,1,6,234,0,Desktop,Safari,Summer,0,3,0,0
8551,46,Male,49854,18,63,17,3,6,5,304,0,Desktop,Edge,Fall,0,3,0,0
8552,56,Male,116742,6,69,16,28,5,0,45,0,Tablet,Firefox,Winter,0,5,0,0
8553,58,Female,139625,1,67,5,7,13,2,25,0,Mobile,Chrome,Spring,1,3,1,263
8554,50,Female,49655,15,79,19,3,10,4,4,0,Mobile,Chrome,Summer,0,1,0,0
8555,36,Female,29952,11,94,28,13,6,3,230,1,Tablet,Chrome,Summer,0,1,1,310
8556,54,Male,56365,10,71,17,16,14,3,362,0,Desktop,Firefox,Fall,0,1,0,0
8557,36,Female,103298,4,53,22,14,9,8,195,0,Tablet,Chrome,Spring,0,1,0,0
8558,50,Female,86156,14,119,35,9,9,6,156,0,Tablet,Firefox,Spring,0,3,0,0
8559,64,Male,119233,2,81,49,8,2,8,110,0,Tablet,Chrome,Spring,0,3,1,177
8560,33,Female,141232,13,36,15,15,7,6,165,1,Mobile,Chrome,Spring,0,2,0,0
8561,40,Male,76724,16,116,19,19,14,9,329,0,Desktop,Firefox,Fall,0,2,1,79
8562,24,Female,35455,12,54,47,13,5,2,61,0,Mobile,Firefox,Summer,0,2,1,49
8563,43,Male,107746,5,91,26,14,6,9,209,1,Mobile,Firefox,Winter,1,2,0,0
8564,49,Male,67673,19,62,44,11,8,3,125,0,Mobile,Firefox,Spring,0,3,1,418
8565,29,Female,20974,3,56,44,18,7,8,307,0,Tablet,Edge,Spring,0,2,1,94
8566,25,Male,32679,2,27,35,3,7,0,287,0,Mobile,Edge,Summer,0,3,0,0
8567,22,Female,81791,17,119,43,29,2,2,85,0,Desktop,Chrome,Winter,1,1,0,0
8568,59,Male,47429,11,34,23,4,0,3,209,0,Tablet,Chrome,Winter,1,3,0,0
8569,45,Female,38073,1,74,10,3,11,3,234,0,Desktop,Safari,Summer,1,2,1,215
8570,22,Female,90207,19,75,22,25,0,6,43,0,Tablet,Chrome,Summer,1,3,1,117
8571,43,Male,50365,8,115,47,13,9,3,284,0,Mobile,Chrome,Fall,0,3,1,286
8572,22,Female,141608,11,34,11,16,1,9,251,0,Mobile,Chrome,Winter,0,5,0,0
8573,39,Female,75928,8,41,26,28,7,7,167,0,Tablet,Edge,Winter,1,2,1,228
8574,32,Female,131903,17,52,1,13,9,0,193,0,Desktop,Chrome,Fall,1,4,0,0
8575,30,Male,131114,6,36,36,27,14,2,67,0,Tablet,Chrome,Summer,1,4,0,0
8576,45,Male,94453,7,74,21,10,5,9,207,1,Desktop,Safari,Fall,1,3,1,239
8577,50,Female,126657,13,39,8,18,14,9,324,0,Mobile,Edge,Spring,1,5,1,98
8578,60,Female,27784,7,100,20,8,5,5,36,1,Mobile,Edge,Spring,0,3,0,0
8579,40,Male,132529,11,80,45,7,0,2,286,0,Mobile,Firefox,Winter,0,2,0,0
8580,50,Male,118962,10,72,17,17,1,7,349,0,Tablet,Chrome,Summer,1,1,1,148
8581,60,Female,121201,8,36,15,22,4,6,279,1,Mobile,Chrome,Spring,1,3,0,0
8582,35,Male,140356,10,63,21,6,2,4,175,0,Mobile,Edge,Summer,1,4,0,0
8583,47,Male,140913,11,39,1,15,1,1,11,0,Mobile,Firefox,Summer,0,3,0,0
8584,43,Female,147499,17,116,3,9,13,4,19,1,Desktop,Firefox,Winter,0,2,1,34
8585,33,Male,32291,11,20,31,28,8,8,190,1,Mobile,Safari,Summer,0,2,0,0
8586,30,Male,104462,16,119,31,10,9,4,72,0,Desktop,Safari,Summer,0,4,0,0
8587,56,Male,46154,5,83,21,27,6,2,299,1,Mobile,Edge,Summer,0,4,1,131
8588,50,Female,146874,10,109,23,8,0,6,75,1,Mobile,Edge,Winter,0,5,0,0
8589,43,Male,45650,5,56,17,7,14,2,137,0,Desktop,Edge,Fall,1,5,1,145
8590,18,Female,131876,9,70,22,29,10,7,238,0,Desktop,Edge,Winter,0,1,0,0
8591,55,Male,88741,3,10,22,23,0,4,281,1,Mobile,Safari,Winter,0,4,1,97
8592,19,Male,122348,3,18,36,5,2,4,287,0,Tablet,Firefox,Winter,0,5,0,0
8593,23,Female,115830,10,109,8,18,9,5,141,1,Desktop,Edge,Winter,0,4,0,0
8594,63,Female,56201,7,33,47,16,14,9,321,0,Tablet,Chrome,Summer,0,3,1,379
8595,55,Female,59479,2,110,8,15,5,5,158,0,Desktop,Firefox,Fall,1,5,1,198
8596,59,Female,92920,8,30,14,10,12,2,201,1,Desktop,Chrome,Winter,0,4,1,185
8597,41,Male,102797,12,22,38,29,1,6,29,1,Mobile,Edge,Fall,1,4,0,0
8598,35,Female,70243,9,115,24,28,10,8,95,1,Tablet,Firefox,Fall,0,3,1,472
8599,44,Female,88595,11,8,22,21,7,0,274,0,Tablet,Edge,Spring,0,4,0,0
8600,58,Female,51734,19,105,15,1,13,3,131,1,Mobile,Firefox,Spring,0,5,1,396
8601,25,Male,108927,17,61,20,27,11,3,247,0,Mobile,Firefox,Fall,0,5,1,492
8602,45,Male,101451,13,57,27,26,3,0,35,1,Mobile,Firefox,Winter,0,1,0,0
8603,27,Female,139950,1,106,28,6,7,5,132,1,Desktop,Chrome,Summer,0,1,1,230
8604,34,Female,125817,1,29,22,15,11,1,297,0,Tablet,Chrome,Spring,0,5,1,78
8605,46,Female,132169,8,51,31,2,6,5,335,0,Mobile,Edge,Winter,0,1,0,0
8606,23,Female,119978,13,56,9,12,1,0,114,1,Desktop,Chrome,Fall,0,1,1,117
8607,31,Male,62568,6,97,23,1,8,9,90,0,Desktop,Chrome,Winter,0,3,1,459
8608,39,Female,137514,3,38,5,15,4,4,223,1,Mobile,Edge,Summer,0,2,1,223
8609,23,Male,45793,16,20,45,13,5,5,286,0,Tablet,Edge,Fall,0,1,0,0
8610,43,Female,72204,10,105,39,1,12,9,87,0,Mobile,Safari,Summer,1,2,0,0
8611,56,Female,66746,7,98,17,1,13,1,222,0,Mobile,Safari,Winter,1,1,1,473
8612,29,Male,51989,3,91,40,4,14,0,267,1,Desktop,Firefox,Spring,0,2,0,0
8613,52,Female,69465,14,40,5,28,1,6,33,0,Tablet,Chrome,Fall,0,4,0,0
8614,31,Female,110841,16,32,7,21,2,0,294,0,Tablet,Chrome,Fall,1,2,0,0
8615,39,Female,81383,4,69,8,14,9,6,238,1,Mobile,Firefox,Summer,0,2,1,496
8616,40,Female,36767,13,76,7,21,11,0,5,0,Tablet,Firefox,Winter,0,4,0,0
8617,24,Male,58652,1,57,22,27,7,8,187,0,Desktop,Firefox,Fall,0,4,1,311
8618,57,Female,103732,5,46,44,17,10,4,248,1,Desktop,Chrome,Winter,0,1,1,449
8619,42,Female,104244,18,83,38,13,4,5,99,0,Desktop,Chrome,Winter,1,1,1,104
8620,30,Male,33383,12,102,21,12,9,6,51,1,Mobile,Edge,Fall,0,2,0,0
8621,38,Female,90784,11,23,4,27,0,0,65,0,Desktop,Chrome,Fall,0,5,0,0
8622,58,Male,121733,9,48,32,6,8,7,196,0,Mobile,Safari,Winter,0,2,0,0
8623,27,Female,80089,7,34,29,19,14,5,58,0,Tablet,Edge,Winter,1,5,1,316
8624,26,Female,148524,14,78,30,20,12,1,176,0,Tablet,Firefox,Summer,0,4,0,0
8625,32,Female,46440,3,48,3,16,10,0,186,1,Desktop,Chrome,Spring,1,2,1,465
8626,19,Male,72443,16,31,5,21,11,0,165,1,Mobile,Firefox,Summer,0,1,0,0
8627,42,Male,76325,7,88,19,16,0,3,135,0,Tablet,Safari,Winter,0,3,0,0
8628,30,Female,106766,1,93,8,12,8,2,60,0,Desktop,Firefox,Summer,0,1,1,27
8629,51,Male,115190,6,77,37,29,9,5,315,1,Desktop,Edge,Fall,1,3,1,93
8630,51,Female,75919,6,108,31,20,5,9,289,0,Mobile,Chrome,Fall,0,5,1,428
8631,52,Male,36611,10,38,27,20,6,7,179,1,Tablet,Firefox,Summer,0,1,1,438
8632,55,Female,83483,12,89,13,26,12,0,123,0,Desktop,Chrome,Summer,0,2,1,484
8633,20,Male,42457,19,28,42,13,0,6,334,1,Tablet,Edge,Fall,1,3,0,0
8634,59,Female,30256,6,60,6,1,9,7,294,0,Desktop,Edge,Spring,0,4,0,0
8635,23,Male,74856,14,11,1,18,10,4,244,0,Desktop,Edge,Winter,0,2,1,489
8636,36,Male,126507,3,72,30,2,13,7,311,1,Tablet,Safari,Winter,1,1,1,295
8637,20,Male,60533,10,55,11,2,0,0,282,0,Mobile,Edge,Summer,0,4,0,0
8638,35,Male,119826,9,12,41,26,14,1,351,0,Mobile,Safari,Summer,0,4,1,302
8639,56,Female,118995,19,60,31,1,4,3,298,0,Mobile,Chrome,Fall,0,4,0,0
8640,26,Female,48281,15,81,16,10,1,0,360,0,Mobile,Edge,Fall,1,4,1,118
8641,29,Male,87275,9,62,15,24,10,4,77,0,Mobile,Edge,Summer,0,2,0,0
8642,22,Female,21525,19,89,5,1,9,9,87,0,Mobile,Safari,Summer,0,5,1,90
8643,20,Male,36453,8,103,15,14,11,2,80,1,Desktop,Edge,Summer,0,4,0,0
8644,28,Female,26251,4,73,1,8,4,1,85,1,Mobile,Firefox,Winter,0,5,0,0
8645,47,Male,128744,5,12,15,1,4,6,274,1,Tablet,Safari,Spring,0,5,0,0
8646,21,Female,39507,19,70,36,14,5,1,265,0,Tablet,Safari,Summer,0,1,1,252
8647,22,Female,99396,14,28,48,10,8,8,111,0,Tablet,Safari,Fall,1,2,1,387
8648,18,Male,106644,18,46,39,19,5,5,360,1,Desktop,Safari,Spring,0,4,1,153
8649,44,Male,47906,19,58,8,25,9,7,273,0,Tablet,Chrome,Summer,0,3,0,0
8650,45,Male,93185,6,20,22,8,10,2,350,1,Desktop,Safari,Summer,0,1,0,0
8651,46,Male,119591,5,8,27,2,0,4,311,0,Mobile,Chrome,Fall,1,2,0,0
8652,35,Male,33193,11,63,34,4,4,2,310,1,Mobile,Chrome,Fall,0,2,0,0
8653,29,Female,116558,5,98,30,24,1,8,105,1,Desktop,Chrome,Spring,0,5,1,375
8654,30,Male,117192,8,50,12,12,10,0,265,0,Tablet,Firefox,Summer,1,1,0,0
8655,58,Female,127071,5,98,2,29,13,7,164,0,Tablet,Firefox,Spring,0,2,0,0
8656,19,Male,101449,11,103,46,9,7,5,136,1,Tablet,Chrome,Winter,0,1,0,0
8657,54,Female,84042,13,110,38,23,12,6,190,0,Tablet,Edge,Winter,0,2,1,106
8658,62,Female,79516,6,17,22,1,6,1,252,0,Mobile,Firefox,Winter,1,5,0,0
8659,33,Male,101165,5,41,17,8,10,6,214,1,Desktop,Safari,Spring,0,4,0,0
8660,41,Male,50692,18,58,35,28,5,0,122,1,Tablet,Edge,Summer,1,4,0,0
8661,52,Female,90490,10,53,42,17,1,6,305,0,Mobile,Firefox,Summer,0,2,1,302
8662,39,Female,53512,16,117,45,16,2,7,326,0,Mobile,Safari,Winter,0,2,1,497
8663,53,Male,30719,14,79,23,15,8,1,218,0,Tablet,Edge,Spring,0,1,1,391
8664,28,Female,75427,15,62,29,9,8,9,170,0,Mobile,Firefox,Fall,0,5,0,0
8665,63,Female,47649,3,23,29,8,6,1,258,0,Tablet,Edge,Winter,0,1,0,0
8666,46,Female,32402,3,22,19,20,1,2,159,0,Desktop,Chrome,Fall,0,1,0,0
8667,52,Female,122880,12,64,17,26,13,9,76,0,Desktop,Chrome,Spring,0,3,0,0
8668,32,Female,139764,15,21,8,14,12,3,275,0,Tablet,Firefox,Summer,0,3,0,0
8669,48,Female,29216,11,15,7,12,11,7,121,0,Tablet,Safari,Summer,0,4,0,0
8670,59,Male,134667,10,19,11,27,11,2,357,1,Tablet,Safari,Summer,0,5,1,104
8671,58,Male,51050,15,76,3,15,11,5,240,1,Mobile,Chrome,Winter,0,5,0,0
8672,60,Male,115808,18,112,2,4,12,9,357,1,Tablet,Safari,Fall,1,4,1,125
8673,33,Male,70093,14,97,19,4,6,7,65,1,Mobile,Chrome,Summer,0,5,1,22
8674,27,Female,25050,6,21,28,22,0,9,318,0,Tablet,Firefox,Spring,0,3,0,0
8675,49,Male,66716,14,94,28,2,8,1,188,0,Desktop,Firefox,Fall,0,3,1,87
8676,19,Female,135455,16,9,25,4,13,3,98,1,Desktop,Edge,Spring,0,3,0,0
8677,41,Female,22438,2,65,11,20,13,0,272,1,Tablet,Firefox,Winter,1,1,1,349
8678,40,Male,143713,19,8,40,24,8,7,105,1,Mobile,Edge,Winter,0,2,0,0
8679,19,Male,128686,5,60,43,18,5,0,135,0,Desktop,Chrome,Winter,0,4,0,0
8680,55,Female,67431,11,92,2,15,9,8,333,0,Mobile,Edge,Spring,0,1,0,0
8681,48,Male,132373,11,79,12,8,13,5,196,1,Tablet,Edge,Summer,1,5,1,367
8682,57,Male,127123,19,98,41,28,0,2,231,1,Mobile,Firefox,Spring,1,2,0,0
8683,43,Female,36760,18,108,38,10,7,7,202,0,Desktop,Edge,Winter,1,5,1,457
8684,46,Female,97614,8,52,12,27,5,1,92,0,Desktop,Safari,Spring,1,4,1,222
8685,20,Female,36473,12,52,25,2,8,2,348,0,Mobile,Chrome,Summer,0,2,0,0
8686,31,Female,63815,9,39,37,25,8,6,47,0,Mobile,Safari,Summer,0,3,1,71
8687,42,Female,82460,3,112,31,9,14,0,11,0,Tablet,Firefox,Winter,0,3,1,230
8688,18,Female,29257,6,113,17,16,6,8,162,0,Desktop,Chrome,Spring,0,2,0,0
8689,20,Male,107986,1,37,48,22,3,9,51,0,Tablet,Chrome,Fall,0,3,0,0
8690,43,Male,45634,17,104,12,26,10,8,5,0,Tablet,Edge,Winter,0,3,0,0
8691,35,Male,80403,3,25,30,12,0,2,304,1,Tablet,Chrome,Winter,1,3,0,0
8692,26,Female,66573,18,106,2,5,2,3,287,0,Desktop,Firefox,Winter,1,4,0,0
8693,55,Female,48648,18,9,16,7,5,1,355,1,Mobile,Chrome,Fall,0,2,0,0
8694,40,Male,112712,2,68,1,15,14,9,85,0,Desktop,Chrome,Winter,0,2,1,386
8695,38,Male,68980,4,73,34,13,0,0,296,1,Desktop,Edge,Spring,1,1,0,0
8696,18,Male,147099,1,25,45,8,3,7,266,1,Mobile,Firefox,Winter,0,5,1,430
8697,38,Female,30296,10,93,48,24,7,8,338,1,Tablet,Firefox,Summer,0,5,0,0
8698,44,Male,80197,5,78,1,19,11,8,230,1,Desktop,Edge,Winter,0,1,0,0
8699,59,Male,41959,5,87,36,19,7,9,305,0,Desktop,Edge,Summer,0,5,1,69
8700,23,Male,34570,9,36,3,5,5,4,145,1,Mobile,Safari,Spring,1,3,1,237
8701,61,Female,55423,14,22,34,21,13,4,214,0,Tablet,Safari,Winter,0,2,0,0
8702,53,Male,100263,13,62,12,18,5,4,208,1,Desktop,Edge,Spring,0,1,0,0
8703,45,Male,37899,13,102,45,21,2,5,311,0,Tablet,Safari,Summer,0,4,1,114
8704,62,Female,55785,1,116,27,17,6,3,290,0,Desktop,Chrome,Summer,0,3,0,0
8705,34,Female,132446,17,83,37,27,14,1,236,1,Mobile,Firefox,Spring,0,4,1,16
8706,57,Female,82806,8,28,25,7,11,1,33,1,Desktop,Safari,Winter,0,3,0,0
8707,20,Female,76963,3,9,12,14,7,5,133,0,Desktop,Safari,Spring,0,1,0,0
8708,29,Female,125647,17,57,33,15,14,4,104,1,Tablet,Firefox,Winter,1,2,1,186
8709,56,Male,97875,12,100,9,27,1,3,42,0,Tablet,Chrome,Summer,0,4,1,113
8710,29,Male,54341,18,77,1,23,12,5,131,0,Desktop,Firefox,Winter,1,2,1,123
8711,19,Female,25597,14,59,23,17,14,3,191,1,Tablet,Firefox,Fall,0,3,1,417
8712,63,Female,112648,11,9,28,3,4,9,269,0,Mobile,Edge,Summer,1,2,0,0
8713,39,Female,122230,16,73,3,24,5,3,244,0,Desktop,Firefox,Summer,1,2,1,279
8714,40,Female,30244,4,45,38,13,0,5,61,1,Desktop,Chrome,Spring,0,2,1,420
8715,47,Male,23796,18,109,36,11,11,3,158,0,Desktop,Edge,Winter,0,2,1,492
8716,22,Male,127127,7,102,44,25,4,8,306,0,Desktop,Safari,Spring,0,2,1,385
8717,26,Female,95589,11,11,44,3,2,6,69,0,Tablet,Edge,Fall,0,5,0,0
8718,38,Female,48528,16,94,5,6,2,5,294,1,Mobile,Safari,Spring,0,2,1,62
8719,28,Female,135920,16,5,29,6,5,2,95,1,Desktop,Chrome,Winter,1,4,0,0
8720,22,Female,38648,3,56,13,22,10,3,248,1,Desktop,Firefox,Summer,1,5,0,0
8721,52,Male,103967,9,102,44,21,0,1,258,1,Tablet,Firefox,Winter,0,4,1,111
8722,44,Female,20535,8,30,4,6,4,2,57,0,Tablet,Safari,Winter,0,3,0,0
8723,19,Female,68469,7,100,6,6,4,0,263,0,Tablet,Safari,Summer,0,4,1,136
8724,41,Male,126188,17,67,38,26,4,8,208,0,Desktop,Firefox,Summer,0,5,0,0
8725,48,Female,84912,11,16,6,6,2,9,29,1,Tablet,Chrome,Fall,0,3,0,0
8726,50,Male,64493,4,74,11,29,5,2,222,0,Desktop,Safari,Summer,0,3,0,0
8727,56,Female,92417,4,88,27,24,10,7,162,1,Tablet,Chrome,Winter,1,2,1,189
8728,47,Female,65785,5,23,46,14,0,3,98,0,Tablet,Edge,Summer,0,4,1,392
8729,63,Male,142066,8,84,35,11,13,7,173,0,Mobile,Chrome,Winter,0,2,0,0
8730,54,Female,105017,10,8,40,16,9,6,127,0,Tablet,Edge,Summer,0,2,0,0
8731,45,Male,127771,17,100,4,22,12,3,100,1,Desktop,Firefox,Summer,0,2,0,0
8732,48,Male,149026,6,86,27,28,0,6,71,0,Mobile,Chrome,Fall,0,2,0,0
8733,28,Male,121377,9,9,16,19,10,7,186,1,Mobile,Firefox,Summer,0,5,0,0
8734,40,Female,134267,10,58,18,7,1,9,334,1,Tablet,Chrome,Fall,0,4,1,298
8735,19,Female,86561,8,118,7,6,3,2,84,0,Tablet,Safari,Winter,1,5,1,191
8736,57,Male,50869,15,74,11,11,9,4,229,0,Mobile,Firefox,Fall,0,5,0,0
8737,58,Female,85094,18,61,8,25,14,2,289,0,Mobile,Firefox,Spring,1,3,0,0
8738,44,Female,120355,5,82,6,4,8,6,351,0,Tablet,Firefox,Winter,0,2,1,280
8739,52,Female,50192,18,56,48,1,9,5,250,0,Mobile,Edge,Winter,1,4,1,264
8740,19,Male,89157,1,117,5,22,7,0,97,1,Desktop,Firefox,Spring,0,4,0,0
8741,56,Male,116102,2,22,6,9,10,9,346,0,Mobile,Safari,Spring,0,4,0,0
8742,54,Female,106483,10,68,38,13,9,4,218,1,Tablet,Firefox,Spring,1,4,1,155
8743,38,Male,99941,6,14,2,8,10,3,192,1,Desktop,Edge,Winter,0,2,1,219
8744,22,Female,77544,19,27,31,2,1,1,166,0,Desktop,Edge,Fall,0,3,0,0
8745,62,Female,24403,11,119,39,16,0,0,12,0,Tablet,Firefox,Summer,1,5,0,0
8746,38,Female,56091,18,86,32,19,3,6,191,0,Mobile,Safari,Spring,1,3,0,0
8747,46,Male,72510,16,72,9,8,4,6,188,0,Tablet,Chrome,Summer,0,3,0,0
8748,37,Male,108061,8,56,15,12,1,5,276,1,Desktop,Safari,Winter,0,2,0,0
8749,55,Female,25017,4,100,21,11,11,4,242,0,Mobile,Chrome,Fall,1,3,1,234
8750,37,Male,59203,11,51,46,9,9,8,322,0,Desktop,Edge,Spring,0,1,1,310
8751,42,Female,76473,10,74,28,24,5,1,18,0,Mobile,Edge,Summer,0,4,0,0
8752,19,Male,72123,16,30,45,10,7,2,262,0,Tablet,Edge,Summer,1,1,1,460
8753,49,Male,68260,12,74,27,1,11,8,66,1,Desktop,Firefox,Spring,0,2,0,0
8754,43,Male,65938,3,103,5,19,10,1,69,1,Tablet,Firefox,Winter,0,4,1,70
8755,23,Female,77929,11,109,17,29,11,2,127,0,Desktop,Edge,Fall,0,3,1,459
8756,58,Female,105265,16,47,37,27,4,5,125,0,Mobile,Chrome,Spring,0,3,0,0
8757,20,Female,113966,3,73,24,24,3,9,102,1,Tablet,Firefox,Summer,0,4,0,0
8758,50,Male,124120,10,67,31,17,6,6,214,1,Tablet,Safari,Summer,0,2,1,246
8759,18,Female,57372,16,82,35,28,12,1,150,1,Desktop,Safari,Fall,1,1,0,0
8760,22,Female,121728,7,70,41,23,4,7,65,1,Tablet,Safari,Summer,0,2,1,198
8761,30,Female,73252,15,119,41,4,11,8,228,0,Tablet,Chrome,Winter,1,3,0,0
8762,36,Female,34628,15,108,4,12,7,0,77,0,Mobile,Chrome,Fall,1,2,1,100
8763,29,Male,143239,10,67,20,23,6,5,191,0,Tablet,Chrome,Summer,0,2,0,0
8764,42,Male,130165,3,17,43,20,4,3,141,1,Tablet,Edge,Fall,1,3,1,54
8765,52,Female,32501,6,55,17,8,12,9,115,0,Mobile,Firefox,Spring,0,4,0,0
8766,29,Male,138165,18,9,46,28,13,9,123,1,Desktop,Edge,Winter,0,4,0,0
8767,47,Male,50131,5,51,10,22,10,4,240,0,Mobile,Chrome,Summer,0,1,0,0
8768,22,Male,109102,16,40,37,26,14,5,59,1,Desktop,Safari,Winter,0,2,0,0
8769,51,Male,109360,13,40,21,26,7,5,114,0,Tablet,Chrome,Winter,1,5,0,0
8770,39,Male,139346,3,54,21,29,0,6,82,0,Mobile,Safari,Spring,0,4,0,0
8771,56,Female,88348,15,60,49,16,7,8,214,0,Desktop,Firefox,Spring,0,5,1,65
8772,30,Male,118348,6,23,16,24,2,3,257,1,Mobile,Edge,Spring,1,2,1,338
8773,64,Female,112862,4,24,33,28,0,8,324,0,Tablet,Chrome,Winter,0,2,0,0
8774,20,Female,135321,15,26,10,1,8,0,9,0,Desktop,Edge,Summer,1,4,0,0
8775,37,Female,148411,18,35,44,9,10,8,3,0,Mobile,Edge,Winter,0,3,1,486
8776,48,Male,29402,9,109,18,11,12,7,265,0,Desktop,Safari,Spring,0,3,1,107
8777,22,Male,111861,4,115,33,12,5,1,338,0,Tablet,Safari,Winter,0,4,0,0
8778,41,Male,75956,16,66,29,9,14,6,325,0,Mobile,Chrome,Fall,0,1,1,317
8779,57,Male,146121,18,48,31,6,10,6,278,0,Desktop,Edge,Summer,0,3,1,390
8780,50,Female,71920,5,72,24,29,12,1,101,0,Desktop,Firefox,Winter,0,1,1,390
8781,25,Female,127089,13,71,12,9,10,7,118,0,Desktop,Chrome,Winter,0,2,1,390
8782,41,Female,46000,6,105,20,6,7,5,80,0,Tablet,Firefox,Summer,0,5,0,0
8783,37,Male,109795,19,93,6,6,10,5,133,0,Desktop,Edge,Summer,0,4,1,77
8784,33,Female,132885,12,53,8,29,13,4,39,0,Mobile,Edge,Winter,1,5,0,0
8785,29,Female,87462,15,105,14,20,9,7,3,1,Mobile,Edge,Winter,0,2,1,100
8786,30,Female,86392,9,63,5,3,11,9,26,1,Tablet,Safari,Summer,1,2,1,113
8787,62,Male,25988,7,8,36,3,10,8,264,0,Tablet,Chrome,Winter,0,3,0,0
8788,59,Female,94279,14,43,48,16,3,4,52,1,Desktop,Chrome,Spring,0,3,1,245
8789,56,Female,76999,19,11,38,2,12,0,197,1,Tablet,Safari,Spring,0,1,0,0
8790,42,Male,89674,16,75,3,4,1,5,155,0,Desktop,Firefox,Spring,0,1,0,0
8791,63,Female,129384,4,53,36,9,5,0,214,0,Desktop,Chrome,Spring,1,1,1,350
8792,49,Male,101618,12,93,22,7,1,4,56,0,Tablet,Chrome,Spring,0,1,0,0
8793,41,Female,73426,18,19,8,3,0,5,43,0,Desktop,Chrome,Summer,0,3,0,0
8794,64,Male,78824,8,11,14,24,14,2,27,1,Desktop,Edge,Winter,1,1,1,298
8795,61,Male,133174,17,51,7,13,6,0,45,0,Desktop,Firefox,Spring,0,1,0,0
8796,26,Male,118910,3,72,4,14,13,1,302,1,Desktop,Edge,Winter,0,4,0,0
8797,57,Female,94399,4,102,19,29,6,2,33,0,Mobile,Safari,Summer,0,2,0,0
8798,40,Female,80659,10,49,43,9,5,2,127,1,Tablet,Safari,Summer,0,3,1,265
8799,30,Male,57790,16,112,47,1,11,1,95,0,Mobile,Edge,Spring,0,3,1,427
8800,49,Male,134704,2,110,24,12,1,5,284,1,Desktop,Safari,Winter,0,4,1,489
8801,32,Male,115343,12,23,16,1,4,6,350,1,Tablet,Edge,Fall,0,4,1,128
8802,53,Male,42118,16,51,6,9,0,4,354,1,Tablet,Firefox,Summer,1,4,0,0
8803,22,Male,72025,10,117,44,25,1,6,109,1,Tablet,Firefox,Summer,1,2,1,353
8804,39,Male,142453,5,57,8,7,12,2,81,0,Desktop,Safari,Summer,0,3,0,0
8805,33,Male,79938,12,106,25,3,11,4,179,0,Tablet,Chrome,Fall,0,4,0,0
8806,58,Male,25149,3,31,32,4,4,2,192,0,Tablet,Firefox,Spring,0,1,1,265
8807,27,Male,58079,12,9,25,7,4,3,35,1,Mobile,Safari,Spring,0,1,0,0
8808,41,Male,22484,1,64,10,25,6,5,262,0,Tablet,Safari,Summer,1,4,1,489
8809,35,Male,75474,2,81,43,15,14,3,221,0,Mobile,Chrome,Winter,1,4,0,0
8810,35,Male,110727,11,66,41,24,4,3,186,1,Desktop,Chrome,Spring,0,3,0,0
8811,24,Female,133316,12,63,17,24,10,6,128,0,Tablet,Firefox,Spring,0,3,1,378
8812,21,Male,68601,7,114,46,1,5,5,270,0,Desktop,Firefox,Fall,0,4,1,318
8813,43,Female,141465,1,65,3,6,1,0,201,1,Desktop,Safari,Summer,1,5,0,0
8814,22,Female,137893,13,60,9,22,4,7,312,1,Tablet,Edge,Summer,0,2,0,0
8815,33,Female,63809,13,82,18,5,7,0,79,0,Desktop,Firefox,Spring,0,2,0,0
8816,52,Male,40791,2,98,49,11,0,8,230,1,Desktop,Edge,Fall,0,2,0,0
8817,43,Female,89343,10,51,30,17,10,3,148,0,Tablet,Edge,Fall,0,2,1,206
8818,35,Male,46648,1,52,5,3,12,6,214,0,Tablet,Chrome,Summer,0,2,0,0
8819,46,Female,51090,7,14,32,12,12,4,124,0,Tablet,Edge,Fall,1,4,1,372
8820,40,Male,110636,13,36,27,20,13,9,145,1,Mobile,Firefox,Winter,0,4,1,384
8821,31,Male,116485,2,69,21,10,9,2,142,1,Desktop,Firefox,Winter,1,5,1,188
8822,32,Female,121477,7,28,24,7,6,7,26,0,Desktop,Edge,Fall,0,1,1,97
8823,50,Female,37857,17,33,38,15,7,9,232,1,Mobile,Firefox,Summer,0,2,0,0
8824,42,Male,145305,5,111,3,21,14,1,160,0,Desktop,Firefox,Fall,1,5,1,477
8825,38,Female,82327,11,11,16,18,10,9,349,1,Tablet,Chrome,Spring,0,2,0,0
8826,34,Male,132516,11,99,15,19,12,2,232,0,Tablet,Firefox,Winter,1,4,1,408
8827,40,Male,113386,11,21,25,29,4,4,71,1,Desktop,Chrome,Spring,0,4,0,0
8828,60,Male,138026,17,98,8,1,3,4,313,0,Desktop,Firefox,Winter,0,2,0,0
8829,34,Female,62967,19,29,41,22,0,4,201,1,Desktop,Edge,Spring,1,2,0,0
8830,31,Male,73709,8,96,4,13,8,6,268,0,Tablet,Safari,Winter,0,5,0,0
8831,46,Male,87948,14,40,32,29,1,7,3,0,Desktop,Edge,Summer,1,4,0,0
8832,37,Male,68861,10,65,45,24,14,7,353,1,Desktop,Edge,Spring,1,2,1,310
8833,47,Male,136839,7,75,35,4,10,2,143,1,Tablet,Firefox,Summer,0,5,1,168
8834,36,Female,88718,2,39,30,18,13,7,137,1,Tablet,Chrome,Spring,1,1,0,0
8835,56,Female,143307,17,88,39,12,13,9,49,0,Tablet,Chrome,Winter,0,5,1,309
8836,30,Female,142850,1,82,48,4,4,1,172,0,Desktop,Safari,Spring,0,5,0,0
8837,35,Female,40948,13,118,49,26,6,3,81,1,Desktop,Safari,Spring,0,2,1,350
8838,40,Male,53782,19,54,30,4,7,1,156,0,Mobile,Edge,Fall,0,1,0,0
8839,63,Male,70756,14,60,17,5,14,4,269,1,Mobile,Edge,Fall,0,3,1,158
8840,50,Male,102789,18,98,19,19,13,2,303,0,Tablet,Chrome,Spring,0,1,1,435
8841,56,Male,125217,14,69,31,9,10,9,21,1,Tablet,Chrome,Spring,0,3,1,320
8842,57,Male,121031,15,106,17,7,9,9,50,0,Tablet,Firefox,Spring,0,5,1,387
8843,35,Male,88388,14,45,2,25,14,2,175,1,Desktop,Chrome,Winter,0,1,0,0
8844,26,Female,127381,5,29,37,7,3,4,114,1,Mobile,Chrome,Fall,0,4,0,0
8845,50,Male,104528,16,38,48,12,9,3,261,1,Tablet,Safari,Summer,0,3,1,355
8846,49,Male,86809,5,12,29,10,0,5,263,1,Desktop,Chrome,Spring,0,1,0,0
8847,34,Male,27649,13,60,30,29,6,4,293,0,Desktop,Edge,Fall,0,2,1,361
8848,36,Female,49002,16,88,43,20,11,9,339,1,Desktop,Edge,Winter,0,3,1,260
8849,44,Male,54723,15,34,22,21,12,4,254,1,Desktop,Safari,Fall,0,3,1,71
8850,23,Male,94314,5,72,38,13,9,2,67,1,Desktop,Firefox,Spring,0,3,1,442
8851,52,Male,110312,6,25,11,23,10,3,103,1,Mobile,Edge,Summer,0,2,0,0
8852,54,Female,90085,13,95,33,6,10,2,355,0,Desktop,Safari,Fall,0,4,0,0
8853,51,Male,101399,16,14,19,9,8,2,283,1,Tablet,Firefox,Fall,0,4,0,0
8854,37,Male,31809,10,91,3,19,0,9,51,1,Tablet,Safari,Fall,0,5,0,0
8855,42,Female,78169,2,37,40,24,13,8,176,0,Tablet,Safari,Winter,1,5,1,338
8856,21,Male,28302,13,79,22,16,0,9,328,1,Tablet,Firefox,Fall,0,1,0,0
8857,27,Female,28100,17,109,18,27,14,5,243,0,Tablet,Chrome,Spring,1,1,1,144
8858,27,Male,88447,1,87,45,26,14,9,181,0,Desktop,Safari,Spring,0,1,1,247
8859,41,Female,97627,4,79,30,11,14,1,211,0,Mobile,Chrome,Summer,0,2,0,0
8860,38,Male,94635,18,8,1,4,6,0,350,1,Tablet,Chrome,Fall,0,4,1,322
8861,28,Male,75020,6,27,20,25,8,2,48,0,Mobile,Chrome,Fall,0,2,1,94
8862,44,Female,25663,12,73,49,1,4,2,232,0,Desktop,Firefox,Fall,0,2,0,0
8863,33,Male,115440,13,57,5,21,3,3,266,0,Mobile,Safari,Fall,1,3,0,0
8864,43,Male,113827,2,117,12,12,5,3,94,0,Desktop,Safari,Spring,0,5,1,468
8865,47,Female,64649,17,118,11,4,8,4,255,1,Desktop,Chrome,Winter,0,5,1,379
8866,33,Male,67136,10,9,24,5,1,3,86,0,Tablet,Safari,Winter,1,4,0,0
8867,24,Female,135242,19,22,18,6,4,1,95,1,Tablet,Chrome,Summer,0,4,1,104
8868,33,Male,144783,5,21,8,14,3,0,46,0,Tablet,Firefox,Fall,0,3,0,0
8869,52,Female,126602,12,62,29,29,12,9,36,0,Tablet,Firefox,Winter,1,3,1,401
8870,33,Male,56104,18,71,22,1,2,6,10,0,Mobile,Edge,Summer,0,2,0,0
8871,57,Male,59137,9,111,45,8,4,8,244,1,Mobile,Safari,Winter,0,3,1,332
8872,29,Female,22534,11,117,2,15,13,8,27,0,Desktop,Chrome,Fall,0,5,1,241
8873,52,Male,87762,4,76,23,12,6,0,79,0,Mobile,Firefox,Fall,0,1,0,0
8874,38,Female,72445,10,60,16,27,12,8,139,1,Desktop,Edge,Fall,0,1,1,69
8875,60,Female,29585,1,44,44,19,10,0,32,0,Desktop,Safari,Spring,0,2,0,0
8876,53,Female,112796,2,91,8,23,2,0,148,0,Desktop,Chrome,Fall,0,2,0,0
8877,34,Male,112947,9,91,4,7,2,1,46,0,Desktop,Chrome,Fall,0,5,0,0
8878,49,Male,118470,18,6,14,9,13,9,60,0,Tablet,Edge,Spring,0,2,0,0
8879,58,Male,96438,16,107,9,11,5,5,68,0,Desktop,Safari,Fall,0,5,1,397
8880,23,Female,56392,14,25,11,27,4,8,17,0,Tablet,Edge,Spring,0,4,1,421
8881,41,Female,104267,4,56,48,23,2,4,65,1,Desktop,Chrome,Winter,1,1,0,0
8882,44,Female,103324,2,28,38,28,0,8,185,1,Tablet,Safari,Winter,0,5,0,0
8883,37,Male,140866,12,57,44,8,9,8,275,1,Tablet,Safari,Winter,0,3,0,0
8884,42,Female,51126,5,42,16,4,14,7,5,0,Mobile,Firefox,Summer,0,5,0,0
8885,19,Male,62485,4,24,13,10,1,6,82,0,Mobile,Firefox,Spring,0,1,0,0
8886,26,Male,130905,15,54,36,20,14,2,55,0,Desktop,Edge,Summer,0,1,0,0
8887,45,Male,131407,3,43,44,10,2,9,362,0,Tablet,Safari,Fall,0,3,0,0
8888,55,Male,65798,17,64,36,8,3,2,4,0,Desktop,Chrome,Summer,0,5,0,0
8889,20,Male,88310,8,118,17,14,14,3,180,1,Mobile,Firefox,Winter,1,1,1,119
8890,37,Male,29017,12,95,14,4,4,8,19,1,Desktop,Chrome,Winter,0,5,1,220
8891,23,Male,45700,8,112,29,29,9,2,131,1,Mobile,Safari,Winter,1,2,1,450
8892,56,Male,110680,5,43,17,20,13,7,67,0,Tablet,Safari,Spring,0,5,1,495
8893,50,Female,115446,6,75,1,26,13,7,285,0,Tablet,Chrome,Summer,0,1,0,0
8894,18,Male,128454,5,37,20,3,14,5,181,0,Tablet,Edge,Winter,0,3,1,253
8895,54,Male,56507,8,33,33,28,8,1,136,1,Tablet,Firefox,Spring,0,2,1,136
8896,23,Female,67679,18,78,2,3,3,5,133,1,Desktop,Firefox,Summer,0,3,0,0
8897,62,Female,112221,4,14,17,27,11,3,64,0,Tablet,Firefox,Fall,1,3,0,0
8898,51,Female,109938,4,80,23,4,8,6,27,0,Mobile,Edge,Spring,0,4,0,0
8899,64,Female,57232,5,71,22,12,4,0,289,0,Desktop,Firefox,Spring,1,3,0,0
8900,32,Male,115599,15,7,1,29,12,2,314,1,Mobile,Chrome,Spring,0,5,0,0
8901,62,Female,109661,6,81,12,18,2,7,318,0,Mobile,Firefox,Fall,1,1,1,236
8902,43,Female,130685,16,113,13,28,6,0,338,0,Tablet,Chrome,Fall,0,1,0,0
8903,31,Female,44020,14,35,14,19,7,9,282,0,Desktop,Firefox,Summer,1,5,1,442
8904,24,Female,117239,14,31,10,11,8,2,223,0,Mobile,Firefox,Spring,0,3,0,0
8905,63,Male,77172,16,74,12,28,8,2,270,1,Tablet,Chrome,Summer,0,4,0,0
8906,48,Female,117305,4,31,22,18,5,7,32,0,Tablet,Edge,Fall,0,4,0,0
8907,41,Female,33746,11,103,18,14,14,0,297,0,Desktop,Chrome,Spring,0,5,1,334
8908,48,Female,141976,19,115,39,11,8,9,249,0,Desktop,Edge,Winter,0,5,0,0
8909,46,Female,83537,19,13,19,14,2,4,142,0,Tablet,Chrome,Spring,1,1,0,0
8910,59,Male,24094,8,10,30,22,1,6,48,1,Desktop,Safari,Fall,0,5,1,159
8911,49,Female,88466,10,10,15,29,4,3,176,0,Desktop,Chrome,Fall,1,2,1,97
8912,34,Female,119067,5,108,39,3,6,9,347,0,Tablet,Safari,Winter,1,3,1,194
8913,31,Female,50755,16,30,14,2,10,2,294,1,Desktop,Chrome,Fall,0,2,1,364
8914,57,Male,115641,3,47,9,9,14,9,33,0,Desktop,Chrome,Winter,1,5,1,334
8915,53,Female,31552,10,23,5,8,6,5,363,1,Tablet,Chrome,Fall,1,3,0,0
8916,41,Female,121754,13,20,33,5,14,4,97,0,Tablet,Safari,Winter,0,5,1,176
8917,62,Male,79491,7,109,48,29,10,1,24,0,Mobile,Safari,Fall,0,4,0,0
8918,44,Female,39779,12,27,5,9,5,5,26,0,Tablet,Safari,Winter,0,1,0,0
8919,42,Male,49000,14,79,24,5,2,2,50,0,Mobile,Chrome,Fall,0,5,0,0
8920,49,Male,105639,10,84,8,21,13,8,170,0,Desktop,Chrome,Summer,0,2,1,90
8921,35,Female,73953,9,33,19,13,5,2,95,0,Tablet,Safari,Winter,0,1,0,0
8922,63,Female,77564,12,42,12,11,14,8,219,1,Desktop,Safari,Fall,0,4,1,11
8923,35,Male,34102,3,63,8,11,0,5,141,0,Tablet,Chrome,Fall,1,4,0,0
8924,54,Male,21861,13,117,8,20,2,7,224,1,Tablet,Edge,Winter,0,4,1,38
8925,43,Female,63574,6,52,38,12,1,8,279,1,Tablet,Firefox,Summer,0,5,1,34
8926,26,Male,52682,6,24,20,19,14,7,165,0,Mobile,Edge,Winter,0,4,0,0
8927,52,Male,98819,19,25,29,13,3,1,59,0,Tablet,Safari,Fall,0,1,0,0
8928,25,Female,111133,7,32,41,26,7,2,272,0,Tablet,Chrome,Winter,0,5,1,366
8929,37,Male,134797,4,54,34,9,2,7,295,0,Mobile,Firefox,Summer,0,5,0,0
8930,59,Male,97972,5,37,18,4,14,4,200,1,Tablet,Firefox,Fall,1,3,0,0
8931,39,Male,141237,1,118,1,7,5,9,82,0,Mobile,Safari,Winter,0,1,0,0
8932,36,Male,113960,18,44,11,5,9,3,250,0,Desktop,Edge,Summer,0,5,1,121
8933,47,Male,85185,17,94,47,7,13,5,347,1,Mobile,Chrome,Summer,0,1,1,467
8934,45,Male,94426,9,58,44,28,0,5,265,1,Desktop,Chrome,Fall,0,5,0,0
8935,52,Female,68120,9,14,35,8,3,6,92,0,Tablet,Safari,Spring,1,4,1,318
8936,60,Male,58297,10,38,32,14,4,4,278,0,Mobile,Safari,Summer,0,3,0,0
8937,28,Female,134147,17,77,42,24,4,0,75,0,Desktop,Chrome,Fall,0,2,0,0
8938,48,Female,28299,13,40,16,10,0,7,310,0,Desktop,Firefox,Fall,0,3,0,0
8939,56,Female,61348,4,79,6,6,14,0,14,0,Mobile,Safari,Summer,0,3,0,0
8940,53,Female,61384,18,78,9,5,8,3,215,1,Tablet,Chrome,Winter,1,1,1,163
8941,47,Female,137182,18,114,40,15,4,2,79,0,Desktop,Firefox,Summer,0,1,1,499
8942,40,Female,96693,9,11,22,16,8,2,133,1,Mobile,Firefox,Fall,0,2,0,0
8943,36,Female,115299,3,119,48,27,6,5,225,0,Desktop,Firefox,Spring,1,1,0,0
8944,29,Female,52687,7,106,8,2,4,7,240,0,Desktop,Firefox,Fall,1,4,1,453
8945,32,Male,84577,15,20,32,28,8,4,364,0,Mobile,Firefox,Fall,0,1,0,0
8946,48,Female,80047,9,55,26,15,4,5,350,0,Mobile,Edge,Winter,0,2,0,0
8947,60,Female,30191,9,94,18,8,9,5,257,1,Tablet,Chrome,Fall,1,5,0,0
8948,54,Female,76884,4,100,37,21,8,0,142,0,Tablet,Chrome,Summer,0,1,1,73
8949,54,Male,74911,18,65,12,24,4,6,239,0,Desktop,Firefox,Summer,0,3,1,155
8950,32,Female,97303,17,35,38,22,0,0,55,0,Tablet,Chrome,Summer,0,3,0,0
8951,46,Male,103447,6,119,34,24,6,6,17,1,Desktop,Chrome,Spring,0,1,1,147
8952,60,Female,114165,7,36,4,13,4,7,9,1,Mobile,Chrome,Winter,0,4,0,0
8953,43,Female,120330,10,49,16,17,4,3,355,1,Mobile,Safari,Winter,0,3,0,0
8954,61,Male,112480,10,80,24,15,5,7,351,0,Tablet,Firefox,Winter,0,4,0,0
8955,19,Female,63726,6,31,14,25,5,5,268,0,Desktop,Firefox,Summer,0,2,1,214
8956,37,Male,54623,6,26,17,14,6,5,122,0,Tablet,Edge,Spring,0,1,1,50
8957,32,Male,133367,19,19,31,25,11,8,322,1,Desktop,Chrome,Summer,0,5,1,180
8958,21,Female,133219,8,12,4,19,14,5,37,1,Desktop,Chrome,Summer,0,3,0,0
8959,39,Female,143326,9,72,44,13,7,4,309,0,Mobile,Chrome,Winter,0,5,1,85
8960,55,Male,103517,1,12,34,21,0,9,169,0,Mobile,Safari,Spring,0,3,0,0
8961,40,Male,143089,16,91,38,28,9,9,334,0,Desktop,Safari,Fall,0,4,0,0
8962,43,Female,70000,6,20,38,7,10,5,260,0,Tablet,Edge,Winter,0,3,1,354
8963,28,Female,91494,8,52,3,8,2,7,343,0,Tablet,Firefox,Spring,1,2,1,139
8964,45,Female,100241,15,38,8,7,5,8,71,1,Tablet,Firefox,Fall,0,4,0,0
8965,19,Male,116172,12,90,12,19,0,9,17,0,Desktop,Safari,Summer,0,5,0,0
8966,25,Female,83027,10,117,35,15,13,9,102,1,Desktop,Safari,Summer,0,4,1,314
8967,46,Male,78995,16,91,2,7,4,7,218,0,Desktop,Safari,Winter,0,3,0,0
8968,28,Female,62876,15,61,29,17,4,7,278,1,Mobile,Firefox,Spring,0,2,1,308
8969,54,Male,138217,11,9,23,21,9,6,296,1,Desktop,Edge,Spring,0,2,0,0
8970,35,Male,71070,7,105,33,25,8,0,237,1,Tablet,Firefox,Spring,1,2,1,499
8971,31,Female,110688,8,48,18,18,10,3,104,0,Desktop,Firefox,Summer,1,5,1,395
8972,27,Male,124065,11,75,40,19,1,3,133,1,Desktop,Edge,Fall,1,4,0,0
8973,52,Male,86224,9,41,22,25,6,2,9,1,Mobile,Chrome,Winter,0,1,1,316
8974,26,Male,45365,7,94,14,3,8,3,60,0,Mobile,Firefox,Winter,0,5,1,286
8975,52,Male,49663,15,32,29,24,7,1,276,0,Mobile,Chrome,Summer,0,4,0,0
8976,28,Male,85436,15,72,45,22,0,2,342,1,Mobile,Firefox,Winter,0,2,1,498
8977,61,Female,124610,16,117,15,7,13,2,123,1,Tablet,Firefox,Fall,0,3,0,0
8978,29,Female,123376,3,100,15,21,13,9,290,0,Desktop,Firefox,Summer,1,3,0,0
8979,20,Male,103275,16,42,45,10,0,0,348,0,Desktop,Chrome,Spring,0,3,1,346
8980,56,Female,136375,15,50,4,28,11,6,125,0,Mobile,Safari,Spring,1,3,0,0
8981,31,Male,143229,1,77,36,7,1,3,71,0,Tablet,Chrome,Fall,0,1,0,0
8982,45,Male,83211,14,104,5,26,0,7,166,1,Tablet,Firefox,Summer,0,4,1,45
8983,28,Female,30909,11,30,3,11,7,8,32,0,Mobile,Safari,Fall,0,4,1,246
8984,56,Male,80883,3,79,12,26,6,1,174,0,Mobile,Chrome,Spring,0,5,1,333
8985,42,Male,32713,9,88,20,29,5,1,351,0,Mobile,Edge,Summer,0,3,0,0
8986,38,Male,32614,6,57,44,3,14,1,25,1,Desktop,Safari,Spring,0,5,0,0
8987,27,Female,127625,16,67,20,27,1,7,320,1,Mobile,Chrome,Winter,1,3,0,0
8988,60,Female,118097,11,116,39,21,10,1,161,0,Desktop,Safari,Summer,0,1,1,22
8989,32,Male,40734,18,67,39,22,8,5,303,1,Mobile,Firefox,Winter,0,1,0,0
8990,36,Male,50709,17,116,1,9,12,4,325,1,Mobile,Chrome,Fall,0,2,0,0
8991,39,Male,42885,17,116,44,4,0,9,126,0,Tablet,Edge,Fall,1,3,0,0
8992,38,Male,91622,3,42,3,8,0,8,285,0,Tablet,Chrome,Summer,0,3,0,0
8993,61,Male,98267,19,19,47,24,1,1,187,0,Desktop,Chrome,Winter,1,4,1,346
8994,49,Female,106128,15,103,9,26,6,0,159,0,Desktop,Safari,Fall,1,1,0,0
8995,40,Female,33341,10,13,20,22,9,1,26,0,Tablet,Firefox,Summer,0,4,1,332
8996,30,Female,59435,8,101,9,12,13,9,63,1,Tablet,Edge,Winter,0,5,0,0
8997,22,Female,32976,17,79,31,8,11,4,85,1,Desktop,Firefox,Fall,1,4,1,213
8998,21,Male,102910,4,26,46,15,0,7,226,0,Tablet,Edge,Summer,1,3,1,26
8999,45,Male,144753,8,74,28,28,13,7,177,0,Desktop,Edge,Spring,0,4,0,0
9000,31,Female,97869,2,60,35,14,2,1,315,0,Mobile,Edge,Fall,0,2,0,0
9001,25,Female,25290,8,41,40,5,9,4,239,0,Tablet,Firefox,Summer,0,4,0,0
9002,26,Male,65812,7,61,38,17,7,1,47,0,Desktop,Edge,Summer,0,2,0,0
9003,52,Female,70528,9,64,44,20,11,6,278,0,Mobile,Chrome,Summer,0,3,1,369
9004,54,Male,78570,18,118,2,11,6,9,192,0,Tablet,Chrome,Spring,1,5,1,450
9005,38,Male,131841,17,89,3,22,7,7,174,0,Desktop,Safari,Fall,0,1,0,0
9006,35,Male,76399,1,16,14,15,12,4,160,0,Desktop,Chrome,Fall,0,2,0,0
9007,50,Female,68437,12,11,17,25,12,0,354,0,Desktop,Edge,Fall,0,1,1,283
9008,25,Female,109122,4,70,35,13,11,6,213,1,Desktop,Edge,Winter,0,5,1,489
9009,34,Female,77907,17,107,4,4,5,2,91,0,Tablet,Edge,Spring,1,4,0,0
9010,60,Female,140992,7,45,47,22,7,1,234,0,Mobile,Firefox,Spring,0,5,0,0
9011,48,Female,101876,3,28,30,13,14,5,165,0,Desktop,Edge,Winter,0,5,1,281
9012,51,Male,68723,1,94,39,26,4,1,323,0,Desktop,Chrome,Summer,1,3,1,166
9013,23,Female,55655,19,29,14,13,8,9,180,0,Tablet,Firefox,Summer,1,2,1,12
9014,39,Male,134098,2,66,48,11,9,7,109,0,Mobile,Edge,Winter,0,5,1,311
9015,31,Male,75833,6,88,27,5,10,2,34,0,Tablet,Edge,Spring,0,2,1,189
9016,20,Male,100096,11,108,13,25,12,1,189,0,Tablet,Firefox,Winter,1,2,1,157
9017,29,Female,43997,4,109,20,26,0,7,327,1,Tablet,Safari,Summer,0,5,0,0
9018,53,Female,86876,1,110,49,14,6,5,221,1,Tablet,Firefox,Winter,1,1,1,405
9019,29,Female,130233,11,48,49,22,5,3,173,0,Desktop,Firefox,Fall,0,5,1,300
9020,62,Female,142660,16,6,24,3,7,4,169,0,Desktop,Edge,Winter,1,3,1,411
9021,19,Female,46013,6,46,10,18,1,9,66,0,Tablet,Safari,Summer,1,4,0,0
9022,19,Female,52862,11,103,7,3,0,6,268,0,Mobile,Firefox,Spring,0,4,0,0
9023,32,Female,72448,8,37,17,6,0,3,271,0,Mobile,Edge,Fall,0,3,1,271
9024,40,Female,107818,1,21,22,26,13,6,126,0,Tablet,Safari,Winter,1,5,0,0
9025,46,Male,143828,14,67,44,8,1,5,247,0,Desktop,Chrome,Fall,0,5,1,312
9026,34,Female,65608,2,26,11,24,4,4,272,1,Desktop,Chrome,Summer,0,5,1,369
9027,49,Male,104612,6,5,42,28,6,2,259,0,Mobile,Edge,Summer,1,1,0,0
9028,24,Male,138849,9,105,23,21,14,0,238,0,Mobile,Chrome,Spring,0,4,0,0
9029,47,Male,134060,14,98,22,17,12,7,304,0,Tablet,Firefox,Summer,0,1,1,464
9030,45,Male,60894,8,114,40,1,8,6,91,0,Mobile,Chrome,Spring,0,2,1,141
9031,31,Female,105201,3,74,47,28,3,5,216,1,Desktop,Edge,Fall,0,2,1,92
9032,61,Female,70649,10,109,18,7,12,3,230,0,Mobile,Edge,Summer,0,3,0,0
9033,47,Male,82104,18,58,45,18,8,4,155,1,Mobile,Chrome,Winter,0,1,1,37
9034,34,Male,96459,9,18,26,29,13,4,303,0,Desktop,Chrome,Winter,0,5,0,0
9035,49,Male,59821,9,104,48,4,10,1,164,1,Tablet,Edge,Winter,0,5,0,0
9036,63,Female,67940,19,101,30,10,14,5,145,0,Mobile,Edge,Summer,0,1,1,96
9037,23,Male,141402,13,106,13,5,2,4,301,0,Desktop,Safari,Winter,1,5,0,0
9038,41,Male,30935,1,107,4,8,11,0,354,1,Tablet,Edge,Fall,0,5,0,0
9039,23,Female,109577,17,57,43,26,5,8,190,1,Mobile,Firefox,Spring,0,1,1,41
9040,44,Male,32467,4,10,27,25,8,6,129,1,Mobile,Firefox,Winter,1,2,0,0
9041,35,Female,31073,4,94,40,13,10,1,276,0,Tablet,Edge,Winter,0,1,0,0
9042,41,Female,142691,16,68,10,17,14,5,197,1,Mobile,Safari,Summer,0,4,1,261
9043,54,Male,27691,16,92,44,25,13,0,192,0,Tablet,Edge,Spring,0,4,1,304
9044,41,Male,66538,15,37,28,21,12,1,349,0,Desktop,Edge,Spring,0,4,0,0
9045,55,Male,44490,6,76,21,4,0,6,326,0,Tablet,Firefox,Fall,0,3,0,0
9046,51,Female,35688,5,48,11,10,11,2,255,0,Tablet,Edge,Winter,1,3,1,209
9047,57,Female,118505,10,111,20,21,3,6,53,0,Mobile,Firefox,Fall,0,2,1,410
9048,64,Female,70650,7,38,36,25,4,5,109,0,Tablet,Chrome,Spring,1,1,0,0
9049,32,Male,33829,7,38,19,8,10,4,349,0,Mobile,Edge,Winter,0,2,0,0
9050,28,Male,23086,10,28,10,10,5,9,108,0,Tablet,Chrome,Spring,0,4,0,0
9051,39,Male,129609,10,6,15,13,10,8,189,1,Desktop,Firefox,Fall,0,4,1,53
9052,41,Male,22590,15,12,45,12,7,9,330,0,Desktop,Safari,Fall,1,3,0,0
9053,18,Male,59893,6,29,45,21,11,4,281,0,Tablet,Safari,Summer,0,4,0,0
9054,35,Male,93396,2,98,18,13,1,4,29,0,Tablet,Chrome,Fall,1,3,1,155
9055,61,Female,149797,8,36,7,27,5,7,115,0,Mobile,Edge,Winter,0,2,0,0
9056,29,Female,58176,15,60,30,10,6,6,35,1,Desktop,Chrome,Winter,1,1,1,314
9057,60,Female,87484,18,98,14,21,5,0,303,0,Mobile,Edge,Fall,0,1,0,0
9058,45,Male,146484,5,11,37,1,13,9,160,0,Mobile,Firefox,Spring,0,1,0,0
9059,57,Female,122267,4,52,41,9,3,1,127,1,Mobile,Safari,Winter,1,1,1,137
9060,24,Female,118997,10,92,30,3,5,3,302,1,Desktop,Edge,Summer,1,5,1,450
9061,40,Female,46295,19,58,27,17,3,8,36,1,Tablet,Safari,Winter,0,2,0,0
9062,38,Male,58131,14,67,49,21,8,6,71,1,Desktop,Chrome,Summer,0,3,1,243
9063,51,Male,64893,13,77,37,10,12,1,302,1,Mobile,Safari,Winter,0,2,0,0
9064,28,Female,31924,10,84,48,19,0,7,98,1,Mobile,Safari,Fall,0,2,0,0
9065,39,Male,124191,6,6,41,6,11,0,97,0,Mobile,Chrome,Fall,0,5,0,0
9066,59,Male,30851,13,39,17,7,8,7,26,1,Mobile,Safari,Spring,0,5,0,0
9067,52,Male,27734,11,102,30,11,10,4,176,0,Tablet,Chrome,Fall,0,1,1,254
9068,46,Male,62681,15,26,18,16,3,0,176,1,Mobile,Safari,Summer,0,1,0,0
9069,59,Female,134495,2,87,3,4,2,2,13,0,Tablet,Edge,Fall,0,4,0,0
9070,45,Male,140405,15,68,28,4,10,6,158,0,Tablet,Chrome,Spring,0,4,0,0
9071,35,Female,25293,19,63,37,18,4,6,224,0,Mobile,Firefox,Winter,1,5,1,466
9072,31,Female,73203,17,53,30,18,2,7,225,1,Mobile,Safari,Winter,0,1,1,347
9073,35,Male,132149,18,56,21,7,0,3,194,0,Tablet,Safari,Winter,0,3,0,0
9074,45,Male,33820,6,25,49,11,7,5,125,1,Tablet,Firefox,Spring,0,5,0,0
9075,41,Male,87827,15,16,20,5,8,6,7,0,Mobile,Safari,Fall,0,4,1,451
9076,25,Female,67163,17,15,22,21,5,7,312,0,Desktop,Chrome,Spring,0,2,0,0
9077,59,Female,32391,9,58,36,28,1,2,286,0,Mobile,Safari,Fall,0,3,0,0
9078,62,Female,121002,12,87,36,18,12,4,238,0,Desktop,Firefox,Winter,0,3,1,249
9079,25,Female,129870,5,74,21,7,5,7,55,0,Tablet,Edge,Winter,0,5,1,419
9080,21,Female,148670,14,110,24,2,5,5,218,0,Desktop,Chrome,Fall,0,4,0,0
9081,44,Female,61970,8,18,21,29,5,0,217,0,Mobile,Chrome,Summer,0,3,0,0
9082,53,Female,66823,17,37,7,28,9,1,170,1,Tablet,Safari,Winter,0,2,0,0
9083,22,Male,50796,9,115,8,5,10,2,6,0,Tablet,Edge,Summer,1,1,1,321
9084,50,Female,119345,3,106,22,5,13,6,264,1,Tablet,Firefox,Spring,0,5,0,0
9085,51,Female,136245,7,81,22,19,11,9,329,0,Desktop,Safari,Fall,1,4,1,455
9086,47,Female,103127,12,30,30,2,8,2,128,1,Desktop,Safari,Winter,0,4,0,0
9087,25,Female,128176,3,18,34,19,3,8,75,1,Tablet,Safari,Spring,1,3,0,0
9088,56,Male,56389,9,113,29,27,1,8,216,1,Desktop,Firefox,Winter,0,5,1,104
9089,64,Female,23352,14,92,10,5,7,7,326,0,Mobile,Chrome,Summer,0,1,1,221
9090,43,Female,142143,18,52,5,12,5,8,40,1,Desktop,Firefox,Summer,0,1,1,436
9091,54,Male,103598,11,69,49,13,14,7,184,0,Tablet,Firefox,Winter,0,4,1,352
9092,51,Male,48172,4,50,39,22,14,8,80,1,Mobile,Chrome,Fall,0,4,1,228
9093,24,Female,30937,8,113,34,20,14,3,273,1,Tablet,Safari,Summer,0,1,1,178
9094,57,Female,113657,18,59,38,7,9,3,344,1,Tablet,Safari,Winter,0,2,1,40
9095,45,Female,145873,13,98,10,2,0,4,296,0,Mobile,Firefox,Spring,0,4,1,99
9096,56,Female,100138,4,78,9,22,14,6,104,0,Tablet,Firefox,Spring,1,5,0,0
9097,56,Female,127276,10,78,32,14,5,8,314,0,Mobile,Chrome,Summer,1,3,0,0
9098,45,Female,108672,8,96,5,25,1,3,347,1,Desktop,Firefox,Spring,0,4,1,393
9099,31,Male,86481,12,72,35,26,3,6,310,0,Mobile,Safari,Summer,1,2,1,499
9100,55,Male,105348,19,82,11,5,1,5,9,0,Desktop,Chrome,Fall,0,3,0,0
9101,21,Female,93509,12,16,42,20,3,8,307,0,Mobile,Safari,Winter,1,2,0,0
9102,59,Female,43552,2,58,16,25,6,8,138,0,Mobile,Safari,Fall,1,2,1,360
9103,35,Female,34118,8,68,27,22,7,8,49,0,Tablet,Chrome,Summer,0,3,0,0
9104,61,Male,31290,13,106,20,12,13,4,158,1,Desktop,Edge,Summer,0,4,1,244
9105,42,Female,45123,1,51,1,4,2,2,265,0,Mobile,Chrome,Winter,0,1,1,256
9106,24,Male,101919,3,41,26,17,13,5,174,0,Mobile,Safari,Spring,1,3,0,0
9107,55,Male,79551,2,78,11,16,12,1,282,0,Tablet,Chrome,Spring,1,3,1,183
9108,45,Female,72136,8,45,15,25,0,6,192,1,Tablet,Chrome,Spring,0,1,0,0
9109,22,Male,83886,3,31,39,10,9,6,162,1,Desktop,Firefox,Summer,0,3,0,0
9110,20,Female,137278,15,46,40,3,14,1,227,1,Tablet,Edge,Winter,0,5,0,0
9111,61,Male,95902,2,80,48,22,13,5,128,1,Mobile,Edge,Spring,1,4,0,0
9112,48,Female,87333,17,90,18,1,0,3,27,1,Mobile,Firefox,Summer,0,1,0,0
9113,64,Female,111992,6,72,24,6,9,6,84,0,Mobile,Safari,Summer,0,4,0,0
9114,59,Male,64016,1,33,28,3,14,7,216,1,Tablet,Safari,Summer,0,1,1,351
9115,37,Male,41427,4,40,25,19,10,9,169,0,Desktop,Chrome,Winter,1,3,0,0
9116,36,Male,22257,19,113,23,27,6,0,83,0,Mobile,Edge,Fall,1,3,0,0
9117,28,Female,87733,7,61,11,7,14,4,18,0,Tablet,Chrome,Winter,0,4,1,61
9118,57,Male,28222,14,82,33,27,11,8,306,0,Mobile,Firefox,Summer,0,2,1,440
9119,20,Male,45187,14,16,16,9,0,1,299,0,Tablet,Chrome,Fall,1,5,1,117
9120,40,Female,99688,10,49,36,22,2,3,41,1,Desktop,Safari,Spring,0,4,0,0
9121,24,Female,40781,7,24,23,12,10,7,360,0,Tablet,Edge,Summer,0,3,1,278
9122,40,Male,145890,16,49,6,14,4,4,18,1,Desktop,Firefox,Spring,0,4,0,0
9123,24,Male,121216,4,27,43,1,10,7,189,1,Desktop,Safari,Summer,0,4,0,0
9124,63,Male,146682,7,66,24,25,4,9,200,0,Tablet,Safari,Winter,0,3,1,170
9125,51,Female,31004,15,90,38,13,14,9,356,0,Desktop,Safari,Spring,0,2,1,91
9126,59,Female,127178,17,38,42,21,10,0,53,0,Tablet,Safari,Winter,0,1,1,294
9127,36,Male,77600,3,25,6,2,14,6,80,0,Mobile,Safari,Fall,1,2,0,0
9128,26,Female,45515,16,55,10,3,3,5,309,1,Desktop,Firefox,Winter,0,3,1,448
9129,35,Male,100952,2,13,22,11,7,1,269,0,Mobile,Safari,Winter,1,4,0,0
9130,58,Male,91688,7,78,23,5,2,6,282,0,Mobile,Safari,Winter,1,5,0,0
9131,62,Female,92708,16,117,5,28,7,2,112,1,Desktop,Safari,Spring,1,1,1,385
9132,59,Male,137582,9,14,28,2,5,3,90,1,Tablet,Edge,Winter,0,4,1,133
9133,42,Male,23185,12,56,9,14,3,5,247,0,Tablet,Safari,Spring,0,2,0,0
9134,31,Female,110888,1,49,39,28,9,2,56,1,Tablet,Chrome,Summer,0,1,1,59
9135,61,Male,137420,14,56,49,13,10,0,341,0,Tablet,Firefox,Summer,1,5,1,373
9136,42,Male,143611,11,34,44,14,14,9,189,1,Mobile,Firefox,Fall,1,2,0,0
9137,36,Female,74476,18,68,28,28,2,0,149,0,Tablet,Chrome,Summer,0,1,1,431
9138,56,Male,116279,5,101,25,3,9,5,264,1,Desktop,Safari,Summer,1,4,1,361
9139,32,Male,51212,15,6,43,8,14,3,225,0,Mobile,Firefox,Fall,0,5,0,0
9140,33,Female,112154,7,53,38,13,12,6,192,1,Tablet,Safari,Summer,1,4,0,0
9141,44,Female,94697,14,100,27,22,11,8,328,1,Mobile,Edge,Fall,0,3,1,464
9142,57,Female,142537,8,49,24,12,9,7,70,1,Desktop,Chrome,Winter,0,5,1,43
9143,27,Male,68533,4,21,43,18,1,2,6,1,Desktop,Firefox,Summer,0,1,0,0
9144,21,Female,142982,3,32,43,18,5,6,22,1,Tablet,Firefox,Winter,1,3,0,0
9145,36,Male,103003,12,49,46,17,14,0,174,1,Desktop,Safari,Winter,0,3,0,0
9146,45,Female,107125,18,21,16,7,0,1,95,1,Mobile,Chrome,Spring,0,4,1,443
9147,38,Male,57630,15,119,2,22,9,8,189,0,Desktop,Edge,Winter,1,1,0,0
9148,64,Male,88606,11,63,2,13,7,9,318,1,Tablet,Edge,Fall,0,2,0,0
9149,31,Female,130244,11,18,5,13,12,7,69,0,Mobile,Firefox,Spring,0,3,0,0
9150,50,Male,94099,12,14,46,6,4,6,86,1,Tablet,Safari,Winter,1,5,1,140
9151,27,Male,110790,19,102,21,21,12,9,57,1,Mobile,Safari,Summer,0,5,1,15
9152,36,Female,133235,17,82,10,19,6,1,112,1,Tablet,Safari,Winter,0,2,1,108
9153,47,Male,148969,6,85,42,24,11,1,153,1,Desktop,Edge,Winter,1,3,0,0
9154,39,Male,36585,8,105,18,19,11,6,329,0,Desktop,Safari,Winter,1,2,1,301
9155,20,Male,115833,15,90,26,21,6,6,153,1,Tablet,Chrome,Winter,1,5,1,441
9156,54,Female,69240,10,22,20,24,10,5,93,0,Tablet,Firefox,Summer,0,5,1,307
9157,58,Female,34772,15,39,41,28,9,9,161,0,Tablet,Safari,Spring,1,1,0,0
9158,35,Female,99991,12,52,36,16,5,4,363,1,Tablet,Edge,Fall,0,3,0,0
9159,28,Female,91835,11,62,49,3,4,5,8,1,Tablet,Chrome,Fall,0,4,0,0
9160,19,Female,95724,18,119,21,14,1,8,360,1,Desktop,Firefox,Spring,1,5,1,192
9161,29,Female,130990,5,22,2,21,14,3,120,1,Tablet,Firefox,Summer,0,4,0,0
9162,23,Female,132315,12,56,46,27,2,9,141,0,Mobile,Safari,Spring,0,1,1,65
9163,60,Female,110299,5,34,33,6,14,0,317,0,Mobile,Edge,Summer,0,3,1,80
9164,57,Male,118053,10,41,23,17,2,8,240,0,Desktop,Edge,Spring,1,2,0,0
9165,61,Male,107091,14,44,39,16,4,7,117,0,Tablet,Firefox,Winter,0,3,0,0
9166,46,Male,114859,16,10,31,2,1,1,114,0,Desktop,Safari,Fall,0,5,1,27
9167,47,Male,37938,5,83,4,23,10,3,361,1,Desktop,Edge,Winter,1,4,0,0
9168,19,Female,41983,11,39,41,9,0,2,27,0,Tablet,Edge,Summer,1,4,0,0
9169,26,Male,32874,19,30,3,13,3,2,310,1,Mobile,Chrome,Winter,0,2,0,0
9170,64,Male,110341,8,109,37,14,9,5,289,0,Mobile,Firefox,Winter,0,4,1,320
9171,19,Male,80896,19,95,10,26,12,6,223,1,Tablet,Safari,Summer,0,3,1,270
9172,46,Male,66209,18,34,42,20,2,7,156,0,Tablet,Chrome,Summer,1,3,1,427
9173,50,Male,52822,12,79,32,21,10,6,213,1,Tablet,Safari,Summer,0,3,0,0
9174,27,Female,40750,13,28,36,12,2,8,180,0,Tablet,Edge,Winter,1,3,0,0
9175,51,Female,122335,18,59,49,20,11,1,285,1,Tablet,Firefox,Fall,1,2,1,479
9176,61,Male,62083,15,82,27,11,9,9,93,1,Mobile,Chrome,Fall,1,4,0,0
9177,25,Male,137828,15,91,49,19,10,3,189,1,Desktop,Firefox,Summer,0,2,1,90
9178,54,Male,142766,12,13,19,10,5,1,244,0,Desktop,Edge,Summer,1,4,0,0
9179,50,Male,47946,9,110,38,18,11,2,329,1,Mobile,Firefox,Spring,0,5,1,416
9180,64,Female,147945,19,66,1,3,8,9,317,1,Tablet,Safari,Winter,0,3,0,0
9181,23,Male,21552,12,115,26,16,9,0,150,1,Tablet,Edge,Summer,0,2,1,41
9182,61,Female,115585,5,22,46,18,12,7,200,0,Desktop,Safari,Spring,0,3,0,0
9183,57,Male,93331,10,55,13,14,9,4,313,1,Tablet,Chrome,Winter,0,4,0,0
9184,62,Female,25271,7,107,35,24,10,4,45,0,Desktop,Safari,Winter,0,4,1,152
9185,36,Female,100201,11,23,2,17,14,7,81,0,Mobile,Chrome,Summer,0,3,0,0
9186,49,Female,85651,8,73,22,5,12,8,215,1,Mobile,Edge,Spring,0,5,1,279
9187,44,Male,121917,7,86,39,17,13,8,231,1,Desktop,Edge,Winter,0,2,1,313
9188,18,Male,48994,16,37,28,21,1,9,30,0,Tablet,Firefox,Spring,0,5,0,0
9189,60,Female,47186,16,112,44,14,4,8,142,0,Desktop,Firefox,Fall,0,4,1,415
9190,50,Male,50267,14,42,2,3,1,1,217,1,Desktop,Firefox,Fall,1,5,0,0
9191,57,Male,59140,15,17,11,25,5,6,336,1,Mobile,Edge,Spring,0,2,0,0
9192,49,Female,134434,9,53,48,15,0,6,146,1,Desktop,Firefox,Summer,1,1,0,0
9193,22,Male,44935,16,77,37,12,0,3,160,1,Mobile,Chrome,Summer,0,1,1,156
9194,34,Female,51748,16,94,26,17,8,4,166,0,Mobile,Edge,Fall,0,1,0,0
9195,25,Male,110139,5,57,28,26,9,5,116,0,Mobile,Chrome,Winter,1,3,0,0
9196,59,Male,23837,3,5,26,17,4,6,53,0,Desktop,Edge,Spring,0,4,0,0
9197,51,Female,84875,13,16,17,24,8,1,143,0,Desktop,Firefox,Winter,0,3,0,0
9198,26,Female,121837,8,28,3,19,11,9,305,0,Tablet,Safari,Winter,0,1,0,0
9199,40,Female,82694,17,5,14,27,11,1,33,0,Tablet,Firefox,Winter,0,2,0,0
9200,52,Female,29610,5,72,16,7,7,1,269,0,Mobile,Chrome,Winter,0,4,0,0
9201,24,Male,48615,6,11,49,26,8,4,199,1,Tablet,Safari,Summer,0,3,1,172
9202,32,Male,96644,2,96,36,5,8,5,192,0,Tablet,Firefox,Winter,0,5,1,216
9203,37,Male,124135,14,105,28,2,7,5,147,0,Mobile,Edge,Spring,0,5,1,48
9204,42,Female,42347,4,73,28,16,2,2,85,0,Mobile,Edge,Summer,0,2,0,0
9205,20,Male,54062,3,43,25,13,6,3,56,0,Desktop,Firefox,Summer,0,3,1,170
9206,63,Male,75122,9,36,9,11,3,6,293,1,Mobile,Chrome,Winter,1,4,0,0
9207,41,Male,68431,18,53,11,7,7,6,58,0,Tablet,Chrome,Fall,1,1,1,292
9208,51,Female,93086,12,35,37,23,6,5,9,0,Tablet,Edge,Summer,0,1,0,0
9209,63,Female,48205,9,112,43,3,11,0,132,1,Tablet,Chrome,Spring,1,4,1,207
9210,39,Male,38459,18,83,45,6,8,9,71,0,Desktop,Chrome,Fall,0,2,1,337
9211,28,Male,132134,13,7,21,5,7,5,191,1,Tablet,Safari,Fall,0,5,0,0
9212,25,Female,131335,14,117,2,1,13,0,104,0,Desktop,Safari,Winter,1,2,1,110
9213,56,Female,43750,10,114,34,1,2,4,247,0,Tablet,Chrome,Fall,0,2,1,391
9214,60,Female,130173,3,51,42,18,4,5,319,0,Desktop,Edge,Spring,1,4,1,175
9215,52,Female,47729,7,115,13,23,2,6,61,0,Tablet,Safari,Spring,0,3,1,125
9216,63,Male,139895,18,19,5,3,10,7,264,0,Desktop,Firefox,Fall,1,3,0,0
9217,55,Female,58585,16,55,11,25,11,8,90,0,Tablet,Safari,Summer,0,1,0,0
9218,25,Male,103698,17,111,29,19,8,5,283,0,Mobile,Firefox,Spring,1,5,1,90
9219,54,Female,65635,6,86,47,10,0,6,45,1,Mobile,Chrome,Summer,0,5,1,359
9220,44,Male,64854,12,89,28,20,6,3,270,0,Desktop,Firefox,Fall,1,1,1,387
9221,45,Male,96226,19,78,28,11,8,9,362,0,Desktop,Chrome,Fall,0,5,1,319
9222,57,Female,49104,3,25,5,8,2,6,72,1,Tablet,Edge,Fall,0,5,1,389
9223,51,Male,102293,3,94,20,20,6,9,52,0,Desktop,Chrome,Summer,0,3,0,0
9224,49,Male,34770,18,45,37,23,6,0,181,0,Desktop,Chrome,Summer,0,5,0,0
9225,32,Male,148186,11,7,39,11,10,2,307,1,Desktop,Safari,Winter,0,1,0,0
9226,61,Female,148750,6,5,10,5,13,0,130,0,Tablet,Firefox,Summer,0,4,0,0
9227,34,Female,132633,19,25,32,22,1,7,48,1,Tablet,Edge,Spring,0,2,0,0
9228,50,Female,142245,5,79,29,24,4,2,187,0,Mobile,Safari,Fall,1,2,0,0
9229,64,Male,95993,13,84,2,4,9,6,323,0,Mobile,Chrome,Summer,1,1,0,0
9230,63,Male,144011,5,103,1,13,13,1,80,0,Tablet,Safari,Summer,0,4,0,0
9231,33,Male,128338,3,25,20,6,12,4,137,1,Mobile,Chrome,Summer,0,2,0,0
9232,46,Male,37957,19,109,1,29,6,2,103,0,Mobile,Firefox,Spring,0,1,0,0
9233,26,Female,75178,17,79,4,26,1,9,2,0,Desktop,Chrome,Summer,0,4,0,0
9234,50,Male,115155,3,99,15,2,9,2,75,1,Mobile,Chrome,Spring,0,2,1,447
9235,46,Male,40828,15,53,47,25,9,4,221,0,Tablet,Safari,Fall,0,1,0,0
9236,30,Male,37171,17,69,30,28,1,7,270,1,Tablet,Chrome,Spring,0,1,1,268
9237,38,Female,119849,13,45,6,25,10,1,252,1,Desktop,Firefox,Winter,0,5,0,0
9238,38,Male,81465,14,100,38,28,12,3,315,0,Mobile,Edge,Winter,0,2,1,256
9239,22,Female,131663,16,71,1,26,5,3,303,0,Mobile,Firefox,Fall,0,3,0,0
9240,27,Female,33146,11,100,7,26,1,4,164,1,Tablet,Chrome,Winter,0,3,1,474
9241,23,Male,143249,17,46,5,6,9,5,33,1,Mobile,Firefox,Fall,0,1,0,0
9242,30,Male,148611,5,73,49,22,13,8,359,0,Desktop,Chrome,Spring,0,4,1,270
9243,18,Male,66266,15,61,7,10,0,4,191,0,Desktop,Chrome,Winter,1,4,0,0
9244,37,Male,148523,18,47,36,23,2,9,235,0,Mobile,Firefox,Summer,0,1,0,0
9245,64,Female,65939,16,105,3,4,11,7,18,1,Desktop,Safari,Fall,1,5,1,49
9246,63,Female,34202,14,16,12,16,0,4,217,0,Mobile,Edge,Winter,0,1,0,0
9247,25,Female,57142,14,82,15,23,5,2,357,0,Desktop,Edge,Winter,0,3,0,0
9248,27,Female,83828,13,68,20,10,3,5,5,0,Mobile,Chrome,Winter,0,5,0,0
9249,26,Female,107367,1,112,41,1,1,3,288,0,Tablet,Safari,Winter,1,4,1,491
9250,58,Female,79046,6,55,21,13,12,4,177,1,Desktop,Safari,Summer,1,3,1,110
9251,20,Female,29849,11,77,32,14,14,7,73,1,Desktop,Edge,Summer,0,4,0,0
9252,28,Female,79272,11,64,12,23,11,3,270,0,Desktop,Chrome,Fall,1,4,1,264
9253,29,Female,40439,16,75,37,12,6,6,320,0,Mobile,Firefox,Spring,0,3,0,0
9254,27,Female,102526,3,84,40,13,6,2,32,1,Tablet,Chrome,Fall,1,3,1,412
9255,42,Male,98872,17,32,47,1,7,3,137,1,Mobile,Edge,Winter,0,4,1,186
9256,42,Male,55344,14,75,7,27,11,7,109,1,Mobile,Firefox,Fall,0,2,1,17
9257,28,Male,108489,2,18,45,14,11,7,304,0,Mobile,Chrome,Spring,0,5,1,151
9258,53,Female,73276,9,36,31,8,6,8,308,0,Desktop,Safari,Summer,1,2,1,239
9259,56,Male,25051,8,12,1,26,12,3,109,0,Mobile,Chrome,Spring,0,2,0,0
9260,43,Female,69474,11,31,11,22,0,9,137,1,Desktop,Firefox,Winter,1,2,0,0
9261,31,Female,95604,7,54,45,14,2,3,108,0,Mobile,Firefox,Fall,1,4,0,0
9262,56,Male,149336,2,63,34,1,12,4,32,1,Desktop,Chrome,Fall,0,2,0,0
9263,57,Female,36967,4,61,19,27,0,4,364,0,Tablet,Edge,Fall,0,4,0,0
9264,18,Male,41773,14,7,11,28,1,2,138,0,Desktop,Firefox,Fall,0,5,0,0
9265,21,Female,129305,13,31,33,17,0,0,93,0,Desktop,Edge,Summer,1,1,0,0
9266,47,Female,116550,13,98,33,16,11,9,214,0,Tablet,Chrome,Spring,0,4,0,0
9267,29,Male,94383,13,38,8,12,8,0,69,1,Mobile,Edge,Winter,0,4,0,0
9268,52,Male,90417,5,30,45,29,6,7,267,0,Desktop,Safari,Fall,0,2,0,0
9269,30,Male,61182,12,105,8,29,8,3,186,0,Desktop,Chrome,Summer,0,2,0,0
9270,48,Male,136810,6,44,34,20,14,9,284,0,Desktop,Chrome,Spring,1,3,0,0
9271,55,Male,83589,14,119,40,23,7,1,344,0,Tablet,Firefox,Spring,0,4,0,0
9272,60,Male,93235,8,90,27,5,9,5,162,0,Desktop,Chrome,Summer,0,4,0,0
9273,40,Female,44180,8,36,29,21,1,8,106,0,Desktop,Safari,Winter,0,4,1,488
9274,21,Female,134349,7,45,14,24,0,4,296,0,Tablet,Safari,Winter,0,1,1,29
9275,33,Female,84372,17,6,34,18,4,2,192,0,Mobile,Chrome,Winter,0,3,1,363
9276,24,Female,71372,11,115,45,4,6,3,138,1,Tablet,Edge,Fall,0,2,0,0
9277,39,Male,123427,10,76,37,20,1,1,282,0,Mobile,Firefox,Fall,0,3,0,0
9278,46,Female,134515,13,110,1,11,3,6,43,1,Tablet,Edge,Summer,1,1,1,147
9279,28,Female,89086,10,11,9,8,6,3,233,1,Desktop,Safari,Fall,1,1,0,0
9280,50,Male,42163,14,23,10,22,12,3,327,1,Tablet,Chrome,Winter,0,2,0,0
9281,46,Female,128938,9,37,30,26,13,7,112,0,Mobile,Chrome,Winter,1,4,1,416
9282,56,Male,83089,7,6,43,9,8,9,335,0,Mobile,Edge,Winter,0,4,0,0
9283,29,Male,139616,7,71,18,26,5,4,62,0,Mobile,Safari,Winter,0,2,0,0
9284,24,Male,115211,18,96,17,25,6,2,237,0,Desktop,Firefox,Summer,0,2,0,0
9285,56,Female,130481,16,82,6,20,7,5,195,0,Tablet,Chrome,Summer,0,2,1,350
9286,59,Male,52934,8,19,11,10,11,7,301,0,Desktop,Edge,Spring,0,4,0,0
9287,43,Female,75595,16,25,24,7,11,9,189,1,Desktop,Safari,Fall,0,5,0,0
9288,57,Female,46592,19,82,36,19,7,0,218,0,Mobile,Chrome,Spring,0,2,0,0
9289,26,Female,126613,15,63,33,22,12,8,199,1,Mobile,Edge,Summer,0,1,1,395
9290,58,Male,43039,15,108,33,29,8,3,202,0,Tablet,Edge,Fall,0,4,0,0
9291,51,Male,84099,6,86,18,1,11,4,350,1,Mobile,Safari,Winter,0,3,1,78
9292,62,Male,128305,9,117,5,5,13,9,47,1,Mobile,Edge,Fall,0,2,1,272
9293,30,Female,109262,15,43,31,6,14,2,255,0,Desktop,Chrome,Spring,1,2,1,10
9294,53,Female,120510,7,24,16,12,13,8,323,1,Tablet,Edge,Spring,0,3,1,41
9295,42,Male,148383,8,5,2,28,9,5,230,0,Mobile,Edge,Winter,0,3,1,362
9296,41,Female,54018,18,77,9,12,1,0,285,1,Mobile,Firefox,Spring,0,1,0,0
9297,61,Male,73158,16,13,2,21,12,8,191,0,Desktop,Firefox,Winter,0,4,0,0
9298,34,Male,145989,15,111,37,14,14,4,25,1,Mobile,Safari,Fall,1,4,0,0
9299,19,Female,24558,3,55,20,7,14,2,110,0,Mobile,Chrome,Fall,0,4,0,0
9300,30,Female,52174,1,42,17,28,6,3,260,0,Tablet,Edge,Winter,0,1,1,255
9301,48,Male,115941,13,107,25,20,1,4,69,0,Desktop,Firefox,Summer,1,1,0,0
9302,46,Female,62631,12,97,19,21,6,0,63,0,Desktop,Edge,Fall,0,5,0,0
9303,45,Male,87687,9,19,42,20,10,9,262,0,Mobile,Edge,Summer,1,2,1,161
9304,44,Male,123381,2,88,8,14,8,2,339,1,Desktop,Edge,Fall,0,3,1,416
9305,32,Female,35552,9,106,11,16,3,6,18,1,Desktop,Safari,Fall,1,3,0,0
9306,48,Male,55065,8,45,13,9,11,8,358,0,Tablet,Firefox,Summer,0,3,1,224
9307,57,Female,127532,5,98,13,2,4,5,36,0,Desktop,Edge,Spring,0,1,0,0
9308,32,Male,22614,13,51,9,17,4,3,332,0,Tablet,Firefox,Winter,0,2,0,0
9309,50,Female,54647,2,30,5,4,11,3,88,0,Tablet,Edge,Spring,0,1,0,0
9310,37,Female,77940,10,58,18,14,1,8,185,0,Mobile,Edge,Spring,1,5,0,0
9311,59,Male,20620,6,74,40,14,12,0,158,1,Desktop,Chrome,Summer,1,3,0,0
9312,29,Female,43082,7,43,14,28,2,5,248,1,Mobile,Chrome,Spring,0,4,0,0
9313,54,Female,41891,3,21,34,15,12,3,295,0,Desktop,Firefox,Summer,1,2,0,0
9314,26,Male,126566,14,74,22,28,9,2,290,1,Desktop,Edge,Fall,0,5,1,309
9315,40,Female,82395,16,96,48,12,0,0,58,1,Desktop,Firefox,Winter,0,4,0,0
9316,25,Male,70955,6,13,33,13,2,4,212,1,Tablet,Edge,Winter,0,4,0,0
9317,49,Female,52314,8,95,24,22,4,3,356,1,Desktop,Firefox,Spring,0,2,0,0
9318,31,Male,43500,1,103,29,10,8,9,215,0,Desktop,Firefox,Summer,1,3,1,289
9319,44,Male,73685,15,50,13,16,0,3,290,0,Tablet,Safari,Spring,1,2,0,0
9320,42,Male,143947,17,10,27,29,5,7,358,0,Mobile,Safari,Fall,1,4,0,0
9321,30,Male,84783,18,72,1,29,11,1,136,0,Mobile,Firefox,Summer,0,4,1,457
9322,38,Female,120229,3,20,7,15,1,9,299,1,Tablet,Chrome,Winter,1,2,0,0
9323,62,Male,70189,6,91,4,8,11,9,319,1,Desktop,Chrome,Winter,0,3,0,0
9324,48,Female,113554,17,116,10,4,5,3,255,0,Mobile,Edge,Spring,0,4,1,179
9325,54,Male,39567,13,91,40,1,9,0,190,0,Tablet,Safari,Winter,0,2,1,411
9326,60,Female,45978,17,33,35,14,5,1,350,0,Tablet,Firefox,Winter,1,4,0,0
9327,22,Male,96089,16,45,39,9,0,9,111,1,Desktop,Chrome,Winter,0,1,1,358
9328,30,Female,29630,17,72,16,19,4,9,276,0,Mobile,Edge,Spring,0,1,0,0
9329,45,Female,32003,1,66,27,6,9,2,180,0,Tablet,Edge,Spring,0,3,1,436
9330,60,Male,61444,16,108,20,16,1,0,84,0,Desktop,Firefox,Fall,0,2,0,0
9331,42,Male,106184,6,44,10,26,0,1,84,1,Tablet,Edge,Summer,0,4,1,300
9332,52,Male,51607,8,66,45,24,10,6,302,0,Tablet,Safari,Winter,0,2,0,0
9333,64,Female,123202,1,28,33,11,8,9,343,1,Tablet,Safari,Fall,1,4,1,266
9334,56,Female,44821,2,10,7,21,5,9,62,0,Mobile,Chrome,Summer,0,5,0,0
9335,24,Female,34601,15,44,42,27,0,5,138,1,Mobile,Firefox,Fall,1,1,1,233
9336,55,Female,65904,5,74,44,23,9,1,133,0,Mobile,Safari,Fall,1,2,0,0
9337,49,Male,132882,15,62,46,11,8,0,352,1,Mobile,Chrome,Winter,1,3,1,360
9338,20,Male,91657,10,18,22,14,11,9,146,1,Desktop,Edge,Summer,1,3,0,0
9339,62,Male,58557,5,82,43,11,8,8,317,0,Tablet,Firefox,Winter,1,4,1,58
9340,56,Male,72523,3,118,17,26,12,0,319,0,Tablet,Firefox,Spring,0,1,0,0
9341,54,Female,101846,6,49,9,14,6,9,89,0,Tablet,Edge,Winter,1,5,1,332
9342,39,Female,70502,15,115,40,25,8,4,255,0,Tablet,Safari,Fall,1,4,1,406
9343,25,Male,143409,18,103,10,1,0,8,209,1,Mobile,Edge,Fall,0,1,1,187
9344,34,Female,42098,14,10,36,11,14,8,261,1,Mobile,Edge,Spring,0,3,1,22
9345,44,Male,65902,10,27,31,24,12,5,355,1,Tablet,Chrome,Spring,1,2,0,0
9346,50,Female,138502,4,66,31,18,2,2,251,0,Mobile,Firefox,Spring,0,3,1,287
9347,63,Female,109067,11,88,5,17,7,1,21,0,Mobile,Edge,Fall,0,5,0,0
9348,34,Female,59253,7,21,18,4,2,2,100,1,Mobile,Chrome,Winter,1,4,1,478
9349,59,Female,95516,15,88,6,22,7,0,275,1,Mobile,Edge,Summer,0,3,0,0
9350,29,Female,144582,9,116,42,14,2,2,151,0,Tablet,Firefox,Summer,0,2,1,344
9351,63,Female,121929,15,74,28,8,3,1,325,0,Desktop,Edge,Spring,1,3,0,0
9352,44,Male,64280,12,108,43,15,12,7,161,0,Tablet,Firefox,Summer,1,5,1,217
9353,25,Female,28951,18,32,24,16,11,9,239,0,Desktop,Firefox,Fall,1,1,0,0
9354,40,Male,28117,6,17,5,1,11,6,35,0,Tablet,Chrome,Winter,1,2,0,0
9355,59,Male,45979,18,33,28,1,13,0,315,0,Desktop,Edge,Summer,0,4,1,287
9356,46,Male,94525,18,49,3,10,3,0,42,0,Mobile,Edge,Spring,1,4,0,0
9357,37,Male,36915,6,24,18,2,4,4,127,0,Mobile,Edge,Winter,0,3,0,0
9358,33,Male,79261,15,62,4,25,9,3,218,0,Tablet,Safari,Fall,0,1,1,462
9359,34,Male,115071,19,85,40,12,9,7,357,1,Desktop,Firefox,Summer,0,3,1,273
9360,33,Female,117660,5,58,49,4,10,7,86,0,Desktop,Safari,Summer,0,4,0,0
9361,36,Female,138825,4,103,42,23,3,2,203,1,Tablet,Firefox,Winter,0,2,0,0
9362,25,Female,129912,17,113,32,19,6,4,49,0,Mobile,Safari,Summer,0,3,1,120
9363,55,Male,118902,10,107,32,27,10,6,297,0,Mobile,Edge,Winter,0,5,1,192
9364,55,Male,92964,12,68,19,1,3,7,333,1,Desktop,Chrome,Spring,0,5,0,0
9365,46,Male,110417,5,56,29,1,10,2,206,1,Desktop,Firefox,Winter,1,1,0,0
9366,58,Female,90440,7,105,33,9,0,7,105,1,Desktop,Firefox,Summer,0,1,1,476
9367,53,Female,55677,12,47,2,20,4,9,49,1,Mobile,Safari,Fall,0,1,1,194
9368,43,Female,131855,2,91,11,13,11,8,71,0,Tablet,Safari,Summer,1,5,1,126
9369,48,Male,69830,17,22,47,11,7,2,84,1,Desktop,Safari,Spring,0,2,1,206
9370,61,Male,72536,13,104,33,19,5,1,174,0,Desktop,Chrome,Summer,1,2,1,207
9371,29,Male,28922,5,88,41,21,3,1,320,1,Tablet,Firefox,Fall,1,4,0,0
9372,34,Female,116696,5,58,40,17,3,4,252,0,Mobile,Chrome,Fall,1,2,0,0
9373,32,Male,87561,12,64,1,3,12,9,155,1,Desktop,Chrome,Summer,0,5,1,349
9374,26,Male,33220,12,75,42,20,0,0,290,1,Mobile,Safari,Summer,0,1,0,0
9375,56,Male,65958,7,104,17,13,9,5,214,1,Desktop,Edge,Summer,0,4,0,0
9376,59,Male,73380,6,110,16,28,12,6,191,0,Tablet,Safari,Fall,0,5,0,0
9377,29,Female,22766,10,5,2,22,0,4,358,0,Tablet,Firefox,Summer,0,1,0,0
9378,49,Female,104018,19,117,49,25,2,7,101,1,Desktop,Edge,Winter,1,5,0,0
9379,42,Male,141449,16,41,4,19,3,5,195,0,Tablet,Firefox,Fall,0,5,0,0
9380,56,Male,53159,2,53,32,20,14,0,155,0,Tablet,Firefox,Spring,0,5,1,339
9381,35,Female,30935,4,39,7,21,3,8,7,0,Desktop,Edge,Summer,0,4,0,0
9382,32,Female,23784,9,109,29,24,1,4,123,0,Desktop,Safari,Fall,1,5,0,0
9383,49,Male,108586,5,71,9,9,10,4,279,1,Mobile,Safari,Summer,0,5,1,466
9384,23,Female,40221,1,39,35,19,8,0,127,1,Mobile,Edge,Winter,0,3,0,0
9385,61,Female,49179,11,97,5,19,7,4,216,0,Mobile,Chrome,Winter,0,3,1,349
9386,60,Male,38069,19,13,21,23,2,2,242,1,Mobile,Firefox,Summer,1,1,0,0
9387,52,Female,141185,3,41,17,25,10,9,164,0,Tablet,Chrome,Spring,0,5,0,0
9388,51,Female,55682,1,64,39,1,1,2,314,1,Mobile,Firefox,Winter,0,5,1,447
9389,55,Female,76268,4,60,14,17,0,9,11,1,Desktop,Firefox,Spring,0,5,0,0
9390,22,Female,111530,9,110,32,14,9,7,263,1,Desktop,Firefox,Summer,0,5,0,0
9391,35,Male,131547,16,115,15,12,8,8,322,0,Mobile,Chrome,Summer,0,5,0,0
9392,33,Female,114303,7,93,21,2,4,5,287,0,Desktop,Edge,Summer,0,3,1,243
9393,25,Female,147081,5,16,14,22,7,2,46,1,Mobile,Edge,Summer,1,1,1,56
9394,42,Male,97818,13,106,41,3,12,7,326,0,Desktop,Chrome,Winter,0,1,1,234
9395,49,Female,40110,11,75,16,28,14,2,254,0,Desktop,Chrome,Summer,0,3,1,461
9396,43,Male,131269,14,75,1,24,3,6,229,0,Tablet,Edge,Fall,0,3,0,0
9397,39,Male,51232,17,8,40,5,1,1,309,1,Tablet,Safari,Fall,1,3,1,89
9398,48,Female,146509,12,65,18,3,4,5,349,1,Mobile,Edge,Summer,0,5,0,0
9399,60,Female,64273,19,49,34,14,7,7,68,0,Tablet,Safari,Summer,0,5,0,0
9400,27,Female,90487,5,115,26,24,14,2,46,1,Tablet,Edge,Fall,1,2,0,0
9401,29,Female,75210,8,99,36,24,5,8,293,1,Tablet,Chrome,Winter,1,3,1,241
9402,45,Female,93191,2,54,21,18,7,8,332,0,Mobile,Safari,Summer,1,4,0,0
9403,23,Male,49461,17,54,1,5,10,2,155,0,Mobile,Safari,Summer,0,4,0,0
9404,37,Female,24610,2,107,27,3,2,2,281,0,Desktop,Chrome,Spring,0,5,0,0
9405,22,Male,76973,3,78,11,23,4,4,12,0,Tablet,Firefox,Winter,0,1,0,0
9406,40,Female,117153,18,52,38,2,1,8,188,0,Desktop,Safari,Spring,0,4,1,19
9407,26,Male,103004,15,27,14,9,11,0,17,1,Desktop,Chrome,Spring,1,2,1,109
9408,46,Female,27583,5,94,28,18,14,0,128,1,Desktop,Firefox,Spring,0,2,0,0
9409,33,Female,45583,17,91,27,27,10,0,351,1,Mobile,Safari,Fall,1,1,1,172
9410,63,Female,37701,14,97,22,2,11,3,119,0,Mobile,Chrome,Summer,1,5,1,336
9411,39,Female,26880,1,12,21,22,2,6,9,1,Tablet,Edge,Fall,0,1,0,0
9412,25,Female,120653,14,87,24,19,6,1,211,0,Desktop,Edge,Spring,0,4,0,0
9413,37,Male,109257,9,33,19,3,0,2,118,1,Desktop,Edge,Fall,0,2,0,0
9414,31,Female,71845,5,47,24,26,7,3,29,1,Mobile,Edge,Winter,0,5,1,19
9415,56,Female,125512,4,57,26,18,4,0,117,1,Tablet,Firefox,Winter,1,2,0,0
9416,54,Female,112390,1,10,25,14,1,1,141,0,Desktop,Safari,Spring,1,1,0,0
9417,51,Male,132024,3,97,45,13,2,1,303,0,Tablet,Edge,Summer,1,3,1,282
9418,28,Female,92417,11,28,44,16,12,5,234,1,Tablet,Edge,Fall,0,2,0,0
9419,57,Male,23722,16,78,29,21,3,3,131,0,Desktop,Chrome,Winter,1,4,0,0
9420,50,Female,40077,11,119,10,28,1,6,164,0,Mobile,Chrome,Summer,0,5,0,0
9421,48,Male,100868,10,18,11,11,9,7,185,0,Mobile,Safari,Fall,0,1,0,0
9422,61,Female,139080,12,56,24,21,12,1,259,1,Mobile,Edge,Winter,0,2,1,419
9423,51,Female,147430,5,74,24,23,4,1,165,0,Tablet,Chrome,Fall,1,2,0,0
9424,24,Male,125528,10,8,12,24,6,4,20,0,Mobile,Firefox,Fall,0,2,0,0
9425,40,Female,33229,13,62,7,24,12,3,330,0,Mobile,Chrome,Fall,1,3,0,0
9426,63,Male,93338,19,83,40,12,8,9,278,0,Desktop,Safari,Spring,0,4,1,271
9427,24,Female,81679,7,41,17,3,0,1,149,0,Tablet,Edge,Winter,0,2,0,0
9428,42,Female,107637,16,52,35,6,9,8,225,1,Tablet,Firefox,Spring,1,1,1,158
9429,20,Male,31439,6,43,6,16,12,8,336,1,Tablet,Chrome,Spring,1,5,0,0
9430,55,Female,55902,10,96,12,12,5,9,100,1,Tablet,Chrome,Summer,0,4,1,262
9431,37,Male,22598,10,70,15,21,5,3,13,0,Tablet,Edge,Fall,0,3,0,0
9432,51,Male,112297,11,17,32,20,0,1,251,0,Mobile,Firefox,Winter,0,5,0,0
9433,61,Female,24052,10,70,23,26,1,2,8,0,Desktop,Firefox,Fall,0,3,0,0
9434,61,Female,32741,14,64,7,6,10,7,159,0,Tablet,Safari,Fall,0,4,0,0
9435,47,Female,89360,15,45,38,20,14,7,261,0,Mobile,Chrome,Spring,1,2,1,145
9436,34,Male,56288,7,36,31,14,7,6,128,0,Mobile,Firefox,Spring,0,4,0,0
9437,27,Male,21249,13,56,29,24,5,3,172,1,Desktop,Edge,Winter,0,5,0,0
9438,52,Female,42970,11,9,44,9,12,0,307,0,Mobile,Chrome,Summer,0,1,1,145
9439,37,Male,35565,7,71,28,17,0,9,356,0,Tablet,Edge,Summer,0,2,1,98
9440,35,Male,76995,11,70,12,12,9,8,153,1,Mobile,Chrome,Summer,0,2,1,227
9441,62,Male,103994,14,82,27,1,12,6,13,0,Tablet,Chrome,Fall,0,4,0,0
9442,61,Male,71656,17,108,4,20,9,0,32,0,Desktop,Safari,Summer,0,5,0,0
9443,44,Female,82134,16,56,21,22,10,4,134,1,Desktop,Edge,Spring,1,4,1,107
9444,53,Female,65765,1,112,9,8,5,2,49,0,Desktop,Edge,Spring,0,1,1,108
9445,40,Female,22014,9,53,49,28,9,1,267,0,Mobile,Edge,Spring,0,5,0,0
9446,49,Male,90480,9,33,34,12,14,2,71,0,Mobile,Chrome,Fall,0,4,0,0
9447,27,Male,119252,10,116,37,16,6,5,143,0,Mobile,Safari,Summer,1,1,0,0
9448,28,Male,134794,19,42,21,1,1,6,68,0,Mobile,Edge,Summer,0,1,0,0
9449,55,Male,128987,15,74,23,3,10,9,168,0,Desktop,Edge,Spring,0,4,1,263
9450,23,Female,34012,16,118,24,12,3,8,248,1,Desktop,Edge,Fall,0,3,0,0
9451,58,Male,149059,11,102,10,4,6,9,363,0,Desktop,Chrome,Spring,1,5,1,249
9452,64,Male,122996,17,12,38,10,12,6,104,0,Tablet,Safari,Spring,0,1,1,468
9453,51,Female,77498,19,63,6,2,10,0,214,1,Tablet,Safari,Winter,0,2,0,0
9454,53,Female,88776,13,59,21,29,14,6,158,0,Tablet,Chrome,Fall,0,1,0,0
9455,54,Female,143675,6,114,37,9,5,0,275,0,Mobile,Edge,Spring,0,4,0,0
9456,34,Male,81711,15,6,29,3,10,7,101,0,Tablet,Safari,Winter,0,4,0,0
9457,57,Male,62530,16,30,40,20,7,1,114,0,Desktop,Safari,Summer,0,3,0,0
9458,57,Male,99267,4,67,21,20,13,1,318,0,Mobile,Safari,Summer,0,2,0,0
9459,29,Male,139991,8,21,22,1,12,0,166,0,Mobile,Chrome,Summer,0,5,0,0
9460,38,Male,38018,7,63,35,5,5,8,30,0,Tablet,Edge,Winter,0,3,0,0
9461,57,Male,148236,17,92,46,5,1,7,32,1,Mobile,Firefox,Fall,1,1,1,315
9462,36,Female,128434,16,99,5,2,0,8,339,0,Mobile,Firefox,Summer,1,5,1,171
9463,20,Male,37916,2,20,15,15,4,7,116,1,Tablet,Chrome,Winter,1,5,1,132
9464,35,Female,60376,17,62,41,1,10,3,101,0,Desktop,Edge,Spring,1,1,0,0
9465,36,Female,113140,4,68,47,21,9,8,87,0,Desktop,Edge,Fall,0,2,1,161
9466,64,Female,130713,14,54,19,5,13,7,12,0,Desktop,Safari,Fall,0,3,1,173
9467,23,Male,136128,8,89,16,7,11,0,265,1,Tablet,Edge,Winter,1,2,0,0
9468,33,Male,85046,5,106,40,11,9,9,273,1,Mobile,Chrome,Fall,0,1,1,151
9469,25,Female,78742,5,30,47,26,8,4,361,0,Tablet,Edge,Summer,1,5,1,456
9470,35,Male,105566,5,21,43,10,1,8,60,1,Mobile,Firefox,Fall,1,3,1,255
9471,60,Male,97125,5,118,23,2,6,7,260,1,Desktop,Firefox,Summer,0,1,1,368
9472,56,Female,107519,3,50,4,29,8,0,137,1,Desktop,Safari,Summer,1,2,1,228
9473,29,Male,32437,6,110,21,28,3,5,267,1,Tablet,Edge,Winter,0,1,1,170
9474,62,Male,82146,1,72,24,14,3,5,235,0,Desktop,Chrome,Summer,1,1,1,447
9475,27,Male,47618,8,54,42,24,9,1,255,1,Tablet,Firefox,Spring,0,3,0,0
9476,24,Male,70767,13,47,26,21,4,1,317,1,Desktop,Chrome,Summer,1,5,0,0
9477,63,Female,29705,6,52,42,5,12,0,349,0,Desktop,Firefox,Summer,1,5,1,420
9478,18,Female,77146,18,72,2,16,12,5,226,1,Desktop,Firefox,Winter,1,4,1,109
9479,53,Male,108216,18,23,40,25,13,8,98,0,Tablet,Firefox,Fall,0,4,0,0
9480,38,Male,100912,16,106,8,2,5,7,277,0,Desktop,Chrome,Summer,0,5,0,0
9481,54,Male,71750,8,29,9,10,11,4,25,0,Tablet,Chrome,Fall,1,5,1,152
9482,41,Female,110956,17,76,2,27,6,7,62,0,Tablet,Edge,Winter,0,1,0,0
9483,42,Male,64379,8,22,14,18,8,1,84,1,Mobile,Safari,Spring,0,4,0,0
9484,24,Male,72682,15,55,20,5,5,5,24,0,Desktop,Edge,Summer,0,4,0,0
9485,59,Female,84713,10,22,2,17,13,1,197,0,Mobile,Chrome,Fall,0,3,0,0
9486,34,Male,125894,1,116,4,11,2,7,66,1,Mobile,Edge,Spring,1,4,1,245
9487,46,Female,137015,9,62,35,5,1,1,250,1,Tablet,Chrome,Winter,1,5,1,154
9488,47,Male,124869,17,68,14,21,5,4,265,0,Desktop,Firefox,Spring,1,1,0,0
9489,24,Female,76919,1,75,21,24,13,6,235,0,Mobile,Safari,Winter,0,4,1,433
9490,50,Male,80384,9,61,48,6,8,6,136,0,Desktop,Safari,Spring,0,3,1,182
9491,24,Male,71128,14,21,15,27,2,3,126,0,Desktop,Chrome,Summer,0,3,0,0
9492,41,Female,21835,5,63,39,22,3,7,96,1,Tablet,Edge,Summer,1,3,1,327
9493,28,Female,41283,6,71,20,16,2,6,314,1,Tablet,Chrome,Summer,1,2,1,19
9494,26,Female,69506,5,90,6,5,6,9,327,0,Mobile,Chrome,Winter,1,1,0,0
9495,29,Female,128101,4,19,28,21,3,4,38,0,Mobile,Chrome,Spring,1,3,0,0
9496,52,Female,73625,16,99,48,24,11,3,148,1,Tablet,Chrome,Winter,0,5,0,0
9497,21,Male,55963,16,104,43,16,13,1,47,0,Mobile,Safari,Summer,0,5,1,345
9498,53,Female,145007,10,30,2,17,5,1,79,0,Mobile,Safari,Spring,0,5,1,206
9499,45,Female,132172,14,52,28,9,5,3,28,1,Desktop,Edge,Winter,1,4,1,113
9500,30,Female,29179,13,18,34,22,8,7,278,0,Mobile,Safari,Spring,0,5,0,0
9501,40,Female,114440,4,85,14,25,4,5,232,0,Mobile,Firefox,Summer,1,1,1,196
9502,36,Male,126649,14,13,9,2,6,8,113,0,Mobile,Firefox,Fall,0,5,0,0
9503,59,Male,119210,9,11,23,19,12,1,179,1,Tablet,Chrome,Spring,1,4,0,0
9504,54,Male,31955,3,114,44,17,0,6,280,0,Desktop,Firefox,Summer,0,5,1,155
9505,56,Male,134072,10,95,35,5,7,0,226,0,Mobile,Safari,Fall,0,2,0,0
9506,41,Male,27198,15,96,22,2,1,1,73,0,Tablet,Chrome,Summer,1,1,0,0
9507,33,Female,87156,19,59,5,11,3,8,61,0,Desktop,Firefox,Spring,0,3,0,0
9508,50,Male,64588,2,16,41,1,9,7,2,0,Tablet,Edge,Winter,1,5,0,0
9509,29,Male,31766,2,21,29,9,6,8,89,1,Tablet,Safari,Spring,0,4,1,421
9510,51,Female,116626,9,77,35,27,11,6,4,0,Desktop,Chrome,Spring,0,1,1,285
9511,24,Female,73570,4,112,34,25,5,9,232,1,Desktop,Chrome,Winter,1,5,1,169
9512,28,Male,126827,5,112,4,6,3,8,58,0,Tablet,Safari,Summer,1,2,1,63
9513,48,Male,89874,2,12,45,11,7,3,127,0,Tablet,Safari,Winter,0,3,1,245
9514,46,Female,68679,7,95,49,27,13,2,269,0,Mobile,Edge,Fall,1,4,1,224
9515,30,Male,135117,19,46,9,8,12,3,221,0,Tablet,Firefox,Summer,1,5,1,268
9516,48,Female,25301,6,80,14,13,14,4,224,1,Desktop,Safari,Summer,0,5,0,0
9517,19,Female,35144,16,41,45,27,12,9,155,0,Desktop,Safari,Spring,1,2,1,476
9518,56,Male,33784,14,24,5,12,11,3,30,1,Desktop,Edge,Fall,0,4,0,0
9519,32,Male,87959,12,5,47,9,6,3,110,1,Desktop,Safari,Fall,0,1,0,0
9520,28,Male,28272,6,13,27,15,14,6,359,0,Tablet,Chrome,Spring,1,4,1,218
9521,51,Female,21573,13,115,11,5,5,3,252,0,Tablet,Edge,Winter,0,3,0,0
9522,56,Female,44419,15,28,30,15,4,3,318,0,Desktop,Safari,Spring,0,2,0,0
9523,21,Male,102339,14,38,37,2,4,8,193,0,Desktop,Safari,Spring,1,3,0,0
9524,28,Male,118770,8,40,39,15,13,8,11,1,Desktop,Chrome,Summer,1,5,1,450
9525,46,Male,68555,11,8,34,20,10,4,343,1,Mobile,Chrome,Spring,0,2,1,130
9526,19,Female,25176,9,33,24,3,14,8,17,1,Tablet,Edge,Fall,0,4,0,0
9527,33,Female,56161,12,91,16,10,6,1,155,0,Desktop,Chrome,Summer,0,2,1,492
9528,56,Female,83440,6,103,30,7,10,4,117,0,Tablet,Chrome,Fall,0,1,1,90
9529,30,Male,128061,19,20,24,10,5,6,229,1,Mobile,Chrome,Fall,1,4,0,0
9530,54,Female,78862,3,12,3,26,3,7,291,1,Tablet,Safari,Spring,1,4,1,25
9531,34,Female,142121,1,95,29,10,6,4,187,1,Mobile,Safari,Summer,0,3,1,241
9532,38,Male,142082,15,43,42,8,4,8,161,0,Tablet,Firefox,Spring,1,1,1,217
9533,61,Female,35164,15,62,12,13,6,2,55,0,Mobile,Safari,Summer,0,1,0,0
9534,36,Male,97758,5,16,27,21,6,7,208,1,Tablet,Edge,Winter,1,1,1,166
9535,24,Female,136723,11,48,29,2,10,8,331,0,Mobile,Chrome,Winter,0,3,0,0
9536,55,Male,45379,1,8,2,12,1,6,52,0,Desktop,Safari,Spring,1,2,0,0
9537,25,Male,111189,10,115,29,9,11,4,19,0,Desktop,Safari,Winter,0,5,0,0
9538,30,Female,103552,11,29,40,1,3,8,242,0,Tablet,Firefox,Winter,0,2,0,0
9539,54,Male,38368,7,74,9,21,14,7,188,0,Mobile,Edge,Fall,0,2,0,0
9540,19,Female,109041,17,71,44,12,9,7,10,0,Desktop,Edge,Spring,0,4,1,392
9541,58,Male,52771,12,43,28,12,3,5,322,1,Tablet,Chrome,Winter,0,2,0,0
9542,28,Male,84950,4,28,37,3,12,1,7,0,Mobile,Edge,Fall,0,4,0,0
9543,41,Male,60245,12,89,23,24,6,3,90,1,Mobile,Safari,Summer,1,3,0,0
9544,23,Female,124302,3,10,13,8,7,0,168,0,Mobile,Edge,Spring,0,5,0,0
9545,43,Male,118906,18,101,5,13,10,9,198,1,Mobile,Firefox,Spring,0,1,0,0
9546,24,Male,92792,12,76,32,28,0,4,11,1,Tablet,Edge,Fall,1,2,1,161
9547,56,Female,63327,19,37,28,28,6,9,52,0,Mobile,Safari,Fall,0,2,0,0
9548,36,Male,66454,13,52,15,17,10,0,356,1,Mobile,Safari,Fall,0,4,0,0
9549,23,Male,113787,16,71,24,20,5,5,140,0,Desktop,Edge,Fall,0,1,1,140
9550,60,Male,143380,8,6,32,28,9,9,220,0,Mobile,Safari,Summer,0,1,0,0
9551,46,Male,66741,6,42,21,10,0,7,190,0,Mobile,Firefox,Summer,0,2,0,0
9552,60,Female,51977,10,44,5,15,13,9,329,1,Mobile,Edge,Winter,1,3,0,0
9553,56,Male,118200,10,60,37,24,13,0,151,1,Mobile,Edge,Spring,0,5,1,255
9554,19,Male,26714,6,107,36,25,7,5,296,0,Tablet,Edge,Winter,0,1,1,253
9555,36,Female,126680,8,107,28,9,4,3,198,0,Tablet,Safari,Spring,0,3,0,0
9556,21,Male,97237,18,92,32,18,12,8,306,1,Tablet,Safari,Spring,1,2,1,120
9557,23,Male,34891,17,25,23,25,6,7,64,0,Desktop,Edge,Spring,0,1,0,0
9558,54,Female,121555,10,119,16,8,7,3,147,0,Mobile,Firefox,Winter,0,1,0,0
9559,45,Female,72299,2,86,10,27,6,1,212,0,Tablet,Chrome,Spring,0,3,1,298
9560,47,Female,85167,12,39,29,14,10,5,274,0,Tablet,Chrome,Winter,1,1,0,0
9561,24,Female,85124,10,79,27,11,14,2,97,0,Desktop,Safari,Spring,0,3,0,0
9562,26,Male,113052,9,79,35,13,11,0,93,1,Desktop,Firefox,Fall,0,3,1,430
9563,42,Female,78639,16,71,42,16,13,6,329,1,Mobile,Safari,Summer,0,3,1,92
9564,50,Male,60912,7,64,45,14,11,3,300,0,Mobile,Edge,Fall,0,2,1,479
9565,18,Female,134742,9,27,24,9,9,8,314,1,Mobile,Safari,Winter,0,2,1,188
9566,23,Male,95452,6,69,23,9,11,9,62,0,Tablet,Firefox,Spring,0,5,1,277
9567,35,Female,88446,10,67,3,19,12,9,91,0,Desktop,Chrome,Summer,0,2,0,0
9568,27,Female,103790,7,27,36,5,0,2,309,1,Tablet,Firefox,Fall,1,3,0,0
9569,45,Male,81516,18,90,45,15,5,9,359,1,Mobile,Firefox,Winter,0,1,1,119
9570,28,Female,145223,11,46,14,29,10,9,61,0,Tablet,Safari,Fall,1,5,1,472
9571,50,Female,64250,1,98,4,11,14,9,306,1,Desktop,Firefox,Fall,0,5,0,0
9572,18,Female,56116,19,68,44,19,10,0,54,1,Tablet,Firefox,Summer,0,1,0,0
9573,30,Male,103521,5,70,48,6,10,1,298,0,Mobile,Safari,Fall,1,2,0,0
9574,54,Female,42151,6,85,42,10,11,3,187,1,Mobile,Firefox,Fall,0,5,1,444
9575,37,Female,145673,7,45,32,16,0,6,264,1,Mobile,Firefox,Spring,0,1,0,0
9576,18,Male,91366,4,118,20,29,3,7,238,0,Mobile,Firefox,Spring,1,2,1,289
9577,20,Male,64297,16,24,17,5,3,3,269,0,Desktop,Chrome,Winter,1,3,0,0
9578,35,Female,60888,10,13,29,18,7,2,199,1,Desktop,Firefox,Summer,0,4,0,0
9579,58,Male,76195,15,61,39,19,5,9,335,1,Mobile,Firefox,Summer,0,3,1,159
9580,31,Male,104010,13,79,32,23,12,8,358,0,Desktop,Edge,Spring,1,5,0,0
9581,48,Male,91016,8,21,4,10,13,7,299,0,Mobile,Firefox,Summer,0,2,1,386
9582,44,Female,94979,13,82,24,10,6,5,248,1,Tablet,Edge,Summer,0,4,0,0
9583,34,Female,124674,7,86,44,12,12,8,256,0,Tablet,Safari,Winter,0,2,1,340
9584,63,Male,74334,17,22,42,21,13,7,159,1,Tablet,Safari,Summer,0,5,1,201
9585,46,Female,118474,4,112,2,3,13,6,333,1,Desktop,Edge,Spring,1,4,1,314
9586,53,Male,149986,7,118,14,4,11,5,295,1,Mobile,Safari,Spring,0,3,0,0
9587,54,Female,88345,16,67,40,22,13,9,94,0,Tablet,Safari,Summer,1,5,1,129
9588,43,Male,59761,2,76,42,24,9,2,183,1,Desktop,Chrome,Spring,0,5,0,0
9589,34,Female,142617,14,97,38,12,6,5,19,1,Desktop,Edge,Fall,1,1,1,116
9590,39,Male,46930,14,76,34,7,6,3,196,0,Desktop,Safari,Summer,0,1,1,452
9591,42,Female,79117,8,30,46,12,9,4,65,0,Desktop,Edge,Summer,0,4,1,173
9592,19,Female,43095,6,96,43,3,1,6,296,0,Mobile,Safari,Winter,0,3,1,348
9593,39,Male,97482,7,76,2,18,5,6,352,0,Desktop,Edge,Fall,0,3,0,0
9594,22,Female,23991,7,88,36,19,7,8,204,0,Desktop,Firefox,Fall,1,2,0,0
9595,21,Female,43519,2,115,6,5,7,8,76,0,Mobile,Edge,Winter,1,1,1,196
9596,53,Female,46657,4,76,36,14,3,5,212,1,Mobile,Edge,Summer,1,4,1,96
9597,23,Female,20826,13,82,22,23,6,5,245,0,Tablet,Edge,Winter,1,1,0,0
9598,38,Female,62625,10,17,5,8,8,1,113,1,Mobile,Firefox,Spring,0,5,0,0
9599,30,Female,102049,9,108,38,22,7,7,30,1,Desktop,Edge,Summer,0,3,1,100
9600,54,Female,37801,15,21,41,15,1,2,247,1,Tablet,Safari,Winter,1,4,1,464
9601,42,Female,49846,12,119,22,16,12,0,236,1,Mobile,Safari,Winter,0,3,1,485
9602,43,Male,59566,10,30,48,29,10,3,177,1,Mobile,Firefox,Fall,1,5,0,0
9603,56,Female,43157,19,10,11,18,7,4,93,1,Tablet,Edge,Winter,0,5,0,0
9604,37,Male,48363,5,85,43,11,2,2,169,1,Mobile,Safari,Fall,0,2,1,68
9605,50,Female,70559,7,8,31,2,3,6,86,0,Tablet,Edge,Winter,1,2,0,0
9606,31,Male,25136,11,93,42,10,2,4,109,0,Desktop,Chrome,Fall,0,4,0,0
9607,53,Female,77937,16,11,29,11,14,9,305,0,Mobile,Edge,Summer,1,5,1,354
9608,34,Male,37421,13,21,33,5,7,4,157,0,Desktop,Firefox,Fall,0,2,0,0
9609,38,Male,145008,4,90,22,27,3,5,129,0,Tablet,Edge,Spring,0,5,1,418
9610,63,Female,146158,16,96,49,21,10,5,287,1,Mobile,Safari,Summer,0,2,1,87
9611,33,Male,98027,13,54,27,17,0,8,283,1,Mobile,Edge,Summer,0,1,0,0
9612,63,Female,27546,1,10,8,1,8,2,291,0,Desktop,Firefox,Fall,0,3,0,0
9613,33,Female,91439,4,34,48,25,8,7,8,0,Tablet,Safari,Spring,0,5,0,0
9614,37,Male,66623,15,78,6,14,0,6,40,1,Mobile,Chrome,Spring,0,4,1,146
9615,46,Female,36406,16,118,46,15,7,8,200,0,Desktop,Chrome,Fall,1,4,1,282
9616,45,Male,100485,4,60,25,7,1,4,134,1,Desktop,Edge,Summer,1,4,0,0
9617,25,Male,29825,17,43,34,8,6,6,143,0,Mobile,Edge,Winter,0,3,1,27
9618,41,Female,91823,11,18,9,28,12,7,277,0,Mobile,Chrome,Summer,1,5,1,280
9619,20,Female,130497,5,58,36,16,0,8,198,0,Tablet,Firefox,Summer,0,4,0,0
9620,42,Female,147079,13,114,31,13,5,7,310,0,Mobile,Safari,Summer,1,3,1,343
9621,36,Female,54173,12,110,19,5,9,1,345,1,Tablet,Firefox,Fall,0,1,0,0
9622,50,Female,127974,3,26,49,3,11,5,230,0,Tablet,Firefox,Winter,1,1,1,303
9623,19,Male,75619,4,61,1,13,10,3,91,0,Tablet,Firefox,Spring,0,3,1,207
9624,32,Male,103114,10,45,24,19,10,3,106,1,Tablet,Chrome,Winter,0,2,1,163
9625,39,Female,127071,9,94,34,12,9,8,87,0,Mobile,Chrome,Winter,0,3,1,489
9626,27,Female,27923,10,14,17,19,13,6,275,0,Mobile,Safari,Summer,0,5,1,65
9627,35,Female,54374,13,6,34,17,13,5,92,1,Tablet,Chrome,Winter,1,2,1,156
9628,39,Male,81713,1,71,35,11,7,1,256,1,Tablet,Safari,Winter,0,5,0,0
9629,63,Male,61411,12,52,36,27,10,0,34,1,Mobile,Safari,Spring,0,4,1,390
9630,44,Male,84368,11,46,13,3,5,9,58,1,Tablet,Chrome,Winter,0,1,0,0
9631,30,Female,28316,8,15,25,29,8,3,199,1,Mobile,Chrome,Winter,0,2,0,0
9632,50,Female,129950,14,78,12,2,14,8,243,0,Mobile,Chrome,Summer,0,5,1,115
9633,22,Male,30556,14,16,21,24,10,3,260,0,Mobile,Safari,Summer,0,5,0,0
9634,43,Female,30058,17,18,37,26,0,1,178,0,Desktop,Firefox,Fall,0,2,1,86
9635,30,Female,124554,19,34,46,14,8,7,21,1,Mobile,Safari,Fall,1,1,0,0
9636,44,Male,119987,17,109,38,26,2,5,60,0,Tablet,Safari,Fall,0,5,0,0
9637,31,Male,45482,6,64,1,22,14,0,171,1,Desktop,Edge,Winter,0,5,0,0
9638,41,Female,64494,14,81,48,21,1,3,45,1,Tablet,Edge,Fall,0,4,1,160
9639,20,Male,45005,18,34,6,17,11,9,42,0,Mobile,Firefox,Spring,1,1,1,364
9640,64,Female,104671,17,42,45,2,7,4,177,0,Desktop,Safari,Summer,0,3,1,103
9641,47,Male,109424,6,79,45,18,9,0,196,1,Desktop,Safari,Summer,0,2,1,65
9642,52,Male,52481,5,69,11,23,4,1,3,1,Tablet,Chrome,Fall,0,1,1,444
9643,31,Female,48401,13,95,16,15,12,8,295,1,Tablet,Edge,Summer,0,1,1,48
9644,29,Female,60431,16,51,22,12,0,0,48,1,Mobile,Chrome,Fall,0,4,1,24
9645,45,Male,84459,9,43,46,16,0,7,149,0,Desktop,Edge,Winter,0,2,0,0
9646,61,Female,110473,12,111,11,16,1,8,230,1,Mobile,Edge,Winter,0,3,0,0
9647,46,Male,131387,10,53,37,7,6,1,18,1,Desktop,Firefox,Summer,0,4,1,307
9648,60,Female,143311,13,105,26,6,1,1,243,1,Desktop,Chrome,Spring,0,1,0,0
9649,34,Male,137410,19,77,26,14,8,6,106,0,Tablet,Edge,Summer,0,3,0,0
9650,57,Male,140327,16,62,42,8,5,9,163,1,Tablet,Chrome,Winter,0,4,1,184
9651,38,Male,98682,17,116,21,20,3,8,32,1,Desktop,Chrome,Spring,1,3,0,0
9652,40,Female,115637,16,111,26,25,11,9,122,0,Desktop,Edge,Summer,0,1,1,51
9653,37,Male,96789,14,94,15,24,12,8,103,1,Desktop,Firefox,Summer,0,4,1,303
9654,28,Male,68504,16,93,39,19,13,2,186,0,Mobile,Firefox,Spring,1,5,0,0
9655,51,Male,23223,15,21,35,19,3,6,223,0,Desktop,Chrome,Winter,0,3,0,0
9656,27,Male,90977,12,10,11,28,2,5,350,0,Tablet,Edge,Summer,0,1,0,0
9657,27,Female,128126,5,19,9,12,8,7,46,1,Desktop,Edge,Summer,0,4,1,352
9658,60,Female,60149,11,71,42,9,1,7,126,0,Tablet,Safari,Fall,0,3,0,0
9659,23,Male,32863,5,99,23,9,8,7,148,1,Mobile,Firefox,Winter,0,1,1,314
9660,53,Male,123488,11,32,4,29,2,7,360,1,Mobile,Edge,Spring,0,3,0,0
9661,41,Female,49564,2,77,30,27,3,9,26,0,Mobile,Firefox,Spring,0,3,1,156
9662,29,Male,102189,19,48,28,5,8,5,139,0,Mobile,Safari,Fall,0,5,0,0
9663,60,Female,109624,17,119,25,26,2,8,194,0,Desktop,Safari,Spring,0,2,0,0
9664,40,Male,42499,19,22,22,14,5,4,359,1,Tablet,Chrome,Spring,1,4,0,0
9665,44,Female,127619,12,116,25,1,11,3,216,0,Tablet,Safari,Summer,0,2,1,114
9666,62,Male,146056,5,108,26,3,14,6,350,0,Mobile,Safari,Spring,0,5,1,93
9667,54,Female,109218,12,36,29,11,4,2,37,0,Tablet,Edge,Fall,0,5,0,0
9668,23,Female,52132,16,87,46,21,5,7,215,0,Mobile,Edge,Winter,0,4,1,310
9669,18,Female,146272,1,73,41,4,4,7,175,1,Tablet,Safari,Summer,0,3,0,0
9670,23,Male,24533,2,48,32,20,12,4,114,0,Mobile,Edge,Spring,0,3,0,0
9671,39,Female,102962,10,74,26,1,13,9,303,0,Tablet,Edge,Fall,0,1,1,94
9672,58,Female,100096,2,67,28,6,10,7,154,0,Desktop,Chrome,Fall,0,3,0,0
9673,41,Male,54409,10,80,20,28,2,2,281,0,Desktop,Edge,Spring,0,3,0,0
9674,42,Male,101461,18,62,48,10,1,2,277,1,Desktop,Chrome,Spring,1,1,1,192
9675,32,Male,42987,1,51,2,27,9,3,299,1,Desktop,Edge,Winter,1,2,0,0
9676,43,Male,30633,5,110,23,4,12,8,279,1,Mobile,Chrome,Fall,0,5,0,0
9677,25,Female,121601,12,21,39,17,8,4,65,0,Tablet,Chrome,Winter,0,5,1,173
9678,41,Male,76207,17,43,5,26,3,5,317,0,Tablet,Firefox,Spring,0,3,0,0
9679,55,Male,70535,19,63,21,22,9,3,330,1,Desktop,Chrome,Winter,1,1,1,199
9680,23,Male,115661,18,11,22,21,11,8,89,0,Desktop,Edge,Spring,0,3,1,273
9681,52,Male,23996,13,67,49,5,5,3,86,0,Desktop,Chrome,Winter,0,4,1,417
9682,59,Male,20014,3,61,11,2,8,2,239,0,Tablet,Safari,Summer,1,1,0,0
9683,18,Male,100431,10,79,30,1,4,1,200,0,Mobile,Chrome,Spring,0,2,1,274
9684,63,Male,21674,14,38,28,16,6,2,105,1,Desktop,Chrome,Fall,0,2,0,0
9685,53,Female,57867,8,57,36,7,11,0,64,0,Desktop,Safari,Fall,0,3,0,0
9686,29,Female,105537,10,70,17,21,13,7,204,0,Tablet,Edge,Winter,0,1,0,0
9687,55,Female,77251,2,82,21,3,4,0,176,1,Mobile,Edge,Spring,0,4,0,0
9688,28,Female,75709,13,86,37,14,14,5,39,1,Desktop,Edge,Summer,0,5,0,0
9689,29,Female,140162,5,52,36,22,11,1,140,0,Mobile,Chrome,Summer,1,1,0,0
9690,59,Male,37864,11,64,25,19,8,2,139,0,Desktop,Safari,Winter,1,4,0,0
9691,56,Male,46321,1,47,24,16,1,8,48,0,Tablet,Firefox,Summer,1,3,1,107
9692,24,Male,44082,10,77,30,22,2,8,136,0,Mobile,Edge,Spring,1,2,1,28
9693,28,Male,137734,13,107,42,6,4,5,307,0,Tablet,Safari,Fall,0,5,0,0
9694,53,Female,60131,4,8,35,25,1,6,101,0,Desktop,Safari,Summer,0,2,0,0
9695,48,Female,91493,10,116,21,24,11,4,241,0,Tablet,Edge,Spring,0,4,1,388
9696,50,Male,24210,12,82,6,1,13,6,208,1,Desktop,Firefox,Fall,0,5,1,164
9697,30,Male,134080,14,79,21,7,5,5,210,0,Desktop,Edge,Winter,1,4,0,0
9698,35,Female,140159,3,98,8,11,9,4,108,1,Desktop,Safari,Summer,0,2,1,95
9699,58,Female,135663,2,108,5,25,2,2,341,0,Desktop,Safari,Summer,1,1,1,142
9700,41,Female,84586,19,111,40,18,4,1,68,1,Tablet,Firefox,Spring,0,2,1,20
9701,26,Male,103605,11,95,10,9,4,4,71,1,Desktop,Safari,Summer,0,3,0,0
9702,48,Male,54851,7,97,31,22,9,7,98,1,Desktop,Edge,Winter,1,3,1,428
9703,58,Female,46865,18,56,30,3,7,4,109,0,Desktop,Edge,Summer,1,4,1,349
9704,27,Female,103606,14,36,21,24,8,2,164,0,Tablet,Firefox,Spring,0,3,0,0
9705,19,Male,24158,7,117,36,23,3,9,357,1,Tablet,Edge,Fall,0,1,1,141
9706,55,Male,141497,7,98,27,28,9,2,286,0,Desktop,Edge,Summer,0,1,0,0
9707,32,Male,77852,9,94,38,8,0,4,90,1,Desktop,Edge,Spring,0,5,0,0
9708,20,Male,69339,12,98,35,8,4,8,75,1,Desktop,Firefox,Winter,1,3,1,13
9709,60,Female,121086,6,55,32,23,3,7,29,1,Desktop,Firefox,Spring,0,4,0,0
9710,48,Female,40572,7,14,26,1,4,6,3,1,Tablet,Chrome,Fall,0,2,1,37
9711,23,Female,24100,4,16,4,29,10,4,318,1,Mobile,Firefox,Winter,1,1,0,0
9712,20,Male,64469,16,101,27,10,13,8,11,0,Mobile,Safari,Summer,0,5,1,20
9713,28,Male,101061,7,102,36,15,14,1,73,0,Tablet,Chrome,Winter,0,4,0,0
9714,32,Male,80861,8,86,37,10,8,5,218,0,Mobile,Safari,Winter,1,1,0,0
9715,62,Female,38456,8,43,27,26,7,6,118,0,Tablet,Firefox,Fall,0,1,1,171
9716,45,Female,75803,3,84,47,8,10,6,187,0,Mobile,Edge,Summer,0,4,1,106
9717,27,Female,85633,9,113,48,21,10,3,256,1,Tablet,Edge,Spring,0,5,1,43
9718,55,Male,95019,19,72,6,29,10,1,72,0,Mobile,Chrome,Summer,0,1,0,0
9719,64,Male,141493,13,14,18,2,7,0,213,1,Mobile,Safari,Summer,0,4,1,71
9720,24,Female,56232,7,96,26,18,7,0,72,0,Tablet,Chrome,Winter,0,4,0,0
9721,32,Male,87323,15,109,44,2,0,2,298,1,Desktop,Chrome,Winter,0,5,1,346
9722,35,Female,126067,19,86,24,25,11,6,311,0,Mobile,Edge,Spring,0,1,1,114
9723,35,Female,41788,2,77,7,21,6,4,262,0,Mobile,Firefox,Fall,0,3,0,0
9724,58,Female,118987,12,90,44,19,12,6,277,1,Mobile,Chrome,Winter,0,4,0,0
9725,41,Female,36092,8,14,14,22,3,8,248,1,Desktop,Edge,Summer,0,4,0,0
9726,19,Male,21132,8,108,13,9,5,7,87,0,Mobile,Safari,Spring,1,1,0,0
9727,57,Male,97850,13,27,26,27,3,0,210,0,Tablet,Chrome,Summer,0,5,0,0
9728,37,Male,124181,1,111,43,25,11,3,219,0,Mobile,Chrome,Winter,0,5,1,131
9729,51,Male,108118,10,81,43,25,4,4,131,0,Mobile,Firefox,Summer,0,1,1,452
9730,60,Male,113316,9,92,2,27,4,6,250,1,Mobile,Firefox,Spring,0,5,0,0
9731,43,Male,146003,2,17,46,10,0,7,268,1,Mobile,Firefox,Fall,0,1,1,165
9732,24,Female,117772,19,52,47,27,5,7,84,0,Mobile,Firefox,Fall,1,3,0,0
9733,55,Male,138524,14,113,23,4,9,3,19,0,Desktop,Firefox,Spring,0,2,0,0
9734,47,Male,33068,10,93,28,21,7,6,23,0,Mobile,Edge,Winter,0,5,0,0
9735,59,Male,67401,10,48,1,28,12,1,51,1,Desktop,Chrome,Spring,1,4,1,133
9736,22,Female,68526,8,115,32,1,4,8,268,1,Mobile,Edge,Winter,0,4,1,409
9737,28,Male,78958,14,97,12,11,13,5,92,1,Desktop,Edge,Summer,0,1,1,186
9738,18,Female,135729,13,84,46,26,9,3,185,0,Mobile,Firefox,Spring,0,1,1,92
9739,51,Male,96593,6,68,35,22,12,5,290,0,Mobile,Chrome,Spring,0,4,1,114
9740,18,Male,75041,13,44,26,2,11,6,250,1,Tablet,Firefox,Spring,1,5,0,0
9741,36,Male,119158,3,10,31,23,5,9,80,0,Mobile,Firefox,Spring,0,1,0,0
9742,19,Female,124042,13,76,12,4,4,7,319,0,Tablet,Safari,Spring,0,1,0,0
9743,38,Female,83372,19,102,29,15,0,3,132,0,Desktop,Firefox,Spring,0,1,1,267
9744,37,Male,87562,16,86,5,20,4,8,234,0,Mobile,Firefox,Summer,1,2,1,347
9745,40,Male,112099,4,47,35,25,1,5,310,1,Tablet,Edge,Summer,0,4,1,224
9746,38,Male,84046,3,36,7,13,3,0,6,0,Desktop,Edge,Summer,0,1,0,0
9747,41,Female,123669,15,53,16,1,1,2,290,1,Desktop,Chrome,Winter,0,3,0,0
9748,21,Female,88086,15,78,32,22,7,0,68,0,Tablet,Chrome,Fall,0,5,1,35
9749,29,Male,148088,18,102,17,2,13,5,13,0,Mobile,Firefox,Fall,0,3,1,315
9750,39,Female,116458,7,91,21,6,12,5,201,1,Tablet,Firefox,Summer,0,1,0,0
9751,37,Female,27089,5,23,27,7,12,6,293,1,Tablet,Safari,Spring,0,4,1,151
9752,35,Female,36623,8,88,40,19,6,0,206,0,Desktop,Safari,Fall,0,5,0,0
9753,18,Female,69641,10,56,47,4,8,0,229,1,Tablet,Edge,Spring,1,2,1,202
9754,47,Male,32043,1,56,15,18,3,4,211,1,Desktop,Chrome,Summer,0,2,0,0
9755,50,Male,86572,11,38,23,23,4,4,316,1,Tablet,Chrome,Spring,0,4,1,337
9756,41,Female,84136,3,63,8,9,14,0,269,0,Tablet,Chrome,Fall,1,3,0,0
9757,31,Female,144218,3,106,25,21,8,6,95,0,Mobile,Edge,Fall,0,1,0,0
9758,53,Female,108052,15,85,11,11,8,6,172,1,Mobile,Chrome,Fall,0,3,0,0
9759,22,Male,106700,17,112,21,5,1,5,284,1,Mobile,Edge,Winter,0,2,1,219
9760,28,Male,77061,18,9,10,25,11,6,129,0,Desktop,Edge,Summer,1,4,1,124
9761,41,Female,137957,8,70,9,24,10,5,8,0,Mobile,Chrome,Fall,0,3,1,23
9762,48,Female,26122,13,45,48,1,13,9,323,1,Mobile,Safari,Winter,0,5,1,213
9763,30,Female,67346,10,38,1,2,14,1,250,0,Desktop,Safari,Summer,0,3,0,0
9764,33,Female,145434,3,58,22,23,0,4,67,0,Tablet,Chrome,Spring,0,3,0,0
9765,41,Male,117322,14,24,6,3,2,6,274,1,Desktop,Safari,Fall,0,3,0,0
9766,30,Male,133993,13,114,30,22,9,1,35,1,Mobile,Safari,Winter,1,2,0,0
9767,41,Male,36150,3,58,34,17,0,4,300,0,Desktop,Edge,Spring,0,1,1,311
9768,43,Male,107630,13,115,13,24,5,2,98,1,Desktop,Edge,Fall,0,4,1,335
9769,19,Male,97228,9,70,22,2,7,8,127,0,Mobile,Chrome,Fall,0,5,0,0
9770,33,Male,32054,16,96,6,1,3,9,85,0,Tablet,Firefox,Summer,0,1,0,0
9771,55,Female,21767,8,22,41,2,10,0,211,1,Mobile,Chrome,Spring,1,2,0,0
9772,63,Female,24708,12,48,46,8,3,6,43,0,Desktop,Chrome,Winter,0,2,0,0
9773,18,Male,126657,12,107,24,13,10,9,240,0,Mobile,Edge,Fall,0,1,0,0
9774,28,Male,77999,19,52,21,26,14,3,302,0,Tablet,Chrome,Fall,0,2,0,0
9775,52,Male,72158,17,119,39,14,9,4,40,0,Desktop,Safari,Summer,0,2,0,0
9776,60,Female,49292,15,39,23,21,0,0,222,0,Tablet,Chrome,Summer,0,4,0,0
9777,46,Female,48082,18,83,5,12,8,4,312,1,Mobile,Firefox,Spring,1,1,1,176
9778,54,Female,54024,7,115,7,9,9,7,155,0,Mobile,Edge,Spring,0,2,1,139
9779,34,Female,112270,13,43,3,28,7,5,148,0,Desktop,Edge,Winter,0,3,0,0
9780,56,Male,128447,19,108,13,19,13,1,206,1,Mobile,Chrome,Winter,0,2,1,490
9781,59,Female,43461,16,107,12,24,13,1,313,0,Tablet,Chrome,Fall,0,2,1,350
9782,45,Male,25351,11,7,6,20,12,8,12,1,Desktop,Firefox,Summer,0,5,1,164
9783,46,Female,67031,5,23,34,7,2,0,241,0,Tablet,Safari,Summer,0,2,0,0
9784,60,Female,119053,2,91,15,26,13,1,23,1,Tablet,Safari,Summer,1,1,1,240
9785,20,Female,102628,1,87,47,10,13,7,12,0,Desktop,Edge,Fall,0,5,1,92
9786,27,Female,124720,16,22,18,24,2,5,117,1,Tablet,Chrome,Winter,0,1,0,0
9787,59,Male,144501,5,98,49,3,12,2,108,1,Desktop,Edge,Spring,0,5,1,410
9788,31,Male,59718,7,107,3,19,9,2,172,0,Desktop,Firefox,Spring,1,5,1,53
9789,29,Male,130632,9,87,22,17,3,8,39,1,Tablet,Safari,Summer,1,5,1,93
9790,64,Male,147535,4,9,35,8,3,1,42,1,Tablet,Safari,Summer,1,4,0,0
9791,59,Male,110577,19,59,28,18,1,9,222,1,Desktop,Firefox,Spring,0,5,1,473
9792,47,Male,146875,15,17,41,7,3,4,48,1,Mobile,Firefox,Summer,1,4,0,0
9793,49,Male,111212,7,38,42,27,1,6,347,0,Mobile,Edge,Fall,0,3,0,0
9794,49,Female,120017,18,92,12,7,10,5,344,0,Tablet,Edge,Fall,0,2,0,0
9795,59,Male,32777,5,22,1,23,14,0,323,1,Mobile,Firefox,Summer,1,5,1,48
9796,49,Female,109856,13,72,36,20,10,9,35,0,Mobile,Edge,Winter,1,3,0,0
9797,43,Male,28308,3,104,30,23,6,2,256,1,Desktop,Edge,Fall,0,1,0,0
9798,18,Female,63441,6,76,23,26,4,4,353,0,Desktop,Safari,Spring,0,2,0,0
9799,59,Male,133682,12,47,37,16,6,2,293,1,Mobile,Chrome,Spring,1,3,1,406
9800,19,Female,100865,18,69,28,15,5,2,272,1,Tablet,Firefox,Winter,0,4,1,10
9801,34,Male,33882,18,45,49,14,1,4,18,1,Mobile,Chrome,Winter,1,5,0,0
9802,47,Male,134883,4,42,5,16,13,7,224,1,Desktop,Firefox,Winter,1,1,1,212
9803,56,Male,24714,14,104,36,27,11,9,127,0,Mobile,Firefox,Fall,0,5,1,73
9804,24,Male,111586,14,42,47,24,1,7,332,0,Mobile,Edge,Spring,0,2,0,0
9805,44,Female,63432,1,17,10,9,0,7,298,0,Tablet,Edge,Spring,0,1,0,0
9806,26,Male,101289,11,26,5,23,12,5,2,1,Mobile,Firefox,Winter,0,5,0,0
9807,39,Male,115515,9,33,14,22,0,8,53,1,Desktop,Firefox,Spring,0,5,0,0
9808,51,Female,130625,18,13,24,21,12,4,218,1,Desktop,Edge,Spring,0,5,0,0
9809,63,Male,100166,5,95,28,10,4,9,60,1,Tablet,Edge,Fall,0,4,0,0
9810,18,Female,145934,10,114,21,15,4,6,35,1,Tablet,Chrome,Winter,0,2,0,0
9811,26,Female,37658,15,112,45,26,6,0,161,1,Mobile,Safari,Summer,0,1,1,499
9812,37,Male,89245,10,72,40,23,0,3,297,0,Mobile,Safari,Spring,0,2,1,47
9813,36,Male,118642,16,108,12,10,4,0,191,0,Tablet,Chrome,Summer,0,2,0,0
9814,53,Female,125065,4,21,20,2,1,9,345,1,Tablet,Firefox,Spring,0,3,0,0
9815,57,Male,138199,4,41,32,5,9,1,260,1,Desktop,Edge,Summer,0,2,0,0
9816,62,Female,122579,8,68,38,29,0,5,277,1,Desktop,Firefox,Fall,1,3,0,0
9817,21,Male,147597,6,71,40,8,6,0,112,1,Mobile,Safari,Summer,1,5,1,472
9818,26,Male,97027,11,8,42,6,14,8,132,0,Mobile,Edge,Spring,0,5,1,123
9819,58,Female,70808,13,44,21,6,2,5,95,1,Tablet,Chrome,Spring,0,1,0,0
9820,39,Male,59530,19,20,17,1,10,7,312,1,Mobile,Chrome,Spring,0,2,0,0
9821,35,Male,28834,11,15,1,16,8,9,241,0,Tablet,Safari,Fall,0,3,0,0
9822,29,Male,34358,2,95,44,18,14,9,260,0,Tablet,Firefox,Spring,1,3,1,117
9823,59,Female,29872,3,30,28,3,4,7,132,0,Mobile,Firefox,Summer,1,5,1,304
9824,60,Male,78694,15,99,2,7,4,1,236,0,Mobile,Firefox,Fall,0,4,0,0
9825,56,Female,107193,13,102,17,12,4,1,259,1,Mobile,Safari,Winter,1,3,0,0
9826,26,Male,143498,10,76,39,10,8,2,244,1,Desktop,Safari,Spring,1,4,1,82
9827,23,Female,70321,5,107,14,22,12,7,55,0,Desktop,Safari,Spring,0,1,0,0
9828,36,Male,110363,11,69,14,21,9,7,197,0,Desktop,Firefox,Winter,1,5,1,135
9829,64,Male,93709,14,6,44,25,12,4,83,0,Tablet,Chrome,Fall,1,4,0,0
9830,24,Female,36685,15,95,48,10,0,1,358,1,Tablet,Firefox,Spring,0,2,1,182
9831,33,Male,31333,13,49,18,23,4,3,288,1,Desktop,Safari,Spring,1,3,1,99
9832,22,Female,136254,3,47,40,9,9,3,314,0,Mobile,Edge,Spring,0,5,0,0
9833,33,Male,31356,9,7,34,27,5,6,191,0,Tablet,Safari,Summer,0,5,0,0
9834,18,Female,60584,8,38,43,11,8,3,217,1,Mobile,Edge,Fall,1,2,1,123
9835,54,Male,130453,15,84,1,19,2,9,245,0,Mobile,Safari,Fall,1,3,1,311
9836,56,Female,71362,1,69,42,27,0,5,266,0,Tablet,Safari,Summer,0,5,0,0
9837,36,Male,31344,2,68,18,8,11,1,32,0,Tablet,Edge,Winter,0,3,1,368
9838,54,Female,134491,9,11,48,28,10,1,261,1,Mobile,Safari,Winter,0,2,1,23
9839,34,Female,64619,17,39,34,25,10,4,157,0,Desktop,Chrome,Fall,0,3,0,0
9840,43,Male,125534,9,26,23,18,7,0,135,0,Tablet,Edge,Winter,0,3,1,174
9841,39,Female,127107,1,52,49,4,8,1,258,1,Tablet,Safari,Fall,0,5,0,0
9842,25,Female,101331,8,36,16,2,11,2,266,0,Tablet,Edge,Fall,0,4,1,250
9843,50,Male,115279,5,30,19,13,10,8,53,1,Desktop,Edge,Summer,0,5,1,229
9844,19,Male,141276,11,10,37,23,5,8,312,0,Desktop,Edge,Spring,0,2,0,0
9845,47,Male,21943,6,50,6,14,4,6,40,1,Mobile,Chrome,Summer,1,2,1,425
9846,64,Male,110185,17,59,24,20,11,4,186,0,Tablet,Safari,Spring,0,1,1,427
9847,37,Male,80217,18,79,17,28,7,1,247,1,Tablet,Chrome,Spring,0,2,1,479
9848,35,Male,132319,18,99,48,22,11,1,76,0,Tablet,Edge,Summer,0,1,1,44
9849,60,Female,41021,5,59,16,24,5,7,92,1,Desktop,Edge,Fall,0,2,0,0
9850,27,Female,28348,5,89,39,15,5,2,221,1,Tablet,Firefox,Spring,0,5,1,214
9851,41,Female,97286,19,61,48,13,8,6,205,1,Tablet,Firefox,Fall,0,3,1,146
9852,21,Male,90921,13,119,41,6,8,5,114,0,Mobile,Firefox,Summer,0,4,0,0
9853,54,Male,36639,7,90,6,20,0,5,82,1,Desktop,Edge,Fall,0,2,0,0
9854,21,Female,105030,14,67,16,6,11,2,227,1,Mobile,Chrome,Summer,1,3,1,128
9855,30,Female,84566,8,5,9,1,1,5,22,0,Tablet,Edge,Summer,1,1,0,0
9856,42,Male,62011,3,25,29,15,0,3,209,0,Mobile,Edge,Winter,0,5,0,0
9857,30,Female,134577,4,113,4,6,1,0,272,1,Tablet,Chrome,Fall,1,2,0,0
9858,35,Male,123336,10,24,26,27,2,7,325,0,Tablet,Safari,Spring,0,4,0,0
9859,41,Male,124565,4,77,38,15,12,8,128,0,Mobile,Firefox,Winter,0,5,1,186
9860,19,Female,137105,18,95,26,15,13,2,342,0,Mobile,Edge,Winter,0,4,0,0
9861,50,Male,38640,12,33,14,14,12,0,248,1,Tablet,Edge,Spring,0,2,1,415
9862,36,Male,55402,15,47,35,10,1,0,273,0,Desktop,Safari,Fall,0,1,0,0
9863,26,Male,85088,13,101,49,29,5,0,189,0,Desktop,Firefox,Summer,0,5,0,0
9864,45,Male,80240,12,49,43,27,3,8,331,0,Mobile,Safari,Winter,0,5,1,160
9865,52,Female,21891,8,69,24,8,14,9,300,1,Desktop,Firefox,Winter,1,3,0,0
9866,56,Male,48259,9,7,8,4,4,4,228,0,Desktop,Edge,Fall,1,3,0,0
9867,27,Male,83021,9,100,40,25,9,2,297,0,Tablet,Firefox,Summer,1,4,1,384
9868,18,Female,48987,17,24,25,22,8,9,236,1,Mobile,Edge,Summer,0,5,0,0
9869,59,Male,72616,1,85,4,6,1,8,234,0,Mobile,Chrome,Summer,0,1,0,0
9870,38,Male,30683,6,41,15,20,2,9,360,1,Mobile,Chrome,Spring,0,2,0,0
9871,26,Female,81083,7,42,16,24,13,8,183,0,Mobile,Chrome,Spring,0,3,1,108
9872,64,Female,29967,9,117,11,21,9,5,259,0,Tablet,Safari,Fall,0,4,1,192
9873,32,Male,97664,10,78,28,28,0,4,91,1,Tablet,Safari,Summer,0,4,1,101
9874,52,Male,60194,4,111,7,17,14,0,109,1,Desktop,Edge,Spring,1,2,1,417
9875,22,Female,120274,16,49,38,23,1,5,240,1,Mobile,Safari,Summer,1,5,1,43
9876,58,Male,113831,12,97,24,24,0,4,13,1,Tablet,Safari,Summer,0,5,0,0
9877,39,Male,105873,9,46,31,22,13,8,179,1,Tablet,Safari,Spring,0,5,1,492
9878,58,Male,82661,3,50,4,7,8,6,182,0,Mobile,Chrome,Spring,0,4,0,0
9879,40,Female,107738,9,64,37,12,2,2,146,1,Desktop,Safari,Summer,0,1,1,151
9880,24,Male,92307,17,100,35,23,2,4,296,0,Desktop,Firefox,Spring,0,3,0,0
9881,40,Female,63452,14,17,6,4,12,5,97,1,Tablet,Safari,Winter,0,5,0,0
9882,61,Female,32857,5,35,46,14,6,1,209,0,Tablet,Firefox,Winter,0,1,0,0
9883,42,Female,51301,1,72,33,4,0,6,44,0,Mobile,Chrome,Winter,1,2,0,0
9884,44,Female,75900,1,66,32,16,8,8,234,1,Mobile,Edge,Summer,0,2,1,181
9885,58,Male,51460,3,53,46,28,6,9,93,1,Desktop,Safari,Winter,0,2,1,176
9886,23,Female,106923,9,22,38,1,14,8,136,0,Tablet,Edge,Fall,0,4,1,103
9887,51,Male,69800,6,79,35,18,8,4,164,0,Desktop,Edge,Summer,0,5,0,0
9888,26,Female,29832,9,110,17,19,7,7,29,1,Desktop,Edge,Spring,0,2,0,0
9889,50,Female,67408,4,57,32,21,4,8,217,0,Desktop,Edge,Spring,1,4,0,0
9890,23,Male,32626,19,22,14,10,11,5,30,0,Desktop,Safari,Winter,1,3,1,170
9891,54,Female,77872,5,55,19,25,2,3,248,0,Tablet,Firefox,Summer,0,1,0,0
9892,48,Female,104021,5,45,24,5,10,3,220,0,Desktop,Edge,Fall,0,1,0,0
9893,51,Male,98959,14,105,39,13,8,2,47,1,Tablet,Chrome,Summer,0,3,1,25
9894,58,Female,116939,10,101,11,6,4,8,162,0,Tablet,Chrome,Winter,0,2,0,0
9895,46,Female,116159,16,105,7,23,8,9,144,1,Mobile,Firefox,Winter,0,4,0,0
9896,31,Female,36802,6,71,45,4,2,5,248,0,Desktop,Edge,Spring,0,1,1,480
9897,53,Male,36333,14,69,24,16,5,7,74,1,Desktop,Chrome,Spring,0,4,0,0
9898,53,Female,55120,18,87,24,8,12,1,29,0,Tablet,Safari,Spring,1,1,1,74
9899,32,Male,113621,9,10,14,16,1,3,250,0,Desktop,Chrome,Winter,0,2,0,0
9900,25,Male,42159,7,78,24,11,2,1,121,0,Desktop,Edge,Spring,0,2,0,0
9901,43,Male,44660,18,41,11,22,1,2,15,0,Desktop,Edge,Fall,1,5,1,229
9902,53,Female,76843,10,16,8,27,11,1,220,0,Mobile,Edge,Spring,0,2,0,0
9903,38,Female,145179,2,112,44,1,1,8,307,0,Tablet,Edge,Summer,1,5,1,434
9904,45,Female,54519,13,85,15,22,4,8,312,0,Tablet,Chrome,Spring,0,2,0,0
9905,21,Female,114333,6,95,42,18,9,5,170,1,Mobile,Safari,Spring,1,4,1,202
9906,33,Male,104577,9,6,2,4,3,6,175,0,Tablet,Edge,Summer,0,5,0,0
9907,39,Male,64935,8,57,24,11,10,4,320,0,Desktop,Edge,Spring,0,5,0,0
9908,29,Female,42507,10,29,45,20,3,9,117,1,Desktop,Firefox,Fall,0,4,0,0
9909,33,Female,91060,16,114,10,10,12,0,349,1,Desktop,Chrome,Summer,1,3,1,242
9910,57,Male,104271,15,112,32,16,7,3,2,0,Mobile,Safari,Spring,0,1,1,130
9911,55,Female,77223,13,32,17,29,13,3,32,0,Mobile,Safari,Spring,0,2,1,478
9912,59,Female,47675,18,49,10,10,5,7,310,0,Mobile,Safari,Spring,1,1,1,178
9913,54,Female,133487,6,41,22,5,9,4,298,0,Desktop,Firefox,Spring,1,2,0,0
9914,46,Female,37673,9,105,6,26,1,2,158,1,Tablet,Chrome,Spring,1,5,0,0
9915,35,Female,129619,18,21,27,28,12,0,265,1,Mobile,Edge,Winter,0,3,1,282
9916,27,Female,55470,7,73,20,18,0,0,275,1,Desktop,Chrome,Winter,0,5,0,0
9917,59,Male,61603,5,60,1,22,4,4,134,1,Desktop,Firefox,Winter,0,4,1,362
9918,56,Male,104825,11,62,17,11,14,7,354,0,Desktop,Edge,Fall,0,5,0,0
9919,35,Male,51230,13,87,1,3,6,8,257,0,Desktop,Firefox,Winter,0,2,0,0
9920,18,Male,34542,3,8,37,9,4,9,262,1,Tablet,Safari,Winter,0,4,1,241
9921,56,Female,130563,1,107,15,15,11,9,99,0,Desktop,Firefox,Spring,1,2,1,487
9922,38,Female,81407,4,59,1,22,3,1,157,0,Desktop,Edge,Fall,1,1,0,0
9923,18,Male,73821,19,53,17,19,4,4,194,0,Tablet,Edge,Summer,0,2,0,0
9924,32,Male,55690,18,111,46,19,10,3,74,0,Tablet,Firefox,Summer,0,3,0,0
9925,21,Male,26654,6,42,45,5,9,2,287,0,Desktop,Chrome,Fall,0,2,1,33
9926,37,Male,87557,10,49,43,6,7,7,72,0,Mobile,Chrome,Spring,0,3,0,0
9927,27,Male,132259,7,112,44,4,4,1,295,0,Mobile,Chrome,Summer,0,5,0,0
9928,40,Female,105544,12,34,38,12,8,1,313,0,Desktop,Safari,Winter,0,5,0,0
9929,58,Female,108264,8,100,43,5,9,4,125,0,Tablet,Safari,Winter,1,2,1,218
9930,51,Male,109698,13,41,2,3,6,9,156,0,Desktop,Safari,Fall,1,1,1,436
9931,63,Male,47446,18,60,18,10,10,9,31,0,Desktop,Safari,Summer,1,1,0,0
9932,50,Female,115515,14,31,12,13,12,9,13,0,Tablet,Chrome,Spring,0,3,0,0
9933,51,Female,68484,11,36,29,4,13,0,71,1,Tablet,Chrome,Winter,0,2,0,0
9934,56,Female,64078,10,110,23,24,10,6,51,1,Mobile,Firefox,Fall,0,3,1,109
9935,27,Male,134824,6,15,47,8,13,8,65,1,Mobile,Safari,Spring,0,5,1,426
9936,37,Female,24225,13,109,9,1,1,1,45,1,Desktop,Firefox,Spring,0,2,1,363
9937,18,Male,144098,10,62,8,20,8,9,113,1,Tablet,Safari,Winter,0,2,0,0
9938,30,Male,94745,12,81,16,2,1,0,53,1,Desktop,Edge,Spring,0,2,0,0
9939,18,Female,130196,1,39,23,4,5,8,282,1,Desktop,Safari,Fall,0,3,0,0
9940,22,Female,101259,18,21,29,21,13,1,110,1,Tablet,Safari,Summer,0,2,0,0
9941,33,Female,65487,13,34,10,1,7,8,144,0,Mobile,Chrome,Winter,0,4,0,0
9942,32,Male,88676,4,22,12,28,1,7,268,0,Desktop,Edge,Fall,0,3,0,0
9943,45,Female,31721,6,105,12,21,5,6,246,0,Tablet,Safari,Spring,1,1,0,0
9944,48,Female,22587,18,116,30,7,4,0,272,1,Mobile,Edge,Winter,0,1,0,0
9945,40,Male,128878,5,34,10,5,14,3,347,0,Mobile,Firefox,Spring,0,4,0,0
9946,62,Female,59437,18,94,14,23,6,6,52,1,Tablet,Firefox,Winter,0,1,0,0
9947,60,Female,38989,5,20,4,13,9,5,217,0,Tablet,Chrome,Spring,0,2,0,0
9948,34,Male,52726,7,79,47,25,12,0,83,0,Tablet,Safari,Spring,0,5,0,0
9949,51,Male,90540,9,58,20,13,4,6,76,0,Desktop,Chrome,Winter,0,1,0,0
9950,30,Male,145967,3,8,41,8,13,1,152,1,Desktop,Firefox,Summer,0,3,1,146
9951,31,Male,99837,12,109,39,17,13,7,114,0,Tablet,Safari,Fall,1,1,1,478
9952,28,Male,118215,14,19,7,10,14,1,58,0,Desktop,Edge,Fall,0,4,0,0
9953,45,Female,113639,8,80,30,10,14,3,167,1,Desktop,Chrome,Fall,0,2,1,447
9954,59,Female,145437,12,31,41,2,2,5,257,1,Tablet,Safari,Fall,0,1,1,297
9955,49,Male,61168,7,116,24,6,5,7,346,0,Desktop,Firefox,Summer,0,2,1,349
9956,52,Female,84669,9,8,10,21,6,2,88,0,Tablet,Edge,Fall,0,4,0,0
9957,48,Female,93040,12,39,45,1,0,5,189,1,Desktop,Safari,Winter,1,1,0,0
9958,34,Male,122114,4,89,38,18,7,5,48,1,Tablet,Safari,Winter,0,4,0,0
9959,64,Male,91616,5,67,36,3,7,0,62,0,Desktop,Chrome,Summer,0,2,1,142
9960,26,Male,27408,9,104,17,26,12,5,209,0,Mobile,Edge,Fall,0,5,0,0
9961,27,Female,24153,7,70,21,21,3,0,208,1,Mobile,Chrome,Spring,0,5,0,0
9962,25,Male,144887,14,119,46,7,13,8,69,1,Tablet,Edge,Fall,0,3,1,352
9963,38,Female,31055,17,43,3,16,13,3,69,0,Desktop,Safari,Spring,1,2,0,0
9964,30,Female,39760,1,32,1,22,7,4,52,0,Tablet,Edge,Spring,0,1,1,335
9965,22,Female,37752,15,38,18,3,2,0,107,0,Mobile,Safari,Summer,0,4,0,0
9966,23,Female,109729,15,37,2,6,12,0,46,1,Mobile,Firefox,Winter,0,4,1,340
9967,47,Male,23800,1,54,40,4,14,8,145,0,Mobile,Firefox,Fall,0,2,0,0
9968,48,Female,86573,15,64,48,16,4,5,85,0,Mobile,Firefox,Spring,0,5,0,0
9969,34,Male,50054,2,76,4,3,2,9,30,0,Mobile,Chrome,Winter,0,4,0,0
9970,28,Female,81816,4,76,32,4,1,9,177,1,Desktop,Edge,Fall,0,3,1,331
9971,37,Male,46866,17,46,19,11,4,5,33,0,Tablet,Firefox,Summer,0,2,0,0
9972,26,Male,20992,16,118,20,24,7,4,314,0,Tablet,Edge,Summer,0,1,1,375
9973,19,Male,43696,18,90,42,17,8,5,362,1,Desktop,Chrome,Fall,0,4,1,138
9974,54,Female,80282,16,95,49,19,4,7,349,1,Desktop,Firefox,Fall,0,1,1,43
9975,18,Female,122814,8,32,49,26,2,6,234,1,Tablet,Firefox,Summer,0,5,1,427
9976,21,Female,118697,6,79,7,28,11,6,167,0,Mobile,Edge,Spring,0,5,1,181
9977,53,Male,93541,2,31,9,8,2,8,230,1,Desktop,Firefox,Spring,0,1,1,403
9978,42,Female,72838,19,5,7,28,7,8,249,1,Desktop,Safari,Winter,1,4,0,0
9979,20,Female,49400,13,107,27,14,2,8,199,1,Tablet,Safari,Spring,0,5,1,177
9980,26,Female,102277,6,96,21,26,8,0,37,0,Mobile,Firefox,Winter,0,4,0,0
9981,39,Male,138692,6,95,35,16,9,5,15,0,Desktop,Safari,Winter,0,4,1,76
9982,40,Female,148575,13,12,24,25,14,4,93,1,Desktop,Chrome,Fall,0,5,0,0
9983,29,Female,37565,1,50,32,19,0,7,266,0,Mobile,Chrome,Summer,0,4,0,0
9984,27,Male,59585,9,28,12,16,14,9,276,1,Desktop,Edge,Winter,1,3,1,320
9985,51,Male,54833,12,119,23,25,0,7,122,1,Tablet,Safari,Fall,0,5,1,478
9986,60,Male,141559,12,44,36,10,4,7,237,1,Tablet,Firefox,Spring,0,1,1,228
9987,27,Male,32094,4,55,49,15,3,4,137,1,Mobile,Safari,Spring,1,3,0,0
9988,47,Male,51280,19,104,29,27,2,9,198,0,Tablet,Safari,Winter,1,1,0,0
9989,39,Male,66647,16,28,3,26,0,9,276,0,Desktop,Edge,Winter,0,5,0,0
9990,23,Female,64378,12,110,43,4,6,0,64,1,Tablet,Chrome,Winter,0,2,1,121
9991,19,Female,39513,1,26,8,28,0,3,341,1,Mobile,Firefox,Spring,1,4,0,0
9992,47,Male,20154,4,78,34,4,5,6,120,0,Tablet,Chrome,Winter,0,3,0,0
9993,19,Female,115798,9,72,14,29,9,1,135,0,Desktop,Safari,Winter,0,4,0,0
9994,49,Male,48134,7,12,36,13,1,6,102,0,Desktop,Safari,Winter,0,3,0,0
9995,59,Female,128050,10,107,48,12,13,4,64,1,Tablet,Firefox,Summer,0,2,1,217
9996,33,Male,28678,13,62,46,15,3,5,304,0,Mobile,Edge,Summer,1,2,1,439
9997,29,Male,26294,8,19,32,29,7,5,226,0,Mobile,Firefox,Spring,0,5,1,69
9998,18,Female,29574,10,12,7,23,2,4,303,0,Tablet,Chrome,Summer,0,1,0,0
9999,25,Female,55183,10,97,10,13,8,9,192,1,Mobile,Firefox,Spring,0,3,1,425
10000,30,Female,68747,8,46,12,6,4,6,323,0,Desktop,Edge,Summer,1,1,1,109
